[02Sep2026 01:01:08.851] [main/INFO] [cpw.mods.modlauncher.Launcher/MODLAUNCHER]: ModLauncher running: args [--launchTarget, forgeserver, --fml.forgeVersion, 47.4.4, --fml.mcVersion, 1.20.1, --fml.forgeGroup, net.minecraftforge, --fml.mcpVersion, 20230612.114412, nogui]
[02Sep2026 01:01:08.856] [main/INFO] [cpw.mods.modlauncher.Launcher/MODLAUNCHER]: ModLauncher 10.0.9+10.0.9+main.dcd20f30 starting: java version 17.0.20 by Ubuntu; OS Linux arch amd64 version 6.8.0-1052-azure
[02Sep2026 01:01:24.682] [main/INFO] [net.minecraftforge.fml.loading.ImmediateWindowHandler/]: ImmediateWindowProvider not loading because launch target is forgeserver
[02Sep2026 01:01:24.690] [main/INFO] [settingdust.lazyyyyy.forge.core.LazyyyyyHacksInjector/]: Constructing
[02Sep2026 01:01:24.692] [main/INFO] [settingdust.lazyyyyy.forge.core.LazyyyyyHacksInjector/]: Injecting bootstrap
[02Sep2026 01:01:24.751] [main/INFO] [settingdust.lazyyyyy.forge.core.LazyyyyyHacksInjector/]: Transforming Resolver#makeGraph
[02Sep2026 01:01:24.799] [main/INFO] [settingdust.lazyyyyy.forge.core.LazyyyyyHacksInjector/]: Injecting mc bootstrap
[02Sep2026 01:01:24.933] [main/INFO] [mixin-booster/]: Mixin Booster org.sinytra.mixinbooster.MixinTransformationService is definitely up to no good...
[02Sep2026 01:01:25.003] [main/INFO] [mixin-booster/]: Crimes against java were committed by org.sinytra.mixinbooster.MixinTransformationService
[02Sep2026 01:01:25.021] [main/INFO] [mixin-booster/]: Original mixin transformation service successfully crobbed by mixin-booster!
[02Sep2026 01:01:25.064] [main/INFO] [settingdust.lazyyyyy.forge.core.LazyyyyyHacksInjector/]: Initializing
[02Sep2026 01:01:25.108] [main/INFO] [mixin/]: SpongePowered MIXIN Subsystem Version=0.8.5 Source=union:/workspaces/maincra/servidor_minecraft/mods/mixin-booster-0.1.3+1.20.1.jar%23259%23262!/ Service=ModLauncher Env=SERVER
[02Sep2026 01:01:26.286] [main/WARN] [net.minecraftforge.fml.loading.moddiscovery.ModFileParser/LOADING]: Mod file /workspaces/maincra/servidor_minecraft/libraries/net/minecraftforge/fmlcore/1.20.1-47.4.4/fmlcore-1.20.1-47.4.4.jar is missing mods.toml file
[02Sep2026 01:01:26.289] [main/WARN] [net.minecraftforge.fml.loading.moddiscovery.ModFileParser/LOADING]: Mod file /workspaces/maincra/servidor_minecraft/libraries/net/minecraftforge/javafmllanguage/1.20.1-47.4.4/javafmllanguage-1.20.1-47.4.4.jar is missing mods.toml file
[02Sep2026 01:01:26.292] [main/WARN] [net.minecraftforge.fml.loading.moddiscovery.ModFileParser/LOADING]: Mod file /workspaces/maincra/servidor_minecraft/libraries/net/minecraftforge/lowcodelanguage/1.20.1-47.4.4/lowcodelanguage-1.20.1-47.4.4.jar is missing mods.toml file
[02Sep2026 01:01:26.293] [main/WARN] [net.minecraftforge.fml.loading.moddiscovery.ModFileParser/LOADING]: Mod file /workspaces/maincra/servidor_minecraft/libraries/net/minecraftforge/mclanguage/1.20.1-47.4.4/mclanguage-1.20.1-47.4.4.jar is missing mods.toml file
[02Sep2026 01:01:28.195] [main/WARN] [net.minecraftforge.jarjar.selection.JarSelector/]: Attempted to select two dependency jars from JarJar which have the same identification: Mod File:  and Mod File: . Using Mod File: 
[02Sep2026 01:01:28.198] [main/WARN] [net.minecraftforge.jarjar.selection.JarSelector/]: Attempted to select a dependency jar for JarJar which was passed in as source: invincible. Using Mod File: /workspaces/maincra/servidor_minecraft/mods/epic-fight-invincible-lib-20.14.8.2-mc1.20.1-forge.jar
[02Sep2026 01:01:28.198] [main/WARN] [net.minecraftforge.jarjar.selection.JarSelector/]: Attempted to select a dependency jar for JarJar which was passed in as source: geckolib. Using Mod File: /workspaces/maincra/servidor_minecraft/mods/geckolib-forge-1.20.1-4.8.3.jar
[02Sep2026 01:01:28.199] [main/WARN] [net.minecraftforge.jarjar.selection.JarSelector/]: Attempted to select a dependency jar for JarJar which was passed in as source: curios. Using Mod File: /workspaces/maincra/servidor_minecraft/mods/curios-forge-5.14.1+1.20.1.jar
[02Sep2026 01:01:28.199] [main/WARN] [net.minecraftforge.jarjar.selection.JarSelector/]: Attempted to select a dependency jar for JarJar which was passed in as source: vix. Using Mod File: /workspaces/maincra/servidor_minecraft/mods/VIX-1.1.0-all.jar
[02Sep2026 01:01:28.200] [main/WARN] [net.minecraftforge.jarjar.selection.JarSelector/]: Attempted to select a dependency jar for JarJar which was passed in as source: expandability. Using Mod File: /workspaces/maincra/servidor_minecraft/mods/expandability-9.0.4.jar
[02Sep2026 01:01:28.200] [main/INFO] [net.minecraftforge.fml.loading.moddiscovery.JarInJarDependencyLocator/]: Found 41 dependencies adding them to mods collection
[02Sep2026 01:01:32.011] [main/INFO] [mixin/]: Compatibility level set to JAVA_17
[02Sep2026 01:01:32.503] [main/INFO] [mixin/]: Successfully loaded Mixin Connector [com.sonicether.soundphysics.MixinConnector]
[02Sep2026 01:01:32.514] [main/INFO] [cpw.mods.modlauncher.LaunchServiceHandler/MODLAUNCHER]: Launching target 'forgeserver' with arguments [nogui]
[02Sep2026 01:01:32.924] [main/INFO] [ModernFix/]: Loaded configuration file for ModernFix 5.27.66+mc1.20.1: 110 options available, 3 override(s) found
[02Sep2026 01:01:32.925] [main/WARN] [ModernFix/]: Option 'mixin.perf.faster_structure_location' overriden (by user configuration) to 'false'
[02Sep2026 01:01:32.925] [main/WARN] [ModernFix/]: Option 'mixin.perf.dynamic_entity_renderers' overriden (by user configuration) to 'true'
[02Sep2026 01:01:32.925] [main/WARN] [ModernFix/]: Option 'mixin.feature.warn_missing_perf_mods' overriden (by user configuration) to 'false'
[02Sep2026 01:01:32.925] [main/INFO] [ModernFix/]: Applying Nashorn fix
[02Sep2026 01:01:32.937] [main/INFO] [ModernFix/]: Applied Forge config corruption patch
[02Sep2026 01:01:33.083] [main/INFO] [one.pkg.config.SewliaConfig/]: All configurations saved
[02Sep2026 01:01:33.086] [main/INFO] [one.pkg.config.SewliaConfig/]: Reloaded configuration: ModConfig
[02Sep2026 01:01:33.087] [main/INFO] [one.pkg.config.SewliaConfig/]: Successfully initialized configuration manager, loaded 1 configuration classes
[02Sep2026 01:01:33.095] [main/WARN] [settingdust.lazyyyyy.forge.core.faster_mixin.injected.FasterMixinServiceWrapper/]: Failed to read refmap mixins.epicskills.refmap.json from file:///workspaces/maincra/servidor_minecraft/mods/epicfight-skilltree-forge-20.2.9-1.20.1.jar for config mixins.epicskills.json. Find from all resources will spend extra time. Check the debug log for detail of reason. If the file is missing, let the author of the mod moving the refmap into the jar declare it
[02Sep2026 01:01:33.108] [main/WARN] [mixin/]: Reference map 'mixins.epicskills.refmap.json' for mixins.epicskills.json could not be read. If this is a development environment you can ignore this message
[02Sep2026 01:01:33.108] [main/WARN] [settingdust.lazyyyyy.forge.core.faster_mixin.injected.FasterMixinServiceWrapper/]: Failed to read refmap multiplayer_boss_fight.refmap.json from file:///workspaces/maincra/servidor_minecraft/mods/multiplayer_boss_fight-forge1.20.1-1.0.3.jar for config multiplayer_boss_fight.mixins.json. Find from all resources will spend extra time. Check the debug log for detail of reason. If the file is missing, let the author of the mod moving the refmap into the jar declare it
[02Sep2026 01:01:33.112] [main/WARN] [mixin/]: Reference map 'multiplayer_boss_fight.refmap.json' for multiplayer_boss_fight.mixins.json could not be read. If this is a development environment you can ignore this message
[02Sep2026 01:01:33.182] [main/WARN] [settingdust.lazyyyyy.forge.core.faster_mixin.injected.FasterMixinServiceWrapper/]: Failed to read refmap nitrogen_internals.refmap.json from jij:/workspaces/maincra/servidor_minecraft/mods/aether-1.20.1-1.5.2-neoforge.jar%23264!/META-INF/jarjar/nitrogen_internals-1.20.1-1.0.12-neoforge.jar for config nitrogen_internals.mixins.json. Find from all resources will spend extra time. Check the debug log for detail of reason. If the file is missing, let the author of the mod moving the refmap into the jar declare it
[02Sep2026 01:01:33.187] [main/WARN] [mixin/]: Reference map 'nitrogen_internals.refmap.json' for nitrogen_internals.mixins.json could not be read. If this is a development environment you can ignore this message
[02Sep2026 01:01:33.188] [main/WARN] [settingdust.lazyyyyy.forge.core.faster_mixin.injected.FasterMixinServiceWrapper/]: Failed to read refmap epicfight_arachne.refmap.json from file:///workspaces/maincra/servidor_minecraft/mods/epicfight_arachne-1.0.0.jar for config epicfight_arachne.mixins.json. Find from all resources will spend extra time. Check the debug log for detail of reason. If the file is missing, let the author of the mod moving the refmap into the jar declare it
[02Sep2026 01:01:33.193] [main/WARN] [mixin/]: Reference map 'epicfight_arachne.refmap.json' for epicfight_arachne.mixins.json could not be read. If this is a development environment you can ignore this message
[02Sep2026 01:01:33.200] [main/WARN] [settingdust.lazyyyyy.forge.core.faster_mixin.injected.FasterMixinServiceWrapper/]: Failed to read refmap puzzlesaccessapi.common.refmap.json from jij:/workspaces/maincra/servidor_minecraft/mods/PuzzlesLib-v8.1.33-1.20.1-Forge.jar%23376!/META-INF/jarjar/puzzlesaccessapi-forge-20.1.1.jar for config puzzlesaccessapi.common.mixins.json. Find from all resources will spend extra time. Check the debug log for detail of reason. If the file is missing, let the author of the mod moving the refmap into the jar declare it
[02Sep2026 01:01:33.203] [main/WARN] [mixin/]: Reference map 'puzzlesaccessapi.common.refmap.json' for puzzlesaccessapi.common.mixins.json could not be read. If this is a development environment you can ignore this message
[02Sep2026 01:01:33.207] [main/WARN] [settingdust.lazyyyyy.forge.core.faster_mixin.injected.FasterMixinServiceWrapper/]: Failed to read refmap fast_tpa.mixins.refmap.json from file:///workspaces/maincra/servidor_minecraft/mods/fast_tpa-forge1.20.1-1.3.0.jar for config fast_tpa.mixins.json. Find from all resources will spend extra time. Check the debug log for detail of reason. If the file is missing, let the author of the mod moving the refmap into the jar declare it
[02Sep2026 01:01:33.211] [main/WARN] [mixin/]: Reference map 'fast_tpa.mixins.refmap.json' for fast_tpa.mixins.json could not be read. If this is a development environment you can ignore this message
[02Sep2026 01:01:33.250] [main/INFO] [Puzzles Lib/]: Loading 169 mods:
	- aether 1.20.1-1.5.2-neoforge
		|-- cumulus_menus 1.20.1-1.0.1-neoforge
		\-- nitrogen_internals 1.20.1-1.0.12-neoforge
	- alexsmobs 1.22.9
	- architectury 9.2.14
	- armourers_workshop 3.2.7-beta
	- artifacts 9.5.19
	- ash_of_sin_custom_anti_seat_entity 1.0.1
	- ash_of_sin_no_more_invalid_statistic 1.0.0
	- ash_of_sin_no_more_too_many_structures 1.0.13
	- atistructures 1.4.0
	- attributefix 21.0.5
	- attributeslib 1.3.7
	- azurelib 3.1.9
	- ba_bt 1.20.1-3.0.0-beta3.2.1
	- balm 7.3.38
		\-- kuma_api 20.1.12
	- beb 6.0.0
	- better_structure_block 2.1.0
	- better_trident_model 1.2.0
		\-- simplebedrockmodel 2.5.1-forge-mc1.20.1
	- betterendcities 1.0.0-1.20.1
	- betterendisland 1.20-Forge-2.0.6
	- betterfortresses 1.20-Forge-2.0.6
	- betteroceanmonuments 1.20-Forge-3.0.4
	- beyonddimensions 0.7.19
	- biomespy 1.3.3
	- biomeswevegone 1.7.5
	- bookofdragons 1.31-1.20.1
	- bookshelf 20.2.15
	- bosses_of_mass_destruction 1.1.2
	- bountiful 6.0.4+1.20.1
	- bountiful_npc 1.0.5
	- cataclysm 3.27
	- cataclysm_dimension 1.6.2
	- cerbons_api 1.1.0
	- cinematiccataclysm 1.0.1
	- citadel 2.6.3
	- cloth_config 11.1.136
	- combat_evolution 2.2.0
	- configured 2.2.3
	- corgilib 4.0.3.4
	- coroutil 1.20.1-1.3.7
	- cosmeticarmorreworked 1.20.1-v1a
	- cristellib 1.1.6
	- cupboard 1.20.1-3.7
	- curios 5.14.1+1.20.1
	- dodge_parry_reward 20.14.3
	- dodosmobs 2.64
	- domesticationinnovation 1.7.1
	- dummmmmmy 1.20-2.0.11
	- dungeons_arise 2.1.58-1.20.x
	- efn 3.4.0
	- efn_enhance 1.1.4
	- efs_iss 1.0.3
	- enchantinginfuser 8.0.3
	- entityrespawner 1.1.0
	- epic_fight_avalon 20.12.6.4
	- epicfight 20.14.17
	- epicfight_arachne 1.0.0
	- epicfight_leonidas 1.0.1
	- epicfightx 1.2
	- epicskills 20.2.9
	- expandability 9.0.4
	- explorerscompass 1.20.1-1.3.3-forge
	- falchionmoveset 20.14.0
	- fancy_trail 1.2.3
	- fantasy_armor 1.2.4-1.20.1
	- fast_event 1.1.1
	- fast_tpa 1.3.0
	- fdlib 1.0.9
	- ferritecore 6.0.1
	- find_me 1.2.4
	- forge 47.4.4
	- ftbessentials 2001.2.4
	- ftblibrary 2001.2.12
	- ftbquests 2001.4.21
	- ftbteams 2001.3.2
	- ftbxmodcompat 2.1.3
	- fullstackwatchdog 1.0.1+1.19.2-forge
	- geckolib 4.8.3
	- hungerstrike 8.0.0
	- iceberg 1.1.25
	- incontrol 1.20-9.4.6
	- indestructible 20.13.0
	- invincible 20.14.8.2
	- irons_spellbooks 1.20.1-3.15.4
	- iss_ponder 1.0.3
		\-- ponder 1.0.92
	- jade 11.13.2+forge
	- jadeaddons 5.5.0+forge
	- jei 15.20.0.130
	- jeresources 1.4.0.247
	- kambrik 6.1.1+1.20.1
	- killcam 1.0.3
	- kotlinforforge 4.12.0
	- krypton_fnp 0.2.28.2-1.20.1
	- lazyyyyy 0.14.19
	- limitedchunks 1.8
	- lionfishapi 2.7
	- lithostitched 1.4.11
	- logbegone 1.0.8
	- lootr 0.7.35.94
	- lost_aether_content 1.2.3
	- magistuarmory 10.11
	- mimic 1.0.5
	- minecraft 1.20.1
	- mixinbooster 0.1.3+1.20.1
	- modernfix 5.27.66+mc1.20.1
	- moonlight 1.20-2.16.30
	- mowziesmobs 1.8.2
	- mr_trek 1-B0.6
	- multiplayer_boss_fight 1.0.3
	- naturescompass 1.20.1-1.12.0-forge
	- noworldgenwarning 1.0.1
	- ohthetreesyoullgrow 1.6.0
	- p1nero_bow 20.14.1.6
	- p1nero_dl 2.3.0
	- p1nero_ec 20.14.0.9
	- packetfixer 3.3.2
	- patchouli 1.20.1-85-FORGE
	- pbf1 1.1.2
	- placebo 8.6.3
	- playeranimator 1.0.2-rc1+1.20
	- prism 1.0.5
	- puzzleslib 8.1.33
		\-- puzzlesaccessapi 20.1.1
	- quark 4.0-462
	- quick_pack 1.3.2
	- radiantgear 2.2.0+1.20.1
	- resourcefulconfig 2.1.3
	- ribbits 1.20.1-Forge-3.0.5
	- servercore 1.5.2+1.20.1
	- smsn 1.4.1-1.20.1
	- sound_physics_remastered 1.20.1-1.5.1
	- spark 1.10.53
	- spiral_tower_village 0.0.3
	- structure_gel 2.16.2
	- structure_layout_optimizer 1.0.11
	- summoningrituals 1.20.1-2.0.8
	- super_golem 20.12.2
	- super_warden 20.13.0
	- supplementaries 1.20-3.1.43
	- sword_soaring 20.14.2.8
	- t_and_t 0.0NONE
	- tabstats 1.0.5
	- taxfreelevels 1.4.17
	- tcr_bosses 1.1.11
	- tcrcore 2.8.7
		|-- epic_fight_ponder 1.0.0
		\-- flywheel 1.0.2
	- tcrmeshes 1.0.0
	- tectonic 2.4.1
	- terrablender 3.0.1.10
	- tlc 1.0.2
	- travelerstitles 1.20-Forge-4.0.2
	- tudigong 1.4.1
	- uniqueaccessories 1.3.3
	- vix 1.1.0
		\-- mixinsquared 0.2.0-beta.6
	- waystones 14.1.20
	- wom 2.0.15
	- wraithon 1.1.11
	- xaerominimap 26.4.2
	- xaeroworldmap 1.44.2
		\-- xaerolib 1.7.1
	- yet_another_config_lib_v3 3.6.6+1.20.1-forge
	- yungsapi 1.20-Forge-4.0.6
	- zeta 1.0-31
[02Sep2026 01:01:33.556] [main/WARN] [settingdust.lazyyyyy.forge.core.faster_mixin.injected.FasterMixinServiceWrapper/]: Failed to read refmap epicfight_animation.refmap.json from file:///workspaces/maincra/servidor_minecraft/mods/epicfight-extra-1.2-mc1.20.1-forge-all.jar for config epicfightx.mixins.json. Find from all resources will spend extra time. Check the debug log for detail of reason. If the file is missing, let the author of the mod moving the refmap into the jar declare it
[02Sep2026 01:01:33.560] [main/WARN] [mixin/]: Reference map 'epicfight_animation.refmap.json' for epicfightx.mixins.json could not be read. If this is a development environment you can ignore this message
[02Sep2026 01:01:33.561] [main/WARN] [settingdust.lazyyyyy.forge.core.faster_mixin.injected.FasterMixinServiceWrapper/]: Failed to read refmap cristellib-forge-refmap.json from file:///workspaces/maincra/servidor_minecraft/mods/cristellib-1.1.6-forge.jar for config cristellib.mixins.json. Find from all resources will spend extra time. Check the debug log for detail of reason. If the file is missing, let the author of the mod moving the refmap into the jar declare it
[02Sep2026 01:01:33.565] [main/WARN] [mixin/]: Reference map 'cristellib-forge-refmap.json' for cristellib.mixins.json could not be read. If this is a development environment you can ignore this message
[02Sep2026 01:01:33.566] [main/WARN] [settingdust.lazyyyyy.forge.core.faster_mixin.injected.FasterMixinServiceWrapper/]: Failed to read refmap epigfight_leonidas.refmap.json from file:///workspaces/maincra/servidor_minecraft/mods/epicfight_leonidas-1.0.1.jar for config epicfight_leonidas.mixins.json. Find from all resources will spend extra time. Check the debug log for detail of reason. If the file is missing, let the author of the mod moving the refmap into the jar declare it
[02Sep2026 01:01:33.570] [main/WARN] [mixin/]: Reference map 'epigfight_leonidas.refmap.json' for epicfight_leonidas.mixins.json could not be read. If this is a development environment you can ignore this message
[02Sep2026 01:01:33.578] [main/WARN] [settingdust.lazyyyyy.forge.core.faster_mixin.injected.FasterMixinServiceWrapper/]: Failed to read refmap mimic.refmap.json from file:///workspaces/maincra/servidor_minecraft/mods/mimic-1.0.5.jar for config mimic.mixins.json. Find from all resources will spend extra time. Check the debug log for detail of reason. If the file is missing, let the author of the mod moving the refmap into the jar declare it
[02Sep2026 01:01:33.585] [main/WARN] [mixin/]: Reference map 'mimic.refmap.json' for mimic.mixins.json could not be read. If this is a development environment you can ignore this message
[02Sep2026 01:01:33.603] [main/WARN] [settingdust.lazyyyyy.forge.core.faster_mixin.injected.FasterMixinServiceWrapper/]: Failed to read refmap CerbonsAPI-Forge-1.20.1-forge-refmap.json from file:///workspaces/maincra/servidor_minecraft/mods/CerbonsAPI-Forge-1.20.1-1.1.0.jar for config cerbons_api.mixins.json. Find from all resources will spend extra time. Check the debug log for detail of reason. If the file is missing, let the author of the mod moving the refmap into the jar declare it
[02Sep2026 01:01:33.610] [main/WARN] [mixin/]: Reference map 'CerbonsAPI-Forge-1.20.1-forge-refmap.json' for cerbons_api.mixins.json could not be read. If this is a development environment you can ignore this message
[02Sep2026 01:01:33.619] [main/WARN] [settingdust.lazyyyyy.forge.core.faster_mixin.injected.FasterMixinServiceWrapper/]: Failed to read refmap entityrespawner.refmap.json from file:///workspaces/maincra/servidor_minecraft/mods/entityrespawner-1.1.0.jar for config entityrespawner.mixins.json. Find from all resources will spend extra time. Check the debug log for detail of reason. If the file is missing, let the author of the mod moving the refmap into the jar declare it
[02Sep2026 01:01:33.622] [main/WARN] [mixin/]: Reference map 'entityrespawner.refmap.json' for entityrespawner.mixins.json could not be read. If this is a development environment you can ignore this message
[02Sep2026 01:01:33.622] [main/WARN] [settingdust.lazyyyyy.forge.core.faster_mixin.injected.FasterMixinServiceWrapper/]: Failed to read refmap limitedchunks.refmap.json from file:///workspaces/maincra/servidor_minecraft/mods/limitedchunks-1.20.1-4.1.jar for config limitedchunks.mixins.json. Find from all resources will spend extra time. Check the debug log for detail of reason. If the file is missing, let the author of the mod moving the refmap into the jar declare it
[02Sep2026 01:01:33.625] [main/WARN] [mixin/]: Reference map 'limitedchunks.refmap.json' for limitedchunks.mixins.json could not be read. If this is a development environment you can ignore this message
[02Sep2026 01:01:33.631] [main/WARN] [settingdust.lazyyyyy.forge.core.faster_mixin.injected.FasterMixinServiceWrapper/]: Failed to read refmap TaxFreeLevels-common-refmap.json from file:///workspaces/maincra/servidor_minecraft/mods/TaxFreeLevels-1.4.17-forge-1.20.1.jar for config taxfreelevels-common-forge.mixins.json. Find from all resources will spend extra time. Check the debug log for detail of reason. If the file is missing, let the author of the mod moving the refmap into the jar declare it
[02Sep2026 01:01:33.636] [main/WARN] [mixin/]: Reference map 'TaxFreeLevels-common-refmap.json' for taxfreelevels-common-forge.mixins.json could not be read. If this is a development environment you can ignore this message
[02Sep2026 01:01:33.639] [main/WARN] [settingdust.lazyyyyy.forge.core.faster_mixin.injected.FasterMixinServiceWrapper/]: Failed to read refmap tcrmeshes.refmap.json from file:///workspaces/maincra/servidor_minecraft/mods/tcrmeshes-1.0.0.jar for config tcrmeshes.mixins.json. Find from all resources will spend extra time. Check the debug log for detail of reason. If the file is missing, let the author of the mod moving the refmap into the jar declare it
[02Sep2026 01:01:33.645] [main/WARN] [mixin/]: Reference map 'tcrmeshes.refmap.json' for tcrmeshes.mixins.json could not be read. If this is a development environment you can ignore this message
[02Sep2026 01:01:33.647] [main/WARN] [settingdust.lazyyyyy.forge.core.faster_mixin.injected.FasterMixinServiceWrapper/]: Failed to read refmap ef_bow.refmap.json from file:///workspaces/maincra/servidor_minecraft/mods/p1nero_bow-forge1.20.1-20.14.1.6.jar for config p1nero_bow.mixins.json. Find from all resources will spend extra time. Check the debug log for detail of reason. If the file is missing, let the author of the mod moving the refmap into the jar declare it
[02Sep2026 01:01:33.651] [main/WARN] [mixin/]: Reference map 'ef_bow.refmap.json' for p1nero_bow.mixins.json could not be read. If this is a development environment you can ignore this message
[02Sep2026 01:01:33.653] [main/WARN] [settingdust.lazyyyyy.forge.core.faster_mixin.injected.FasterMixinServiceWrapper/]: Failed to read refmap tudigong.refmap.json from file:///workspaces/maincra/servidor_minecraft/mods/tudigong-forge1.20.1-1.4.1.jar for config tudigong.mixins.json. Find from all resources will spend extra time. Check the debug log for detail of reason. If the file is missing, let the author of the mod moving the refmap into the jar declare it
[02Sep2026 01:01:33.656] [main/WARN] [mixin/]: Reference map 'tudigong.refmap.json' for tudigong.mixins.json could not be read. If this is a development environment you can ignore this message
[02Sep2026 01:01:33.695] [main/WARN] [settingdust.lazyyyyy.forge.core.faster_mixin.injected.FasterMixinServiceWrapper/]: Failed to read refmap p1nero_battle_field1.refmap.json from file:///workspaces/maincra/servidor_minecraft/mods/pbf1-1.1.2.jar for config pbf1.mixins.json. Find from all resources will spend extra time. Check the debug log for detail of reason. If the file is missing, let the author of the mod moving the refmap into the jar declare it
[02Sep2026 01:01:33.701] [main/WARN] [mixin/]: Reference map 'p1nero_battle_field1.refmap.json' for pbf1.mixins.json could not be read. If this is a development environment you can ignore this message
[02Sep2026 01:01:33.720] [main/WARN] [settingdust.lazyyyyy.forge.core.faster_mixin.injected.FasterMixinServiceWrapper/]: Failed to read refmap super_golem.mixin-refmap.json from file:///workspaces/maincra/servidor_minecraft/mods/super_golem-20.12.2.jar for config super_golem.mixins.json. Find from all resources will spend extra time. Check the debug log for detail of reason. If the file is missing, let the author of the mod moving the refmap into the jar declare it
[02Sep2026 01:01:33.725] [main/WARN] [mixin/]: Reference map 'super_golem.mixin-refmap.json' for super_golem.mixins.json could not be read. If this is a development environment you can ignore this message
[02Sep2026 01:01:33.727] [main/WARN] [settingdust.lazyyyyy.forge.core.faster_mixin.injected.FasterMixinServiceWrapper/]: Failed to read refmap super_warden.mixin-refmap.json from file:///workspaces/maincra/servidor_minecraft/mods/super_warden-20.13.0.jar for config super_warden.mixins.json. Find from all resources will spend extra time. Check the debug log for detail of reason. If the file is missing, let the author of the mod moving the refmap into the jar declare it
[02Sep2026 01:01:33.733] [main/WARN] [mixin/]: Reference map 'super_warden.mixin-refmap.json' for super_warden.mixins.json could not be read. If this is a development environment you can ignore this message
[02Sep2026 01:01:33.738] [main/WARN] [settingdust.lazyyyyy.forge.core.faster_mixin.injected.FasterMixinServiceWrapper/]: Failed to read refmap coroutil.refmap.json from file:///workspaces/maincra/servidor_minecraft/mods/coroutil-forge-1.20.1-1.3.7.jar for config coroutil.mixins.json. Find from all resources will spend extra time. Check the debug log for detail of reason. If the file is missing, let the author of the mod moving the refmap into the jar declare it
[02Sep2026 01:01:33.745] [main/WARN] [mixin/]: Reference map 'coroutil.refmap.json' for coroutil.mixins.json could not be read. If this is a development environment you can ignore this message
[02Sep2026 01:01:33.806] [main/INFO] [dev.tonimatas.packetfixer.mixins.v1_19_4_forge.MixinPlugin/]: Packet Fixer forge 1.19.4-1.20.1 has been applied successfully.
[02Sep2026 01:01:33.944] [main/WARN] [mixin/]: Error loading class: xaero/common/patreon/Patreon (java.lang.ClassNotFoundException: xaero.common.patreon.Patreon)
[02Sep2026 01:01:33.944] [main/WARN] [mixin/]: @Mixin target xaero.common.patreon.Patreon was not found smsn.mixins.json:xaero.minimap.PatreonMixin from mod (unknown)
[02Sep2026 01:01:33.949] [main/WARN] [mixin/]: Error loading class: xaero/map/patreon/Patreon (java.lang.ClassNotFoundException: xaero.map.patreon.Patreon)
[02Sep2026 01:01:33.949] [main/WARN] [mixin/]: @Mixin target xaero.map.patreon.Patreon was not found smsn.mixins.json:xaero.world_map.PatreonMixin from mod (unknown)
[02Sep2026 01:01:34.454] [main/INFO] [KryptonFNP ModMixinBootstrap/]: Mixin one.pkg.kfnp.mixin.network.experimental.RconClientMixin disabled
[02Sep2026 01:01:34.455] [main/INFO] [KryptonFNP ModMixinBootstrap/]: Mixin one.pkg.kfnp.mixin.network.microopt.FriendlyByteBufUtfMixin enabled
[02Sep2026 01:01:34.456] [main/INFO] [KryptonFNP ModMixinBootstrap/]: Mixin one.pkg.kfnp.mixin.network.microopt.FriendlyByteBufVarIntMixin enabled
[02Sep2026 01:01:34.456] [main/INFO] [KryptonFNP ModMixinBootstrap/]: Mixin one.pkg.kfnp.mixin.network.microopt.FriendlyByteBufVarLongMixin enabled
[02Sep2026 01:01:34.456] [main/INFO] [KryptonFNP ModMixinBootstrap/]: Mixin one.pkg.kfnp.mixin.network.microopt.ServerEntityMixin enabled
[02Sep2026 01:01:34.457] [main/INFO] [KryptonFNP ModMixinBootstrap/]: Mixin one.pkg.kfnp.mixin.network.pipeline.LegacyQueryHandlerMixin enabled
[02Sep2026 01:01:34.457] [main/INFO] [KryptonFNP ModMixinBootstrap/]: Mixin one.pkg.kfnp.mixin.network.pipeline.Varint21FrameDecoderMixin enabled
[02Sep2026 01:01:34.458] [main/INFO] [KryptonFNP ModMixinBootstrap/]: Mixin one.pkg.kfnp.mixin.network.pipeline.compression.ConnectionMixin enabled
[02Sep2026 01:01:34.458] [main/INFO] [KryptonFNP ModMixinBootstrap/]: Mixin one.pkg.kfnp.mixin.network.pipeline.encryption.ConnectionMixin enabled
[02Sep2026 01:01:34.459] [main/INFO] [KryptonFNP ModMixinBootstrap/]: Mixin one.pkg.kfnp.mixin.network.pipeline.encryption.ServerLoginPacketListenerImplMixin enabled
[02Sep2026 01:01:35.146] [main/INFO] [net.minecraftforge.coremod.CoreMod.placebo/COREMODLOG]: Patching IForgeItemStack#getEnchantmentLevel
[02Sep2026 01:01:35.173] [main/INFO] [net.minecraftforge.coremod.CoreMod.placebo/COREMODLOG]: Patching IForgeItemStack#getEnchantmentLevel
[02Sep2026 01:01:35.221] [main/WARN] [mixin/]: Error loading class: com/simibubi/create/content/equipment/armor/BacktankBlockEntity (java.lang.ClassNotFoundException: com.simibubi.create.content.equipment.armor.BacktankBlockEntity)
[02Sep2026 01:01:35.221] [main/WARN] [mixin/]: @Mixin target com.simibubi.create.content.equipment.armor.BacktankBlockEntity was not found jadeaddons.mixins.json:create.BacktankBlockEntityAccess from mod (unknown)
[02Sep2026 01:01:35.283] [main/WARN] [mixin/]: Error loading class: net/minecraft/client/player/KeyboardInput (java.lang.ClassNotFoundException: net.minecraft.client.player.KeyboardInput)
[02Sep2026 01:01:35.283] [main/WARN] [mixin/]: @Mixin target net.minecraft.client.player.KeyboardInput was not found fdlib.mixins.json:KeyboardInputMixin from mod (unknown)
[02Sep2026 01:01:35.358] [main/INFO] [settingdust.lazyyyyy.LazyyyyyMixinPlugin/]: Disabled 'lazy_entity_renderers.EntityRenderDispatcherMixin' due to config
[02Sep2026 01:01:35.359] [main/INFO] [settingdust.lazyyyyy.LazyyyyyMixinPlugin/]: Disabled 'lazy_entity_renderers.curios.Curios_ClientProxyMixin' due to config
[02Sep2026 01:01:35.359] [main/INFO] [settingdust.lazyyyyy.LazyyyyyMixinPlugin/]: Disabled 'lazy_entity_renderers.habitat.HabitatChestItemMixin' due to config
[02Sep2026 01:01:35.360] [main/INFO] [settingdust.lazyyyyy.LazyyyyyMixinPlugin/]: Disabled 'lazy_entity_renderers.supplementaries.SignPostBlockTileRendererMixin' due to config
[02Sep2026 01:01:35.360] [main/INFO] [settingdust.lazyyyyy.LazyyyyyMixinPlugin/]: Disabled 'lazy_entity_renderers.what_are_you_voting_for_2023.ClientEventBusSubscriberMixin' due to config
[02Sep2026 01:01:35.362] [main/INFO] [settingdust.lazyyyyy.LazyyyyyMixinPlugin/]: Disabled 'pack_resources_cache.ForgePathPackResourcesMixin' due to config
[02Sep2026 01:01:35.363] [main/INFO] [settingdust.lazyyyyy.LazyyyyyMixinPlugin/]: Disabled 'pack_resources_cache.PathPackResourcesMixin' due to config
[02Sep2026 01:01:35.363] [main/INFO] [settingdust.lazyyyyy.LazyyyyyMixinPlugin/]: Disabled 'pack_resources_cache.dynamic_trees.FlatTreeResourcePackMixin' due to config
[02Sep2026 01:01:35.364] [main/INFO] [settingdust.lazyyyyy.LazyyyyyMixinPlugin/]: Disabled 'pack_resources_cache.sinytra_connector.ModNioResourcePackMixin' due to config
[02Sep2026 01:01:35.369] [main/WARN] [mixin/]: Error loading class: net/jitl/client/ClientLoginChecker (java.lang.ClassNotFoundException: net.jitl.client.ClientLoginChecker)
[02Sep2026 01:01:35.369] [main/WARN] [mixin/]: @Mixin target net.jitl.client.ClientLoginChecker was not found lazyyyyy.forge.mixins.json:jitl.fix_login_crash.ClientLoginCheckerMixin from mod (unknown)
[02Sep2026 01:01:35.373] [main/WARN] [mixin/]: Error loading class: com/ultramega/cabletiers/registry/ClientEventHandler (java.lang.ClassNotFoundException: com.ultramega.cabletiers.registry.ClientEventHandler)
[02Sep2026 01:01:35.373] [main/WARN] [mixin/]: @Mixin target com.ultramega.cabletiers.registry.ClientEventHandler was not found lazyyyyy.forge.mixins.json:lazy_model_bake.cable_tiers.ClientEventHandlerMixin from mod (unknown)
[02Sep2026 01:01:35.377] [main/WARN] [mixin/]: Error loading class: com/refinedmods/refinedstorage/setup/ClientSetup (java.lang.ClassNotFoundException: com.refinedmods.refinedstorage.setup.ClientSetup)
[02Sep2026 01:01:35.377] [main/WARN] [mixin/]: @Mixin target com.refinedmods.refinedstorage.setup.ClientSetup was not found lazyyyyy.forge.mixins.json:lazy_model_bake.refined_storage.ClientSetupMixin from mod (unknown)
[02Sep2026 01:01:35.587] [main/INFO] [STDOUT/]: [org.arc.epic_ponder.mixinloader.CompatInfos:shouldMixin:48]: [Ares Hud Mixin Loader]Apply Default Mixin: org.arc.epic_ponder.mixin.epicfight.AnimationPlayerMixin.class -> yesman.epicfight.api.animation.AnimationPlayer.class
[02Sep2026 01:01:35.588] [main/INFO] [STDOUT/]: [org.arc.epic_ponder.mixinloader.CompatInfos:shouldMixin:48]: [Ares Hud Mixin Loader]Apply Default Mixin: org.arc.epic_ponder.mixin.epicfight.MixinCapabilityItem.class -> yesman.epicfight.world.capabilities.item.CapabilityItem.class
[02Sep2026 01:01:35.588] [main/INFO] [STDOUT/]: [org.arc.epic_ponder.mixinloader.CompatInfos:shouldMixin:48]: [Ares Hud Mixin Loader]Apply Default Mixin: org.arc.epic_ponder.mixin.epicfight.MixinCapabilityItem.class -> yesman.epicfight.world.capabilities.item.WeaponCapability.class
[02Sep2026 01:01:35.589] [main/INFO] [STDOUT/]: [org.arc.epic_ponder.mixinloader.CompatInfos:shouldMixin:48]: [Ares Hud Mixin Loader]Apply Default Mixin: org.arc.epic_ponder.mixin.epicfight.MixinLevelUtil.class -> yesman.epicfight.api.utils.LevelUtil.class
[02Sep2026 01:01:35.590] [main/INFO] [STDOUT/]: [org.arc.epic_ponder.mixinloader.CompatInfos:shouldMixin:48]: [Ares Hud Mixin Loader]Apply Default Mixin: org.arc.epic_ponder.mixin.epicfight.WeaponCapabilityAccessor.class -> yesman.epicfight.world.capabilities.item.WeaponCapability.class
[02Sep2026 01:01:35.591] [main/INFO] [STDOUT/]: [org.arc.epic_ponder.mixinloader.CompatInfos:shouldMixin:48]: [Ares Hud Mixin Loader]Apply Default Mixin: org.arc.epic_ponder.mixin.epicfight.client.RenderEngineEventsMixin.class -> yesman.epicfight.client.events.engine.RenderEngine$Events.class
[02Sep2026 01:01:35.591] [main/INFO] [STDOUT/]: [org.arc.epic_ponder.mixinloader.CompatInfos:shouldMixin:48]: [Ares Hud Mixin Loader]Apply Default Mixin: org.arc.epic_ponder.mixin.ponder.MixinPonderTooltipHandler.class -> net.createmod.ponder.foundation.PonderTooltipHandler.class
[02Sep2026 01:01:35.592] [main/INFO] [STDOUT/]: [org.arc.epic_ponder.mixinloader.CompatInfos:shouldMixin:48]: [Ares Hud Mixin Loader]Apply Default Mixin: org.arc.epic_ponder.mixin.ponder.MixinSchematicLevelHitbox.class -> net.createmod.catnip.levelWrappers.SchematicLevel.class
[02Sep2026 01:01:35.777] [main/WARN] [mixin/]: Error loading class: com/github/alexmodguy/alexscaves/server/event/CommonEvents (java.lang.ClassNotFoundException: com.github.alexmodguy.alexscaves.server.event.CommonEvents)
[02Sep2026 01:01:35.778] [main/WARN] [mixin/]: @Mixin target com.github.alexmodguy.alexscaves.server.event.CommonEvents was not found wolfcompass.mixins.json:AlexCaveFix from mod (unknown)
[02Sep2026 01:01:36.050] [main/WARN] [mixin/]: Error loading class: vectorwing/farmersdelight/common/block/TomatoVineBlock (java.lang.ClassNotFoundException: vectorwing.farmersdelight.common.block.TomatoVineBlock)
[02Sep2026 01:01:36.144] [main/INFO] [net.minecraftforge.coremod.CoreMod.placebo/COREMODLOG]: Patching IForgeItemStack#getEnchantmentLevel
[02Sep2026 01:01:36.145] [main/INFO] [net.minecraftforge.coremod.CoreMod.placebo/COREMODLOG]: Patching IForgeItemStack#getEnchantmentLevel
[02Sep2026 01:01:36.281] [main/INFO] [STDOUT/]: [com.hm.efn.mixinloader.CompatInfos:shouldMixin:86]: [EFN Mixin Loader]Apply Default Mixin: com.hm.efn.mixin.ActionAnimationMixin.class -> yesman.epicfight.api.animation.types.ActionAnimation.class
[02Sep2026 01:01:36.283] [main/INFO] [STDOUT/]: [com.hm.efn.mixinloader.CompatInfos:shouldMixin:86]: [EFN Mixin Loader]Apply Default Mixin: com.hm.efn.mixin.AnimationPlayerMixin.class -> yesman.epicfight.api.animation.AnimationPlayer.class
[02Sep2026 01:01:36.284] [main/INFO] [STDOUT/]: [com.hm.efn.mixinloader.CompatInfos:shouldMixin:86]: [EFN Mixin Loader]Apply Default Mixin: com.hm.efn.mixin.ArmaturesAccessor.class -> yesman.epicfight.gameasset.Armatures.class
[02Sep2026 01:01:36.285] [main/INFO] [STDOUT/]: [com.hm.efn.mixinloader.CompatInfos:shouldMixin:86]: [EFN Mixin Loader]Apply Default Mixin: com.hm.efn.mixin.GuardSkillMixin.class -> yesman.epicfight.skill.guard.GuardSkill.class
[02Sep2026 01:01:36.285] [main/INFO] [STDOUT/]: [com.hm.efn.mixinloader.CompatInfos:shouldMixin:86]: [EFN Mixin Loader]Apply Default Mixin: com.hm.efn.mixin.MixinEpicFightCameraAPI.class -> yesman.epicfight.api.client.camera.EpicFightCameraAPI.class
[02Sep2026 01:01:36.286] [main/INFO] [STDOUT/]: [com.hm.efn.mixinloader.CompatInfos:shouldMixin:86]: [EFN Mixin Loader]Apply Default Mixin: com.hm.efn.mixin.MixinInputManager.class -> com.p1nero.invincible.client.InputManager.class
[02Sep2026 01:01:36.287] [main/INFO] [STDOUT/]: [com.hm.efn.mixinloader.CompatInfos:shouldMixin:86]: [EFN Mixin Loader]Apply Default Mixin: com.hm.efn.mixin.MixinMob.class -> net.minecraft.world.entity.Mob.class
[02Sep2026 01:01:36.289] [main/INFO] [STDOUT/]: [com.hm.efn.mixinloader.CompatInfos:shouldMixin:86]: [EFN Mixin Loader]Apply Default Mixin: com.hm.efn.mixin.MixinPatchedItemInHandLayer.class -> yesman.epicfight.client.renderer.patched.layer.PatchedItemInHandLayer.class
[02Sep2026 01:01:36.291] [main/INFO] [STDOUT/]: [com.hm.efn.mixinloader.CompatInfos:shouldMixin:86]: [EFN Mixin Loader]Apply Default Mixin: com.hm.efn.mixin.NearestAttackableTargetGoalMixin.class -> net.minecraft.world.entity.ai.goal.target.NearestAttackableTargetGoal.class
[02Sep2026 01:01:36.291] [main/INFO] [STDOUT/]: [com.hm.efn.mixinloader.CompatInfos:shouldMixin:86]: [EFN Mixin Loader]Apply Default Mixin: com.hm.efn.mixin.ServerPlayerPatchMixin.class -> yesman.epicfight.world.capabilities.entitypatch.player.ServerPlayerPatch.class
[02Sep2026 01:01:36.292] [main/INFO] [STDOUT/]: [com.hm.efn.mixinloader.CompatInfos:shouldMixin:86]: [EFN Mixin Loader]Apply Default Mixin: com.hm.efn.mixin.SkillMixin.class -> yesman.epicfight.skill.Skill.class
[02Sep2026 01:01:36.292] [main/INFO] [STDOUT/]: [com.hm.efn.mixinloader.CompatInfos:shouldMixin:86]: [EFN Mixin Loader]Apply Default Mixin: com.hm.efn.mixin.UtilMixin.class -> net.minecraft.Util.class
[02Sep2026 01:01:36.293] [main/INFO] [STDOUT/]: [com.hm.efn.mixinloader.CompatInfos:shouldMixin:81]: [EFN Mixin Loader]Apply Compat Mixin: com.hm.efn.mixin.compat.cataclysm.MixinIABossMonster.class -> com.github.L_Ender.cataclysm.entity.InternalAnimationMonster.IABossMonsters.IABoss_monster.class
[02Sep2026 01:01:36.294] [main/INFO] [STDOUT/]: [com.hm.efn.mixinloader.CompatInfos:shouldMixin:81]: [EFN Mixin Loader]Apply Compat Mixin: com.hm.efn.mixin.compat.cataclysm.MixinLLibraryBossMonster.class -> com.github.L_Ender.cataclysm.entity.AnimationMonster.BossMonsters.LLibrary_Boss_Monster.class
[02Sep2026 01:01:36.295] [main/INFO] [STDOUT/]: [com.hm.efn.mixinloader.CompatInfos:shouldMixin:81]: [EFN Mixin Loader]Apply Compat Mixin: com.hm.efn.mixin.compat.citadel.AnimationHandlerMixin.class -> com.github.alexthe666.citadel.animation.AnimationHandler.class
[02Sep2026 01:01:36.295] [main/INFO] [STDOUT/]: [com.hm.efn.mixinloader.CompatInfos:shouldMixin:81]: [EFN Mixin Loader]Apply Compat Mixin: com.hm.efn.mixin.compat.geckolib.AnimationProcessorMixin.class -> software.bernie.geckolib.core.animation.AnimationProcessor.class
[02Sep2026 01:01:36.296] [main/INFO] [STDOUT/]: [com.hm.efn.mixinloader.CompatInfos:shouldMixin:81]: [EFN Mixin Loader]Apply Compat Mixin: com.hm.efn.mixin.compat.lionfishapi.AnimationHandlerMixin.class -> com.github.L_Ender.lionfishapi.server.animation.AnimationHandler.class
[02Sep2026 01:01:36.443] [main/WARN] [mixin/]: Error loading class: net/p3pp3rf1y/sophisticatedcore/util/InventoryHelper (java.lang.ClassNotFoundException: net.p3pp3rf1y.sophisticatedcore.util.InventoryHelper)
[02Sep2026 01:01:36.444] [main/WARN] [mixin/]: @Mixin target net.p3pp3rf1y.sophisticatedcore.util.InventoryHelper was not found tcrcore.mixins.json:sophisticatedbackpacks.BackpackInventoryHelperMixin from mod (unknown)
[02Sep2026 01:01:36.474] [main/WARN] [mixin/]: Error loading class: net/p3pp3rf1y/sophisticatedcore/upgrades/magnet/MagnetUpgradeWrapper (java.lang.ClassNotFoundException: net.p3pp3rf1y.sophisticatedcore.upgrades.magnet.MagnetUpgradeWrapper)
[02Sep2026 01:01:36.475] [main/WARN] [mixin/]: @Mixin target net.p3pp3rf1y.sophisticatedcore.upgrades.magnet.MagnetUpgradeWrapper was not found tcrcore.mixins.json:sophisticatedbackpacks.MagnetUpgradeWrapperMixin from mod (unknown)
[02Sep2026 01:01:36.557] [main/INFO] [settingdust.lazyyyyy.LazyyyyyMixinPlugin/]: Disabled 'lazy_entity_renderers.entity_model_features.EMFManagerMixin' due to config
[02Sep2026 01:01:36.558] [main/INFO] [settingdust.lazyyyyy.LazyyyyyMixinPlugin/]: Disabled 'pack_resources_cache.FilePackResourcesMixin' due to config
[02Sep2026 01:01:36.559] [main/INFO] [settingdust.lazyyyyy.LazyyyyyMixinPlugin/]: Disabled 'pack_resources_cache.PathPackResourcesMixin' due to config
[02Sep2026 01:01:36.559] [main/INFO] [settingdust.lazyyyyy.LazyyyyyMixinPlugin/]: Disabled 'pack_resources_cache.VanillaPackResourcesMixin' due to config
[02Sep2026 01:01:36.564] [main/WARN] [mixin/]: Error loading class: net/sweenus/simplyswords/config/Config (java.lang.ClassNotFoundException: net.sweenus.simplyswords.config.Config)
[02Sep2026 01:01:36.564] [main/WARN] [mixin/]: @Mixin target net.sweenus.simplyswords.config.Config was not found lazyyyyy.mixins.json:simply_swords.faster_config.ConfigMixin from mod (unknown)
[02Sep2026 01:01:37.062] [main/ERROR] [net.minecraftforge.fml.loading.RuntimeDistCleaner/DISTXFORM]: Attempted to load class com/mojang/blaze3d/vertex/PoseStack$Pose for invalid dist DEDICATED_SERVER
[02Sep2026 01:01:37.065] [main/WARN] [mixin/]: Error loading class: com/mojang/blaze3d/vertex/PoseStack$Pose (java.lang.RuntimeException: Attempted to load class com/mojang/blaze3d/vertex/PoseStack$Pose for invalid dist DEDICATED_SERVER)
[02Sep2026 01:01:37.272] [main/WARN] [mixin/]: Error loading class: com/mojang/blaze3d/platform/InputConstants$Key (java.lang.ClassNotFoundException: com.mojang.blaze3d.platform.InputConstants$Key)
[02Sep2026 01:01:37.279] [main/WARN] [mixin/]: Error loading class: net/minecraft/client/renderer/entity/EntityRendererProvider$Context (java.lang.ClassNotFoundException: net.minecraft.client.renderer.entity.EntityRendererProvider$Context)
[02Sep2026 01:01:37.290] [main/WARN] [mixin/]: Error loading class: net/minecraft/client/gui/layouts/GridLayout$RowHelper (java.lang.ClassNotFoundException: net.minecraft.client.gui.layouts.GridLayout$RowHelper)
[02Sep2026 01:01:37.322] [main/INFO] [MixinExtras|Service/]: Initializing MixinExtras via com.llamalad7.mixinextras.service.MixinExtrasServiceImpl(version=0.5.3).
[02Sep2026 01:01:37.467] [main/INFO] [settingdust.lazyyyyy.LazyyyyyMixinCanceller/]: Disabled ModernFix perf.resourcepacks
[02Sep2026 01:01:37.470] [main/WARN] [mixinsquared-canceller/]: Cancelled mixin org.embeddedt.modernfix.common.mixin.perf.resourcepacks.MinecraftServerMixin. Check debug logs for more information.
[02Sep2026 01:01:38.147] [main/INFO] [net.minecraft.server.Bootstrap/]: ModernFix reached bootstrap stage (35.85 s after launch)
[02Sep2026 01:01:38.464] [main/WARN] [mixin/]: @Final field delegatesByName:Ljava/util/Map; in modernfix-modernfix.mixins.json:perf.forge_registry_alloc.ForgeRegistryMixin from mod (unknown) should be final
[02Sep2026 01:01:38.464] [main/WARN] [mixin/]: @Final field delegatesByValue:Ljava/util/Map; in modernfix-modernfix.mixins.json:perf.forge_registry_alloc.ForgeRegistryMixin from mod (unknown) should be final
[02Sep2026 01:01:40.125] [main/INFO] [net.minecraft.server.Bootstrap/]: Vanilla bootstrap took 1956 milliseconds
[02Sep2026 01:01:41.334] [main/INFO] [net.minecraftforge.coremod.CoreMod.placebo/COREMODLOG]: Patching IForgeItemStack#getEnchantmentLevel
[02Sep2026 01:01:41.334] [main/INFO] [net.minecraftforge.coremod.CoreMod.placebo/COREMODLOG]: Patching IForgeItemStack#getEnchantmentLevel
[02Sep2026 01:01:41.678] [main/WARN] [mixin/]: @Final field f_31427_:[I in mixins.epicfight.json:common.MixinWitherBoss from mod (unknown) should be final
[02Sep2026 01:01:41.680] [main/WARN] [mixin/]: @Final field f_31428_:[I in mixins.epicfight.json:common.MixinWitherBoss from mod (unknown) should be final
[02Sep2026 01:01:42.949] [main/WARN] [net.minecraft.network.syncher.SynchedEntityData/]: defineId called for: class net.minecraft.world.entity.LivingEntity from class yesman.epicfight.world.capabilities.entitypatch.LivingEntityPatch
[02Sep2026 01:01:42.949] [main/WARN] [net.minecraft.network.syncher.SynchedEntityData/]: defineId called for: class net.minecraft.world.entity.LivingEntity from class yesman.epicfight.world.capabilities.entitypatch.LivingEntityPatch
[02Sep2026 01:01:42.949] [main/WARN] [net.minecraft.network.syncher.SynchedEntityData/]: defineId called for: class net.minecraft.world.entity.LivingEntity from class yesman.epicfight.world.capabilities.entitypatch.LivingEntityPatch
[02Sep2026 01:01:42.949] [main/WARN] [net.minecraft.network.syncher.SynchedEntityData/]: defineId called for: class net.minecraft.world.entity.LivingEntity from class yesman.epicfight.world.capabilities.entitypatch.LivingEntityPatch
[02Sep2026 01:01:42.949] [main/WARN] [net.minecraft.network.syncher.SynchedEntityData/]: defineId called for: class net.minecraft.world.entity.LivingEntity from class yesman.epicfight.world.capabilities.entitypatch.LivingEntityPatch
[02Sep2026 01:01:42.950] [main/WARN] [net.minecraft.network.syncher.SynchedEntityData/]: defineId called for: class net.minecraft.world.entity.LivingEntity from class yesman.epicfight.world.capabilities.entitypatch.LivingEntityPatch
[02Sep2026 01:01:42.950] [main/WARN] [net.minecraft.network.syncher.SynchedEntityData/]: defineId called for: class net.minecraft.world.entity.LivingEntity from class yesman.epicfight.world.capabilities.entitypatch.LivingEntityPatch
[02Sep2026 01:01:42.950] [main/WARN] [net.minecraft.network.syncher.SynchedEntityData/]: defineId called for: class net.minecraft.world.entity.LivingEntity from class yesman.epicfight.world.capabilities.entitypatch.LivingEntityPatch
[02Sep2026 01:01:42.950] [main/WARN] [net.minecraft.network.syncher.SynchedEntityData/]: defineId called for: class net.minecraft.world.entity.LivingEntity from class yesman.epicfight.world.capabilities.entitypatch.LivingEntityPatch
[02Sep2026 01:01:42.950] [main/WARN] [net.minecraft.network.syncher.SynchedEntityData/]: defineId called for: class net.minecraft.world.entity.LivingEntity from class yesman.epicfight.world.capabilities.entitypatch.LivingEntityPatch
[02Sep2026 01:01:42.950] [main/WARN] [net.minecraft.network.syncher.SynchedEntityData/]: defineId called for: class net.minecraft.world.entity.LivingEntity from class yesman.epicfight.world.capabilities.entitypatch.LivingEntityPatch
[02Sep2026 01:01:42.950] [main/WARN] [net.minecraft.network.syncher.SynchedEntityData/]: defineId called for: class net.minecraft.world.entity.LivingEntity from class yesman.epicfight.world.capabilities.entitypatch.LivingEntityPatch
[02Sep2026 01:01:42.979] [main/WARN] [mixin/]: Method overwrite conflict for scheduleRandomTick in corgilib-common.mixins.json:chunk.MixinChunkAccess from mod (unknown), previously written by dev.corgitaco.ohthetreesyoullgrow.mixin.chunk.MixinChunkAccess. Skipping method.
[02Sep2026 01:01:42.979] [main/WARN] [mixin/]: Method overwrite conflict for getScheduledRandomTicks in corgilib-common.mixins.json:chunk.MixinChunkAccess from mod (unknown), previously written by dev.corgitaco.ohthetreesyoullgrow.mixin.chunk.MixinChunkAccess. Skipping method.
[02Sep2026 01:01:44.415] [main/WARN] [mixin/]: Static binding violation: PRIVATE @Overwrite method m_47505_ in modernfix-modernfix.mixins.json:perf.remove_biome_temperature_cache.BiomeMixin from mod (unknown) cannot reduce visibiliy of PUBLIC target method, visibility will be upgraded.
[02Sep2026 01:01:45.053] [modloading-worker-0/WARN] [one.pkg.kfnp.shared.ModSharedBootstrap/]: ================= KRYPTON FNP =================
[02Sep2026 01:01:45.056] [modloading-worker-0/WARN] [one.pkg.kfnp.shared.ModSharedBootstrap/]: Do not send messages about your game malfunctioning due to KryptonFNP in places the author cannot see.
[02Sep2026 01:01:45.056] [modloading-worker-0/WARN] [one.pkg.kfnp.shared.ModSharedBootstrap/]: The author is unaware of this bug and therefore cannot fix it!
[02Sep2026 01:01:45.056] [modloading-worker-0/WARN] [one.pkg.kfnp.shared.ModSharedBootstrap/]: Please send feedback via CurseForge, Github, or Discord so the author can quickly locate the issue!
[02Sep2026 01:01:45.056] [modloading-worker-0/WARN] [one.pkg.kfnp.shared.ModSharedBootstrap/]: ===============================================
[02Sep2026 01:01:45.056] [modloading-worker-0/INFO] [one.pkg.kfnp.shared.ModSharedBootstrap/]: Krypton is now accelerating your Minecraft server's networking stack 🚀
[02Sep2026 01:01:45.142] [modloading-worker-0/INFO] [one.pkg.kfnp.shared.ModSharedBootstrap/]: Compression will use libdeflate (Linux x86_64), encryption will use OpenSSL 3.x.x (Linux x86_64)
[02Sep2026 01:01:45.469] [modloading-worker-0/INFO] [STDOUT/]: [org.arc.killcam.event.TickChange:init:40]: KillCam Tick system has been initialized.
[02Sep2026 01:01:45.706] [modloading-worker-0/INFO] [com.aetherteam.cumulus.Cumulus/]: Disabling Cumulus as it is on server.
[02Sep2026 01:01:45.710] [modloading-worker-0/INFO] [me.wesley1808.servercore.common.ServerCore/]: [ServerCore] Loaded V1.5.2+1.20.1!
[02Sep2026 01:01:45.813] [modloading-worker-0/INFO] [Puzzles Lib/]: Constructing common components for enchantinginfuser:main
[02Sep2026 01:01:45.826] [modloading-worker-0/INFO] [STDOUT/]: [io.ejekta.kambrik.KambrikModForge:<clinit>:22]: Service loaders found: [io.ejekta.kambrik.bridge.KambrikSharedApiForge@2208298]
[02Sep2026 01:01:46.005] [modloading-worker-0/INFO] [epicfight/]: Loaded mod compat: GeckolibCompat
[02Sep2026 01:01:46.008] [modloading-worker-0/INFO] [net.minecraftforge.common.ForgeMod/FORGEMOD]: Forge mod loading, version 47.4.4, for MC 1.20.1 with MCP 20230612.114412
[02Sep2026 01:01:46.009] [modloading-worker-0/WARN] [yesman.epicfight.main.EpicFightMod/]: Azure Lib version 3 is not supported yet.
[02Sep2026 01:01:46.009] [modloading-worker-0/INFO] [epicfight/]: Loaded mod compat: CuriosCompat
[02Sep2026 01:01:46.011] [modloading-worker-0/INFO] [net.minecraftforge.common.MinecraftForge/FORGE]: MinecraftForge v47.4.4 Initialized
[02Sep2026 01:01:46.015] [modloading-worker-0/INFO] [epicfight/]: Loaded mod compat: PlayerAnimatorCompat
[02Sep2026 01:01:46.188] [modloading-worker-0/INFO] [thedarkcolour.kotlinforforge.test.KotlinForForge/]: Kotlin For Forge Enabled!
[02Sep2026 01:01:46.323] [modloading-worker-0/INFO] [xaero.common.HudMod/]: Registering common data for channel xaerominimap:main!
[02Sep2026 01:01:46.335] [modloading-worker-0/INFO] [Puzzles Lib/]: Constructing common components for puzzleslib:main
[02Sep2026 01:01:46.412] [modloading-worker-0/INFO] [xaero.common.HudMod/]: Loading primary common config for channel xaerominimap:main!
[02Sep2026 01:01:46.418] [modloading-worker-0/INFO] [xaero.common.HudMod/]: Loading server config profiles for channel xaerominimap:main!
[02Sep2026 01:01:46.483] [modloading-worker-0/INFO] [zeta/]: Doing super early config setup for zeta
[02Sep2026 01:01:46.604] [modloading-worker-0/INFO] [xaero.map.WorldMap/]: Registering common data for channel xaeroworldmap:main!
[02Sep2026 01:01:46.617] [modloading-worker-0/INFO] [xaero.map.WorldMap/]: Loading primary common config for channel xaeroworldmap:main!
[02Sep2026 01:01:46.621] [modloading-worker-0/INFO] [xaero.map.WorldMap/]: Loading server config profiles for channel xaeroworldmap:main!
[02Sep2026 01:01:46.690] [modloading-worker-0/INFO] [net.magister.bookofdragons.BookOfDragons/]: Registering Book of Dragons configuration...
[02Sep2026 01:01:46.702] [modloading-worker-0/INFO] [net.magister.bookofdragons.config.RoostConfig/]: [RoostConfig] Loaded archetype 'cliff' with 2 dragons
[02Sep2026 01:01:46.705] [modloading-worker-0/INFO] [net.magister.bookofdragons.config.RoostConfig/]: [RoostConfig] Loaded archetype 'cave' with 2 dragons
[02Sep2026 01:01:46.705] [modloading-worker-0/INFO] [net.magister.bookofdragons.config.RoostConfig/]: [RoostConfig] Loaded archetype 'glade' with 2 dragons
[02Sep2026 01:01:46.705] [modloading-worker-0/INFO] [net.magister.bookofdragons.config.RoostConfig/]: [RoostConfig] Loaded archetype 'wetland' with 1 dragons
[02Sep2026 01:01:46.705] [modloading-worker-0/INFO] [net.magister.bookofdragons.config.RoostConfig/]: [RoostConfig] Loaded archetype 'barrens' with 2 dragons
[02Sep2026 01:01:46.706] [modloading-worker-0/INFO] [net.magister.bookofdragons.config.RoostConfig/]: [RoostConfig] Loaded 5 roost archetypes: [cave, glade, cliff, wetland, barrens]
[02Sep2026 01:01:46.709] [modloading-worker-0/INFO] [net.magister.bookofdragons.entity.data.DragonVariantConfig/]: Loaded dragon variants from config: /workspaces/maincra/servidor_minecraft/config/bookofdragons/dragon_variants.json
[02Sep2026 01:01:46.709] [modloading-worker-0/INFO] [net.magister.bookofdragons.BookOfDragons/]: Configuration system initialized successfully!
[02Sep2026 01:01:46.729] [modloading-worker-0/INFO] [Bookshelf/]: Fixing MC-151457. Crafting remainder for minecraft:pufferfish_bucket is now minecraft:bucket.
[02Sep2026 01:01:46.730] [modloading-worker-0/INFO] [Bookshelf/]: Fixing MC-151457. Crafting remainder for minecraft:salmon_bucket is now minecraft:bucket.
[02Sep2026 01:01:46.730] [modloading-worker-0/INFO] [Bookshelf/]: Fixing MC-151457. Crafting remainder for minecraft:cod_bucket is now minecraft:bucket.
[02Sep2026 01:01:46.731] [modloading-worker-0/INFO] [Bookshelf/]: Fixing MC-151457. Crafting remainder for minecraft:tropical_fish_bucket is now minecraft:bucket.
[02Sep2026 01:01:46.731] [modloading-worker-0/INFO] [Bookshelf/]: Fixing MC-151457. Crafting remainder for minecraft:axolotl_bucket is now minecraft:bucket.
[02Sep2026 01:01:46.731] [modloading-worker-0/INFO] [Bookshelf/]: Fixing MC-151457. Crafting remainder for minecraft:powder_snow_bucket is now minecraft:bucket.
[02Sep2026 01:01:46.732] [modloading-worker-0/INFO] [Bookshelf/]: Fixing MC-151457. Crafting remainder for minecraft:tadpole_bucket is now minecraft:bucket.
[02Sep2026 01:01:46.949] [modloading-worker-0/INFO] [dev.architectury.networking.forge.NetworkManagerImpl/]: Registering C2S receiver with id architectury:sync_ids
[02Sep2026 01:01:46.952] [modloading-worker-0/INFO] [dev.architectury.networking.forge.NetworkManagerImpl/]: Registering C2S receiver with id ftblibrary:edit_nbt_response
[02Sep2026 01:01:46.978] [modloading-worker-0/INFO] [dev.architectury.networking.forge.NetworkManagerImpl/]: Registering C2S receiver with id ftbteams:open_gui
[02Sep2026 01:01:46.981] [modloading-worker-0/INFO] [dev.architectury.networking.forge.NetworkManagerImpl/]: Registering C2S receiver with id ftbteams:update_settings
[02Sep2026 01:01:46.987] [modloading-worker-0/INFO] [dev.architectury.networking.forge.NetworkManagerImpl/]: Registering C2S receiver with id ftbteams:send_message
[02Sep2026 01:01:46.989] [modloading-worker-0/INFO] [dev.architectury.networking.forge.NetworkManagerImpl/]: Registering C2S receiver with id ftbteams:create_party
[02Sep2026 01:01:46.991] [modloading-worker-0/INFO] [dev.architectury.networking.forge.NetworkManagerImpl/]: Registering C2S receiver with id ftbteams:player_gui_operation
[02Sep2026 01:01:47.071] [modloading-worker-0/INFO] [com.cupboard.Cupboard/]: Loaded config for: cupboard.json
[02Sep2026 01:01:47.147] [modloading-worker-0/INFO] [dev.architectury.networking.forge.NetworkManagerImpl/]: Registering C2S receiver with id ftbquests:submit_task
[02Sep2026 01:01:47.152] [modloading-worker-0/INFO] [dev.architectury.networking.forge.NetworkManagerImpl/]: Registering C2S receiver with id ftbquests:claim_reward
[02Sep2026 01:01:47.162] [modloading-worker-0/INFO] [dev.architectury.networking.forge.NetworkManagerImpl/]: Registering C2S receiver with id ftbquests:get_emergency_items
[02Sep2026 01:01:47.167] [modloading-worker-0/INFO] [dev.architectury.networking.forge.NetworkManagerImpl/]: Registering C2S receiver with id ftbquests:claim_all_rewards
[02Sep2026 01:01:47.172] [modloading-worker-0/INFO] [dev.architectury.networking.forge.NetworkManagerImpl/]: Registering C2S receiver with id ftbquests:claim_choice_reward
[02Sep2026 01:01:47.186] [modloading-worker-0/INFO] [dev.architectury.networking.forge.NetworkManagerImpl/]: Registering C2S receiver with id ftbquests:toggle_pinned
[02Sep2026 01:01:47.190] [modloading-worker-0/INFO] [dev.architectury.networking.forge.NetworkManagerImpl/]: Registering C2S receiver with id ftbquests:toggle_chapter_pinned
[02Sep2026 01:01:47.191] [modloading-worker-0/INFO] [dev.architectury.networking.forge.NetworkManagerImpl/]: Registering C2S receiver with id ftbquests:toggle_editing_mode
[02Sep2026 01:01:47.192] [modloading-worker-0/INFO] [dev.architectury.networking.forge.NetworkManagerImpl/]: Registering C2S receiver with id ftbquests:force_save
[02Sep2026 01:01:47.196] [modloading-worker-0/INFO] [dev.architectury.networking.forge.NetworkManagerImpl/]: Registering C2S receiver with id ftbquests:set_custom_image
[02Sep2026 01:01:47.207] [modloading-worker-0/INFO] [dev.architectury.networking.forge.NetworkManagerImpl/]: Registering C2S receiver with id ftbquests:task_screen_config_resp
[02Sep2026 01:01:47.207] [modloading-worker-0/INFO] [dev.architectury.networking.forge.NetworkManagerImpl/]: Registering C2S receiver with id ftbquests:give_item_to_player
[02Sep2026 01:01:47.208] [modloading-worker-0/INFO] [dev.architectury.networking.forge.NetworkManagerImpl/]: Registering C2S receiver with id ftbquests:reorder_item
[02Sep2026 01:01:47.212] [modloading-worker-0/INFO] [dev.architectury.networking.forge.NetworkManagerImpl/]: Registering C2S receiver with id ftbquests:change_progress
[02Sep2026 01:01:47.215] [modloading-worker-0/INFO] [com.wintercogs.beyonddimensions.BeyondDimensions/]: Discovered 11 common integration modules and 2 client integration modules
[02Sep2026 01:01:47.221] [modloading-worker-0/INFO] [dev.architectury.networking.forge.NetworkManagerImpl/]: Registering C2S receiver with id ftbquests:create_object
[02Sep2026 01:01:47.226] [modloading-worker-0/INFO] [dev.architectury.networking.forge.NetworkManagerImpl/]: Registering C2S receiver with id ftbquests:create_task_at
[02Sep2026 01:01:47.227] [modloading-worker-0/INFO] [dev.architectury.networking.forge.NetworkManagerImpl/]: Registering C2S receiver with id ftbquests:delete_object
[02Sep2026 01:01:47.233] [modloading-worker-0/INFO] [dev.architectury.networking.forge.NetworkManagerImpl/]: Registering C2S receiver with id ftbquests:edit_object
[02Sep2026 01:01:47.234] [modloading-worker-0/INFO] [dev.architectury.networking.forge.NetworkManagerImpl/]: Registering C2S receiver with id ftbquests:move_chapter
[02Sep2026 01:01:47.241] [modloading-worker-0/INFO] [dev.architectury.networking.forge.NetworkManagerImpl/]: Registering C2S receiver with id ftbquests:move_quest
[02Sep2026 01:01:47.248] [modloading-worker-0/INFO] [dev.architectury.networking.forge.NetworkManagerImpl/]: Registering C2S receiver with id ftbquests:change_chapter_group
[02Sep2026 01:01:47.249] [modloading-worker-0/INFO] [dev.architectury.networking.forge.NetworkManagerImpl/]: Registering C2S receiver with id ftbquests:move_chapter_group
[02Sep2026 01:01:47.254] [modloading-worker-0/INFO] [dev.architectury.networking.forge.NetworkManagerImpl/]: Registering C2S receiver with id ftbquests:copy_quest
[02Sep2026 01:01:47.260] [modloading-worker-0/INFO] [dev.architectury.networking.forge.NetworkManagerImpl/]: Registering C2S receiver with id ftbquests:copy_chapter_image
[02Sep2026 01:01:47.261] [modloading-worker-0/INFO] [dev.architectury.networking.forge.NetworkManagerImpl/]: Registering C2S receiver with id ftbquests:sync_structures_request
[02Sep2026 01:01:47.264] [modloading-worker-0/INFO] [dev.architectury.networking.forge.NetworkManagerImpl/]: Registering C2S receiver with id ftbquests:request_team_data
[02Sep2026 01:01:47.261] [modloading-worker-0/INFO] [net.potionstudios.biomeswevegone.BiomesWeveGone/]: Registering Oh The Biomes We've Gone items
[02Sep2026 01:01:47.335] [modloading-worker-0/INFO] [xaero.lib.XaeroLib/]: Registering common data for channel xaerolib:main!
[02Sep2026 01:01:47.341] [modloading-worker-0/INFO] [xaero.lib.XaeroLib/]: Loading primary common config for channel xaerolib:main!
[02Sep2026 01:01:47.344] [modloading-worker-0/INFO] [xaero.lib.XaeroLib/]: Loading server config profiles for channel xaerolib:main!
[02Sep2026 01:01:47.424] [modloading-worker-0/INFO] [net.potionstudios.biomeswevegone.BiomesWeveGone/]: Registering Oh The Biomes We've Gone Blocks
[02Sep2026 01:01:47.483] [modloading-worker-0/INFO] [net.blay09.mods.balm.forge.config.ForgeBalmConfig/]: Registering config for waystones:common (COMMON) with 46 properties.
[02Sep2026 01:01:47.504] [modloading-worker-0/INFO] [net.potionstudios.biomeswevegone.BiomesWeveGone/]: Registering Oh The Biomes We've Gone Wood
[02Sep2026 01:01:47.507] [modloading-worker-0/INFO] [net.potionstudios.biomeswevegone.BiomesWeveGone/]: Registering Oh The Biomes We've Gone Block Entities
[02Sep2026 01:01:47.510] [modloading-worker-0/INFO] [net.potionstudios.biomeswevegone.BiomesWeveGone/]: Registering Oh The Biomes We've Gone Entities
[02Sep2026 01:01:47.511] [modloading-worker-0/INFO] [net.potionstudios.biomeswevegone.BiomesWeveGone/]: Registering Oh The Biomes We've Gone Creative Tabs
[02Sep2026 01:01:47.511] [modloading-worker-0/INFO] [net.potionstudios.biomeswevegone.BiomesWeveGone/]: Registering Oh The Biomes We've Gone Sounds
[02Sep2026 01:01:47.512] [modloading-worker-0/INFO] [net.potionstudios.biomeswevegone.BiomesWeveGone/]: Registering Oh The Biomes We've Gone Block Predicate
[02Sep2026 01:01:47.519] [modloading-worker-0/INFO] [net.potionstudios.biomeswevegone.BiomesWeveGone/]: Registering Oh The Biomes We've Gone State Providers
[02Sep2026 01:01:47.530] [modloading-worker-0/INFO] [net.potionstudios.biomeswevegone.BiomesWeveGone/]: Registering Oh The Biomes We've Gone Tree Decorators
[02Sep2026 01:01:47.541] [modloading-worker-0/INFO] [net.potionstudios.biomeswevegone.BiomesWeveGone/]: Registering Oh The Biomes We've Gone Custom Features
[02Sep2026 01:01:47.542] [modloading-worker-0/INFO] [net.potionstudios.biomeswevegone.BiomesWeveGone/]: Registering Oh The Biomes We've Gone Structure Pieces
[02Sep2026 01:01:47.553] [modloading-worker-0/INFO] [net.potionstudios.biomeswevegone.BiomesWeveGone/]: Registering Oh The Biomes We've Gone Custom Structure Types
[02Sep2026 01:01:47.560] [modloading-worker-0/INFO] [net.potionstudios.biomeswevegone.BiomesWeveGone/]: Registering Oh The Biomes We've Gone Configured Features
[02Sep2026 01:01:47.580] [modloading-worker-0/INFO] [net.potionstudios.biomeswevegone.BiomesWeveGone/]: Creating and Registering Overworld Vegetation Configured Features
[02Sep2026 01:01:47.612] [modloading-worker-0/INFO] [dev.architectury.networking.forge.NetworkManagerImpl/]: Registering C2S receiver with id artifacts:networking_channel/42a7ad70b1cc371599a0eff744096b8a
[02Sep2026 01:01:47.613] [modloading-worker-0/INFO] [dev.architectury.networking.forge.NetworkManagerImpl/]: Registering C2S receiver with id artifacts:networking_channel/74a5e841822a3a87854ae896a33430d6
[02Sep2026 01:01:47.614] [modloading-worker-0/INFO] [dev.architectury.networking.forge.NetworkManagerImpl/]: Registering C2S receiver with id artifacts:networking_channel/eb3d1e2748533430848cadf0f37c7e9c
[02Sep2026 01:01:47.620] [modloading-worker-0/INFO] [dev.architectury.networking.forge.NetworkManagerImpl/]: Registering C2S receiver with id artifacts:networking_channel/91c8520f19f93b3e8b6a727568e194ab
[02Sep2026 01:01:47.621] [modloading-worker-0/INFO] [dev.architectury.networking.forge.NetworkManagerImpl/]: Registering C2S receiver with id artifacts:networking_channel/8c2784d778293fd482ed84b8aa5fedb9
[02Sep2026 01:01:47.622] [modloading-worker-0/INFO] [dev.architectury.networking.forge.NetworkManagerImpl/]: Registering C2S receiver with id artifacts:networking_channel/ea038224ea783d40b2863f52239e2604
[02Sep2026 01:01:47.624] [modloading-worker-0/INFO] [dev.architectury.networking.forge.NetworkManagerImpl/]: Registering C2S receiver with id artifacts:networking_channel/97ad64b7ecaf33209991c4f031501a58
[02Sep2026 01:01:47.694] [modloading-worker-0/INFO] [net.potionstudios.biomeswevegone.BiomesWeveGone/]: Registering Oh The Biomes We've Gone Tree Configured Features
[02Sep2026 01:01:47.698] [modloading-worker-0/INFO] [net.potionstudios.biomeswevegone.BiomesWeveGone/]: Creating and Registering Vanilla Configured Features
[02Sep2026 01:01:47.705] [modloading-worker-0/INFO] [net.potionstudios.biomeswevegone.BiomesWeveGone/]: Registering Oh The Biomes You'll Go Overworld Configured Features
[02Sep2026 01:01:47.710] [modloading-worker-0/INFO] [net.potionstudios.biomeswevegone.BiomesWeveGone/]: Registering Oh The Biomes We've Gone Placed Features
[02Sep2026 01:01:47.724] [modloading-worker-0/INFO] [net.potionstudios.biomeswevegone.BiomesWeveGone/]: Creating and Registering Overworld Tree Placed Features
[02Sep2026 01:01:47.747] [modloading-worker-0/INFO] [net.potionstudios.biomeswevegone.BiomesWeveGone/]: Creating and Registering Overworld Vegetation Placed Features
[02Sep2026 01:01:47.750] [modloading-worker-0/INFO] [net.potionstudios.biomeswevegone.BiomesWeveGone/]: Creating and Registering Vanilla Placed Features
[02Sep2026 01:01:47.754] [modloading-worker-0/INFO] [net.potionstudios.biomeswevegone.BiomesWeveGone/]: Registering Oh The Biomes We've Gone Custom Surface Rules
[02Sep2026 01:01:47.777] [modloading-worker-0/INFO] [net.potionstudios.biomeswevegone.BiomesWeveGone/]: Registering Oh The Biomes We've Gone Template Pools
[02Sep2026 01:01:47.801] [modloading-worker-0/INFO] [net.potionstudios.biomeswevegone.BiomesWeveGone/]: Registering Oh The Biome's We've Gone Village Template Pools
[02Sep2026 01:01:47.822] [modloading-worker-0/INFO] [net.potionstudios.biomeswevegone.BiomesWeveGone/]: Registering Oh The Biomes We've Gone Poi Types
[02Sep2026 01:01:47.827] [modloading-worker-0/INFO] [net.potionstudios.biomeswevegone.BiomesWeveGone/]: Registering Oh The Biomes We've Gone Villager Professions
[02Sep2026 01:01:47.830] [modloading-worker-0/INFO] [dev.architectury.networking.forge.NetworkManagerImpl/]: Registering C2S receiver with id magistuarmory:packet_long_reach_attack
[02Sep2026 01:01:47.830] [modloading-worker-0/INFO] [net.potionstudios.biomeswevegone.BiomesWeveGone/]: Registering Oh The Biomes We've Gone Custom Structure Processors
[02Sep2026 01:01:47.831] [modloading-worker-0/INFO] [dev.architectury.networking.forge.NetworkManagerImpl/]: Registering C2S receiver with id magistuarmory:packet_lance_collision
[02Sep2026 01:01:47.840] [modloading-worker-0/INFO] [net.potionstudios.biomeswevegone.BiomesWeveGone/]: Registering Oh The Biomes We've Gone villager types
[02Sep2026 01:01:47.843] [modloading-worker-0/INFO] [net.potionstudios.biomeswevegone.BiomesWeveGone/]: Registering Oh The Biomes We've Gone Schedules
[02Sep2026 01:01:47.845] [modloading-worker-0/INFO] [net.potionstudios.biomeswevegone.BiomesWeveGone/]: Registering Oh The Biomes We've Gone Memory Module Types
[02Sep2026 01:01:47.846] [modloading-worker-0/INFO] [net.potionstudios.biomeswevegone.BiomesWeveGone/]: Registering Oh The Biomes We've Gone Sensor Types
[02Sep2026 01:01:47.863] [modloading-worker-0/INFO] [azurelib/FileWatching]: Registered azurelib config for auto-sync function
[02Sep2026 01:01:47.912] [modloading-worker-0/INFO] [quark/]: Initializing TerraBlender underground biome compat
[02Sep2026 01:01:48.043] [modloading-worker-0/INFO] [com.merlin204.avalon.main.AvalonMOD/]: 自动注册实体: SHAKE_WAVE -> shake_wave
[02Sep2026 01:01:48.046] [modloading-worker-0/INFO] [com.merlin204.avalon.main.AvalonMOD/]: 自动注册实体: VFX -> vfx
[02Sep2026 01:01:48.046] [modloading-worker-0/INFO] [com.merlin204.avalon.main.AvalonMOD/]: 自动注册实体: ANIMATION_TEXTURE_VFX -> animation_texture_vfx
[02Sep2026 01:01:48.276] [modloading-worker-0/INFO] [quark-zeta/]: Discovered 164 modules to load.
[02Sep2026 01:01:48.719] [modloading-worker-0/INFO] [quark-zeta/]: Constructed 164 modules.
[02Sep2026 01:01:48.848] [modloading-worker-0/INFO] [quark-zeta/]: Doing super early config setup for quark
[02Sep2026 01:01:48.898] [modloading-worker-0/INFO] [coroutil/]: forge loader environment detected
[02Sep2026 01:01:49.170] [modloading-worker-0/INFO] [YetAnotherConfigLib/]: Deserializing YACLConfig from '/workspaces/maincra/servidor_minecraft/config/yacl.json5'
[02Sep2026 01:01:49.177] [modloading-worker-0/INFO] [be.florens.expandability.ExpandAbility/]: ExpandAbility here, who dis?
[02Sep2026 01:01:49.243] [modloading-worker-0/INFO] [mixin/]: tcr_bosses.mixins.json:AbstractGolemInvoker from mod (unknown)->@Accessor[FIELD_GETTER]::getSpawnPosKey()Lnet/minecraft/network/syncher/EntityDataAccessor; should be static as its target is
[02Sep2026 01:01:49.245] [modloading-worker-0/INFO] [mixin/]: tcrcore.mixins.json:ba_bt.AbstractGolemInvoker from mod (unknown)->@Accessor[FIELD_GETTER]::getSpawnPosKey()Lnet/minecraft/network/syncher/EntityDataAccessor; should be static as its target is
[02Sep2026 01:01:53.382] [main/WARN] [dev.architectury.registry.registries.forge.RegistrarManagerImpl/]: Registry entry listened Registry Entry [minecraft:entity_type / artifacts:mimic] was not realized!
[02Sep2026 01:01:53.412] [main/INFO] [Moonlight/]: Initialized block sets in 19ms
[02Sep2026 01:01:53.633] [main/INFO] [ModernFix/]: Bypassed Mojang DFU
[02Sep2026 01:01:53.634] [main/INFO] [ModernFix/]: Instantiating Mojang DFU
[02Sep2026 01:01:55.092] [main/INFO] [ModdingLegacy/StructureGel/]: [structure_gel] Registering data for structure_gel:loot_table_alias
[02Sep2026 01:01:55.103] [main/INFO] [ModdingLegacy/StructureGel/]: [structure_gel] Registering data for structure_gel:data_handler_type
[02Sep2026 01:01:55.107] [main/INFO] [ModdingLegacy/StructureGel/]: [structure_gel] Registering data for structure_gel:dynamic_spawner
[02Sep2026 01:01:55.110] [main/INFO] [ModdingLegacy/StructureGel/]: [structure_gel] Registering data for structure_gel:jigsaw_type
[02Sep2026 01:01:55.197] [main/WARN] [net.minecraft.network.syncher.SynchedEntityData/]: defineId called for: class net.minecraft.world.entity.player.Player from class yesman.epicfight.world.capabilities.entitypatch.player.PlayerPatch
[02Sep2026 01:01:55.226] [main/WARN] [net.minecraft.network.syncher.SynchedEntityData/]: defineId called for: class net.minecraft.world.entity.TamableAnimal from class reascer.wom.world.entity.mob.EnderHand
[02Sep2026 01:01:55.227] [main/WARN] [net.minecraft.network.syncher.SynchedEntityData/]: defineId called for: class net.minecraft.world.entity.TamableAnimal from class reascer.wom.world.entity.mob.TargetingHelper
[02Sep2026 01:01:55.298] [main/WARN] [net.minecraft.network.syncher.SynchedEntityData/]: defineId called for: class net.minecraft.world.entity.boss.wither.WitherBoss from class yesman.epicfight.world.capabilities.entitypatch.boss.WitherPatch
[02Sep2026 01:01:55.298] [main/WARN] [net.minecraft.network.syncher.SynchedEntityData/]: defineId called for: class net.minecraft.world.entity.boss.wither.WitherBoss from class yesman.epicfight.world.capabilities.entitypatch.boss.WitherPatch
[02Sep2026 01:01:55.299] [main/WARN] [net.minecraft.network.syncher.SynchedEntityData/]: defineId called for: class net.minecraft.world.entity.boss.wither.WitherBoss from class yesman.epicfight.world.capabilities.entitypatch.boss.WitherPatch
[02Sep2026 01:01:55.299] [main/WARN] [net.minecraft.network.syncher.SynchedEntityData/]: defineId called for: class net.minecraft.world.entity.boss.wither.WitherBoss from class yesman.epicfight.world.capabilities.entitypatch.boss.WitherPatch
[02Sep2026 01:01:55.299] [main/WARN] [net.minecraft.network.syncher.SynchedEntityData/]: defineId called for: class net.minecraft.world.entity.boss.wither.WitherBoss from class yesman.epicfight.world.capabilities.entitypatch.boss.WitherPatch
[02Sep2026 01:01:55.299] [main/WARN] [net.minecraft.network.syncher.SynchedEntityData/]: defineId called for: class net.minecraft.world.entity.boss.wither.WitherBoss from class yesman.epicfight.world.capabilities.entitypatch.boss.WitherPatch
[02Sep2026 01:01:55.299] [main/WARN] [net.minecraft.network.syncher.SynchedEntityData/]: defineId called for: class net.minecraft.world.entity.boss.wither.WitherBoss from class yesman.epicfight.world.capabilities.entitypatch.boss.WitherPatch
[02Sep2026 01:01:55.299] [main/WARN] [net.minecraft.network.syncher.SynchedEntityData/]: defineId called for: class net.minecraft.world.entity.boss.wither.WitherBoss from class yesman.epicfight.world.capabilities.entitypatch.boss.WitherPatch
[02Sep2026 01:01:55.300] [main/WARN] [net.minecraft.network.syncher.SynchedEntityData/]: defineId called for: class net.minecraft.world.entity.boss.wither.WitherBoss from class yesman.epicfight.world.capabilities.entitypatch.boss.WitherPatch
[02Sep2026 01:01:55.570] [main/WARN] [net.minecraftforge.common.ForgeConfigSpec/CORE]: Configuration file /workspaces/maincra/servidor_minecraft/config/killcam-common.toml is not correct. Correcting
[02Sep2026 01:01:55.571] [main/WARN] [net.minecraftforge.common.ForgeConfigSpec/CORE]: Incorrect key Kill Cam Settings.killCamFov was corrected from 0.45 to its default, 0.45. 
[02Sep2026 01:01:55.953] [Forge Version Check/INFO] [net.minecraftforge.fml.VersionChecker/]: Global Forge version check system disabled, no further processing.
[02Sep2026 01:01:55.959] [modloading-worker-0/INFO] [CorgiLib/]: Initializing network...
[02Sep2026 01:01:55.962] [modloading-worker-0/INFO] [CorgiLib/]: Initialized network!
[02Sep2026 01:01:55.975] [modloading-worker-0/INFO] [com.kuzhi.findme.FindMeMod/]: Find me core loaded
[02Sep2026 01:01:56.037] [modloading-worker-0/INFO] [com.limitedchunks.LimitedChunks/]: Limited chunkloading initialized
[02Sep2026 01:01:56.038] [modloading-worker-0/INFO] [FTB XMod Compat/]: Chose [Entity Tags] as the active game stages implementation
[02Sep2026 01:01:56.039] [modloading-worker-0/INFO] [xaero.lib.XaeroLib/]: Loading XaeroLib common 1/2!
[02Sep2026 01:01:56.041] [modloading-worker-0/INFO] [FTB XMod Compat/]: Chose [FALLBACK] as the active permissions implementation
[02Sep2026 01:01:56.045] [modloading-worker-0/INFO] [FTB XMod Compat/]: [FTB Quests] recipe helper provider is [JEI]
[02Sep2026 01:01:56.074] [modloading-worker-0/INFO] [com.brass_amber.ba_bt.BABattleTowers/]: HELLO FROM COMMON SETUP
[02Sep2026 01:01:56.272] [main/INFO] [ribbits/]: Registering Ribbit umbrella types...
[02Sep2026 01:01:56.273] [main/INFO] [ribbits/]: Registering Ribbit professions...
[02Sep2026 01:01:56.273] [main/INFO] [ribbits/]: Registering Ribbit instruments...
[02Sep2026 01:01:56.275] [main/INFO] [ribbits/]: Registering Ribbit data serializers...
[02Sep2026 01:01:56.279] [main/INFO] [com.p1nero.multiplayer_boss_fight.MultiplayerBossFightMod/]: Initializing multiplayer_boss_fight
[02Sep2026 01:01:56.283] [main/INFO] [com.p1nero.multiplayer_boss_fight.MultiplayerBossManager/]: Loaded 1 multiplayer boss config entries from /workspaces/maincra/servidor_minecraft/config/multiplayer_boss_fight/config.json
[02Sep2026 01:01:56.298] [main/INFO] [org.arc.killcam.KillCam/]: Epic Fight detected! Registering EpicFight KillCam module.
[02Sep2026 01:01:56.299] [main/INFO] [org.arc.killcam.KillCam/]: EFN detected! KillCam will delegate Time Slow to EFN engine.
[02Sep2026 01:01:56.368] [main/INFO] [com.asanginxst.epicfightx.EpicFightExtraMod/]: EFX: Replacing Epic Fight Weapon Types...
[02Sep2026 01:01:56.373] [main/INFO] [com.finderfeed.fdlib.FDLib/]: Loading FD animations...
[02Sep2026 01:01:56.374] [main/INFO] [com.finderfeed.fdlib.FDLib/]: Loading animation: fdlib:testanim
[02Sep2026 01:01:56.382] [main/INFO] [com.finderfeed.fdlib.FDLib/]: FD Animations loaded!
[02Sep2026 01:01:56.382] [main/INFO] [com.finderfeed.fdlib.FDLib/]: Loading FD models...
[02Sep2026 01:01:56.383] [main/INFO] [com.finderfeed.fdlib.FDLib/]: Loading model: fdlib:test
[02Sep2026 01:01:56.390] [main/INFO] [com.finderfeed.fdlib.FDLib/]: Loading model: fdlib:test
[02Sep2026 01:01:56.390] [main/INFO] [com.finderfeed.fdlib.FDLib/]: FD Models loaded!
[02Sep2026 01:01:56.391] [main/INFO] [zeta/]: Common setup: Performing initial refresh of zeta's config on thread 'main'
[02Sep2026 01:01:56.392] [main/INFO] [zeta/]: 'zeta' is enabling Zeta's piston structure resolver.
[02Sep2026 01:01:56.394] [main/INFO] [zeta/]: Waiting for server start before accepting filewatcher changes to zeta's config
[02Sep2026 01:01:56.571] [main/INFO] [terrablender/]: Registered region minecraft:overworld to index 0 for type OVERWORLD
[02Sep2026 01:01:56.572] [main/INFO] [terrablender/]: Registered region minecraft:nether to index 0 for type NETHER
[02Sep2026 01:01:56.573] [main/INFO] [terrablender/]: Registered region biomeswevegone:region_0 to index 1 for type OVERWORLD
[02Sep2026 01:01:56.573] [main/INFO] [terrablender/]: Registered region biomeswevegone:region_1 to index 2 for type OVERWORLD
[02Sep2026 01:01:56.573] [main/INFO] [terrablender/]: Registered region biomeswevegone:region_2 to index 3 for type OVERWORLD
[02Sep2026 01:01:56.654] [main/INFO] [Moonlight/]: Initialized color sets in 48ms
[02Sep2026 01:01:56.661] [main/INFO] [terrablender/]: Registered region quark:biome_provider to index 4 for type OVERWORLD
[02Sep2026 01:01:56.662] [main/INFO] [quark-zeta/]: Common setup: Performing initial refresh of quark's config on thread 'main'
[02Sep2026 01:01:56.679] [main/INFO] [quark-zeta/]: Waiting for server start before accepting filewatcher changes to quark's config
[02Sep2026 01:01:56.697] [main/INFO] [Supplementaries/]: Finished mod setup in: [0, 2, 0, 1, 0, 0, 12, 1] ms
[02Sep2026 01:01:56.826] [modloading-worker-0/INFO] [xaero.minimap.XaeroMinimap/]: Loading Xaero's Minimap - Stage 1/2 (Server)
[02Sep2026 01:01:56.826] [modloading-worker-0/INFO] [xaero.map.server.WorldMapServer/]: Loading Xaero's World Map - Stage 1/2 (Server)
[02Sep2026 01:01:56.827] [modloading-worker-0/INFO] [xaero.lib.XaeroLib/]: Loading XaeroLib server 1/2!
[02Sep2026 01:01:56.851] [main/INFO] [xaero.map.server.WorldMapServer/]: Loading Xaero's World Map - Stage 2/2 (Server)
[02Sep2026 01:01:56.851] [main/INFO] [xaero.minimap.XaeroMinimap/]: Loading Xaero's Minimap - Stage 2/2 (Server)
[02Sep2026 01:01:56.852] [main/INFO] [xaero.lib.XaeroLib/]: Loading XaeroLib common 2/2!
[02Sep2026 01:01:56.852] [main/INFO] [xaero.lib.XaeroLib/]: Loading XaeroLib server 2/2!
[02Sep2026 01:01:57.034] [modloading-worker-0/INFO] [io.redspace.ironsspellbooks.IronsSpellbooks/]: Got IMC []
[02Sep2026 01:01:57.140] [modloading-worker-0/INFO] [AttributeFix/]: Loaded values for 83 compatible attributes.
[02Sep2026 01:01:57.155] [modloading-worker-0/WARN] [AttributeFix/]: Attribute ID 'obscure_api:penetration' does not belong to a known attribute. This entry will be ignored.
[02Sep2026 01:01:57.156] [modloading-worker-0/WARN] [AttributeFix/]: Attribute ID 'obscure_api:dodge' does not belong to a known attribute. This entry will be ignored.
[02Sep2026 01:01:57.156] [modloading-worker-0/WARN] [AttributeFix/]: Attribute ID 'obscure_api:regeneration' does not belong to a known attribute. This entry will be ignored.
[02Sep2026 01:01:57.156] [modloading-worker-0/WARN] [AttributeFix/]: Attribute ID 'fallen_gems_affixes:spread_reduction' does not belong to a known attribute. This entry will be ignored.
[02Sep2026 01:01:57.156] [modloading-worker-0/WARN] [AttributeFix/]: Attribute ID 'obscure_api:magic_resistance' does not belong to a known attribute. This entry will be ignored.
[02Sep2026 01:01:57.160] [modloading-worker-0/WARN] [AttributeFix/]: Attribute ID 'obscure_api:accuracy' does not belong to a known attribute. This entry will be ignored.
[02Sep2026 01:01:57.160] [modloading-worker-0/WARN] [AttributeFix/]: Attribute ID 'block_factorys_bosses:movement_recovery' does not belong to a known attribute. This entry will be ignored.
[02Sep2026 01:01:57.161] [modloading-worker-0/WARN] [AttributeFix/]: Attribute ID 'fallen_gems_affixes:kick_reduction' does not belong to a known attribute. This entry will be ignored.
[02Sep2026 01:01:57.161] [modloading-worker-0/WARN] [AttributeFix/]: Attribute ID 'block_factorys_bosses:burning_stability' does not belong to a known attribute. This entry will be ignored.
[02Sep2026 01:01:57.162] [modloading-worker-0/WARN] [AttributeFix/]: Attribute ID 'obscure_api:critical_damage' does not belong to a known attribute. This entry will be ignored.
[02Sep2026 01:01:57.162] [modloading-worker-0/WARN] [AttributeFix/]: Attribute ID 'fallen_gems_affixes:bullet_damage' does not belong to a known attribute. This entry will be ignored.
[02Sep2026 01:01:57.163] [modloading-worker-0/WARN] [AttributeFix/]: Attribute ID 'fallen_gems_affixes:fire_rate' does not belong to a known attribute. This entry will be ignored.
[02Sep2026 01:01:57.164] [modloading-worker-0/WARN] [AttributeFix/]: Attribute ID 'fallen_gems_affixes:projectile_speed' does not belong to a known attribute. This entry will be ignored.
[02Sep2026 01:01:57.164] [modloading-worker-0/WARN] [AttributeFix/]: Attribute ID 'block_factorys_bosses:roll_animtime' does not belong to a known attribute. This entry will be ignored.
[02Sep2026 01:01:57.164] [modloading-worker-0/WARN] [AttributeFix/]: Attribute ID 'obscure_api:resilience' does not belong to a known attribute. This entry will be ignored.
[02Sep2026 01:01:57.164] [modloading-worker-0/WARN] [AttributeFix/]: Attribute ID 'obscure_api:magic_damage' does not belong to a known attribute. This entry will be ignored.
[02Sep2026 01:01:57.164] [modloading-worker-0/WARN] [AttributeFix/]: Attribute ID 'obscure_api:healing_power' does not belong to a known attribute. This entry will be ignored.
[02Sep2026 01:01:57.165] [modloading-worker-0/WARN] [AttributeFix/]: Attribute ID 'fallen_gems_affixes:max_health_damage' does not belong to a known attribute. This entry will be ignored.
[02Sep2026 01:01:57.169] [modloading-worker-0/WARN] [AttributeFix/]: Attribute ID 'parcool:stamina_recovery' does not belong to a known attribute. This entry will be ignored.
[02Sep2026 01:01:57.170] [modloading-worker-0/WARN] [AttributeFix/]: Attribute ID 'fallen_gems_affixes:reload_speed' does not belong to a known attribute. This entry will be ignored.
[02Sep2026 01:01:57.172] [modloading-worker-0/WARN] [AttributeFix/]: Attribute ID 'obscure_api:parry' does not belong to a known attribute. This entry will be ignored.
[02Sep2026 01:01:57.172] [modloading-worker-0/WARN] [AttributeFix/]: Attribute ID 'fallen_gems_affixes:additional_ammo' does not belong to a known attribute. This entry will be ignored.
[02Sep2026 01:01:57.172] [modloading-worker-0/WARN] [AttributeFix/]: Attribute ID 'obscure_api:critical_hit' does not belong to a known attribute. This entry will be ignored.
[02Sep2026 01:01:57.172] [modloading-worker-0/WARN] [AttributeFix/]: Attribute ID 'parcool:max_stamina' does not belong to a known attribute. This entry will be ignored.
[02Sep2026 01:01:57.172] [modloading-worker-0/INFO] [AttributeFix/]: Loaded 107 values from config.
[02Sep2026 01:01:57.192] [modloading-worker-0/INFO] [AttributeFix/]: Saving config file. 107 entries.
[02Sep2026 01:01:57.193] [modloading-worker-0/INFO] [AttributeFix/]: Applying changes for 107 attributes.
[02Sep2026 01:01:57.205] [modloading-worker-0/INFO] [Jade/]: Start loading plugin at net.blay09.mods.balm.forge.compat.hudinfo.ForgeJadeModCompat
[02Sep2026 01:01:57.215] [modloading-worker-0/INFO] [Jade/]: Start loading plugin at snownee.jade.addon.JadeAddonsBase
[02Sep2026 01:01:57.221] [modloading-worker-0/INFO] [Jade/]: Start loading plugin at com.aetherteam.aether.integration.jade.AetherJadePlugin
[02Sep2026 01:01:57.222] [modloading-worker-0/INFO] [Jade/]: Start loading plugin at com.black_dog20.tabstats.common.compat.Jade
[02Sep2026 01:01:57.222] [modloading-worker-0/INFO] [Jade/]: Start loading plugin at com.wintercogs.beyonddimensions.integration.module.jade.BDJadePlugin
[02Sep2026 01:01:57.224] [modloading-worker-0/INFO] [Jade/]: Start loading plugin at net.blay09.mods.waystones.compat.JadeIntegration
[02Sep2026 01:01:57.224] [modloading-worker-0/INFO] [Jade/]: Start loading plugin at snownee.jade.addon.vanilla.VanillaPlugin
[02Sep2026 01:01:57.235] [modloading-worker-0/INFO] [Jade/]: Start loading plugin at snownee.jade.addon.universal.UniversalPlugin
[02Sep2026 01:01:57.240] [modloading-worker-0/INFO] [Jade/]: Start loading plugin at snownee.jade.addon.core.CorePlugin
[02Sep2026 01:01:57.241] [modloading-worker-0/INFO] [Jade/]: Start loading plugin at net.mehvahdjukaar.supplementaries.integration.JadeCompat
[02Sep2026 01:01:57.261] [main/INFO] [citadel/]: adding citadel surface rules via terrablender...
[02Sep2026 01:01:57.262] [main/INFO] [citadel/]: Added 0 vanilla biome surface rule types via terrablender
[02Sep2026 01:01:57.262] [main/INFO] [citadel/]: Added 0 modded biome surface rule types via terrablender
[02Sep2026 01:01:57.597] [main/INFO] [epicfight/]: Data keys [epicfight:combo_counter, epicfight:basic_attack_active] for epicfight:basic_attack
[02Sep2026 01:01:57.597] [main/INFO] [epicfight/]: Data keys [epicfight:penalty, epicfight:penalty_restore_counter] for epicfight:guard
[02Sep2026 01:01:57.597] [main/INFO] [epicfight/]: Data keys [epicfight:penalty, epicfight:penalty_restore_counter, epicfight:parry_motion_counter, epicfight:last_active] for epicfight:parrying
[02Sep2026 01:01:57.597] [main/INFO] [epicfight/]: Data keys [epicfight:penalty, epicfight:penalty_restore_counter] for epicfight:impact_guard
[02Sep2026 01:01:57.597] [main/INFO] [epicfight/]: Data keys [epicfight:stacks, epicfight:tick_record, epicfight:resisting_damage_type] for epicfight:adaptive_skin
[02Sep2026 01:01:57.598] [main/INFO] [epicfight/]: Data keys [epicfight:tick_record] for epicfight:adrenaline_fiend
[02Sep2026 01:01:57.598] [main/INFO] [epicfight/]: Data keys [epicfight:stacks, epicfight:entity_id] for epicfight:bonebreaker
[02Sep2026 01:01:57.598] [main/INFO] [epicfight/]: Data keys [epicfight:tick_record, epicfight:entity_id] for epicfight:vengeance
[02Sep2026 01:01:57.598] [main/INFO] [epicfight/]: Data keys [epicfight:slam_protect_next_fall, epicfight:fall_distance] for epicfight:meteor_slam
[02Sep2026 01:01:57.598] [main/INFO] [epicfight/]: Data keys [epicfight:stacks] for epicfight:revelation
[02Sep2026 01:01:57.598] [main/INFO] [epicfight/]: Data keys [epicfight:slam_protect_next_fall] for epicfight:demolition_leap
[02Sep2026 01:01:57.598] [main/INFO] [epicfight/]: Data keys [epicfight:jump_key_pressed_last_tick, epicfight:slam_protect_next_fall, epicfight:jump_count] for epicfight:phantom_ascent
[02Sep2026 01:01:57.598] [main/INFO] [epicfight/]: Data keys [epicfight:last_hit_count] for epicfight:grasping_spire
[02Sep2026 01:01:57.598] [main/INFO] [epicfight/]: Data keys [epicfight:sheath] for epicfight:battojutsu_passive
[02Sep2026 01:01:57.598] [main/INFO] [epicfight/]: Data keys [epicfight:sheath] for epicfight:battojutsu
[02Sep2026 01:01:57.598] [main/INFO] [epicfight/]: Data keys [epicfight:combo_counter] for epicfight:blade_rush
[02Sep2026 01:01:57.598] [main/INFO] [epicfight/]: Data keys [epicfight:thrown_trident_entity_id] for epicfight:everlasting_allegiance
[02Sep2026 01:01:57.599] [main/INFO] [epicfight/]: Data keys [wom:target_id] for wom:ender_obscuris
[02Sep2026 01:01:57.599] [main/INFO] [epicfight/]: Data keys [wom:dodge, wom:timer, wom:timer_refresh] for wom:dodge_master
[02Sep2026 01:01:57.599] [main/INFO] [epicfight/]: Data keys [wom:cooldown, wom:active, wom:registered_position, wom:registered_health, wom:dodge, wom:timer, wom:timer_refresh] for wom:time_travel
[02Sep2026 01:01:57.599] [main/INFO] [epicfight/]: Data keys [wom:cooldown] for wom:punishment_kick
[02Sep2026 01:01:57.599] [main/INFO] [epicfight/]: Data keys [epicfight:penalty, wom:consumprion_value, epicfight:penalty_restore_counter, wom:parrying, wom:last_active] for wom:counter_attack
[02Sep2026 01:01:57.599] [main/INFO] [epicfight/]: Data keys [epicfight:penalty, wom:cooldown, wom:consumprion_value, wom:timer, epicfight:penalty_restore_counter, wom:timer_refresh, wom:vengence_duration, wom:charge, wom:holding_stance] for wom:vengeful_parry
[02Sep2026 01:01:57.599] [main/INFO] [epicfight/]: Data keys [epicfight:penalty, wom:cooldown, epicfight:penalty_restore_counter, wom:parrying, wom:charge] for wom:perfect_bulwark
[02Sep2026 01:01:57.599] [main/INFO] [epicfight/]: Data keys [wom:cycle, wom:charge] for wom:soul_protection
[02Sep2026 01:01:57.599] [main/INFO] [epicfight/]: Data keys [wom:cycle, wom:charge] for wom:shulker_cloak
[02Sep2026 01:01:57.599] [main/INFO] [epicfight/]: Data keys [epicfight:penalty, wom:active, wom:timer, epicfight:penalty_restore_counter] for wom:buster_parade
[02Sep2026 01:01:57.599] [main/INFO] [epicfight/]: Data keys [wom:duree, wom:active, wom:timer, wom:timer_refresh] for wom:pain_anticipation
[02Sep2026 01:01:57.599] [main/INFO] [epicfight/]: Data keys [wom:duree, wom:active, wom:timer, wom:timer_refresh] for wom:latent_retribution
[02Sep2026 01:01:57.599] [main/INFO] [epicfight/]: Data keys [wom:rate, wom:power] for wom:critical_knowledge
[02Sep2026 01:01:57.600] [main/INFO] [epicfight/]: Data keys [wom:cooldown, wom:recovery_rate, wom:max_shield] for wom:heart_shield
[02Sep2026 01:01:57.600] [main/INFO] [epicfight/]: Data keys [wom:saved_elapsed_time, wom:step, wom:melody_index] for wom:dancing_blade
[02Sep2026 01:01:57.600] [main/INFO] [epicfight/]: Data keys [wom:duree, wom:active, wom:stage, wom:timer, wom:cycle, wom:timer_refresh] for wom:meditation
[02Sep2026 01:01:57.600] [main/INFO] [epicfight/]: Data keys [wom:cooldown] for wom:dopamine
[02Sep2026 01:01:57.600] [main/INFO] [epicfight/]: Data keys [wom:last_active] for wom:manipulator
[02Sep2026 01:01:57.600] [main/INFO] [epicfight/]: Data keys [wom:stack, wom:timer, wom:rate, wom:power] for wom:lethal_focus
[02Sep2026 01:01:57.600] [main/INFO] [epicfight/]: Data keys [wom:jump_key_up, wom:timer, wom:wall_running, wom:timer_refresh, wom:angle, wom:wall_glide] for wom:spider_techniques
[02Sep2026 01:01:57.600] [main/INFO] [epicfight/]: Data keys [wom:cooldown, wom:consumprion_value, wom:jump_key_up, wom:mermaid_movement, wom:crawling, wom:diving, wom:water_dashing] for wom:aqua_maneuvre
[02Sep2026 01:01:57.600] [main/INFO] [epicfight/]: Data keys [wom:consumprion_value, wom:active, wom:stage, wom:timer, wom:wall_running, wom:wall_glide, wom:buffing, wom:verso] for wom:natural_sprinter
[02Sep2026 01:01:57.600] [main/INFO] [epicfight/]: Data keys [wom:timer] for wom:lunatic_vivacity
[02Sep2026 01:01:57.600] [main/INFO] [epicfight/]: Data keys [wom:consumprion_value, wom:registered_health, wom:timer] for wom:voodoo_magic
[02Sep2026 01:01:57.600] [main/INFO] [epicfight/]: Data keys [wom:target_distance, wom:target_id] for wom:back_and_forth
[02Sep2026 01:01:57.601] [main/INFO] [epicfight/]: Data keys [wom:cooldown, wom:combo] for wom:shooting_style
[02Sep2026 01:01:57.601] [main/INFO] [epicfight/]: Data keys [wom:active, wom:timer] for wom:proximity_exploiter
[02Sep2026 01:01:57.601] [main/INFO] [epicfight/]: Data keys [wom:stack, wom:timer] for wom:all_eyes_on_you
[02Sep2026 01:01:57.601] [main/INFO] [epicfight/]: Data keys [wom:stack, wom:timer] for wom:all_eyes_on_me
[02Sep2026 01:01:57.601] [main/INFO] [epicfight/]: Data keys [wom:cooldown, wom:timer] for wom:avatar_of_might
[02Sep2026 01:01:57.601] [main/INFO] [epicfight/]: Data keys [wom:stack, wom:active, wom:attacks] for wom:agony_plunge
[02Sep2026 01:01:57.601] [main/INFO] [epicfight/]: Data keys [wom:saved_charge, wom:active, wom:charging_time, wom:timer, wom:charged_attack, wom:timer_refresh, wom:charged, wom:charging, wom:movespeed] for wom:torment_passive
[02Sep2026 01:01:57.601] [main/INFO] [epicfight/]: Data keys [wom:active, wom:timer, wom:timer_refresh] for wom:true_berserk
[02Sep2026 01:01:57.601] [main/INFO] [epicfight/]: Data keys [wom:stack] for wom:herrscher_passive
[02Sep2026 01:01:57.601] [main/INFO] [epicfight/]: Data keys [wom:buffed, wom:redemptioon, wom:timer, wom:strenght, wom:expiation, wom:timer_refresh, wom:buffing, wom:verso] for wom:plunder_perdition
[02Sep2026 01:01:57.601] [main/INFO] [epicfight/]: Data keys [wom:sheath] for wom:satsujin_passive
[02Sep2026 01:01:57.601] [main/INFO] [epicfight/]: Data keys [wom:stack, wom:second_draw, wom:saved_charge, wom:active, wom:damage, wom:frequency, wom:timer, wom:attacks, wom:timer_refresh, wom:cooldown, wom:timedslash, wom:charge, wom:charging, wom:holding_stance] for wom:sakura_state
[02Sep2026 01:01:57.602] [main/INFO] [epicfight/]: Data keys [wom:reload_cooldown, wom:cooldown, wom:zoom, wom:nofalldamage, wom:combo, wom:using_item, wom:shoot] for wom:ender_blast
[02Sep2026 01:01:57.602] [main/INFO] [epicfight/]: Data keys [wom:reload_cooldown, wom:cooldown, wom:zoom, wom:nofalldamage, wom:combo, wom:side, wom:using_item, wom:shoot] for wom:ender_fusion
[02Sep2026 01:01:57.602] [main/INFO] [epicfight/]: Data keys [wom:cooldown, wom:guard_point, wom:charging_time, wom:guard_point_result, wom:combo, wom:parrying, wom:charged, wom:gesetz_sprengkopf, wom:holding_stance] for wom:regierung
[02Sep2026 01:01:57.602] [main/INFO] [epicfight/]: Data keys [wom:lunar_eclipse_stack, wom:crescent, wom:timer, wom:echo, wom:timer_refresh] for wom:lunar_eclipse
[02Sep2026 01:01:57.602] [main/INFO] [epicfight/]: Data keys [wom:idle, wom:verso] for wom:lunar_echo_passive
[02Sep2026 01:01:57.602] [main/INFO] [epicfight/]: Data keys [wom:witheraftereffect, wom:serius_focus, wom:serius_focus_cooldown, wom:active, wom:zoom_cooldown, wom:ascending, wom:blackhole_timer, wom:timer, wom:zoom, wom:darkness_portal_angle, wom:timer_refresh, wom:darkness_target, wom:darkness_portal_timer, wom:darkness_portal_vec, wom:blackhole_active, wom:shoot_cooldown, wom:darkness_target_vec, wom:witherccatharsis, wom:darkness_target_hited, wom:darkness_activate_portal, wom:blackhole_vec, wom:darkness_target_reaped, wom:shoot, wom:blackhole] for wom:demonic_ascension
[02Sep2026 01:01:57.602] [main/INFO] [epicfight/]: Data keys [wom:idle, wom:catharsis, wom:basic_attack, wom:withercurse, wom:blink, wom:particle, wom:lapse] for wom:demon_mark_passive
[02Sep2026 01:01:57.602] [main/INFO] [epicfight/]: Data keys [wom:timer, wom:solar_obscuridad, wom:timed_attack, wom:heat_level, wom:solar_crematorio, wom:timer_refresh, wom:particle, wom:cycle, wom:heating_speed, wom:charge, wom:charging, wom:solar_infernio, wom:stored_heat_level, wom:solar_obscuridad_ta_timer] for wom:solar_arcano
[02Sep2026 01:01:57.602] [main/INFO] [epicfight/]: Data keys [wom:timer, wom:solar_obscuridad, wom:timed_attack, wom:heat_level, wom:solar_crematorio, wom:timer_refresh, wom:particle, wom:cycle, wom:heating_speed, wom:charge, wom:charging, wom:solar_infernio, wom:stored_heat_level, wom:solar_obscuridad_ta_timer] for wom:solar_passive
[02Sep2026 01:01:57.602] [main/INFO] [epicfight/]: Data keys [wom:serius_focus, wom:serius_focus_cooldown] for wom:rechargement
[02Sep2026 01:01:57.602] [main/INFO] [epicfight/]: Data keys [wom:bullet_overloaded, wom:super_reload, wom:active, wom:bullet_loaded_old, wom:shell_anim, wom:shell_number, wom:shell_delay, wom:bullet_loaded] for wom:napoleon_passive
[02Sep2026 01:01:57.603] [main/INFO] [epicfight/]: Data keys [dodge_parry_reward:delay_timer] for dodge_parry_reward:health_boost1
[02Sep2026 01:01:57.603] [main/INFO] [epicfight/]: Data keys [dodge_parry_reward:delay_timer] for dodge_parry_reward:health_boost2
[02Sep2026 01:01:57.603] [main/INFO] [epicfight/]: Data keys [dodge_parry_reward:delay_timer] for dodge_parry_reward:health_boost3
[02Sep2026 01:01:57.603] [main/INFO] [epicfight/]: Data keys [dodge_parry_reward:delay_timer] for dodge_parry_reward:health_boost4
[02Sep2026 01:01:57.603] [main/INFO] [epicfight/]: Data keys [dodge_parry_reward:delay_timer] for dodge_parry_reward:absorb1
[02Sep2026 01:01:57.603] [main/INFO] [epicfight/]: Data keys [dodge_parry_reward:delay_timer] for dodge_parry_reward:absorb2
[02Sep2026 01:01:57.603] [main/INFO] [epicfight/]: Data keys [dodge_parry_reward:delay_timer] for dodge_parry_reward:absorb3
[02Sep2026 01:01:57.603] [main/INFO] [epicfight/]: Data keys [dodge_parry_reward:delay_timer] for dodge_parry_reward:absorb4
[02Sep2026 01:01:57.603] [main/INFO] [epicfight/]: Data keys [dodge_parry_reward:delay_timer] for dodge_parry_reward:heal1
[02Sep2026 01:01:57.603] [main/INFO] [epicfight/]: Data keys [dodge_parry_reward:delay_timer] for dodge_parry_reward:heal2
[02Sep2026 01:01:57.603] [main/INFO] [epicfight/]: Data keys [dodge_parry_reward:delay_timer] for dodge_parry_reward:heal3
[02Sep2026 01:01:57.603] [main/INFO] [epicfight/]: Data keys [dodge_parry_reward:delay_timer] for dodge_parry_reward:heal4
[02Sep2026 01:01:57.603] [main/INFO] [epicfight/]: Data keys [dodge_parry_reward:delay_timer] for dodge_parry_reward:resist1
[02Sep2026 01:01:57.604] [main/INFO] [epicfight/]: Data keys [dodge_parry_reward:delay_timer] for dodge_parry_reward:resist2
[02Sep2026 01:01:57.604] [main/INFO] [epicfight/]: Data keys [dodge_parry_reward:delay_timer] for dodge_parry_reward:resist3
[02Sep2026 01:01:57.604] [main/INFO] [epicfight/]: Data keys [dodge_parry_reward:delay_timer] for dodge_parry_reward:resist4
[02Sep2026 01:01:57.604] [main/INFO] [epicfight/]: Data keys [dodge_parry_reward:delay_timer] for dodge_parry_reward:stun_imm1
[02Sep2026 01:01:57.604] [main/INFO] [epicfight/]: Data keys [dodge_parry_reward:delay_timer] for dodge_parry_reward:stun_imm2
[02Sep2026 01:01:57.604] [main/INFO] [epicfight/]: Data keys [dodge_parry_reward:delay_timer] for dodge_parry_reward:stun_imm3
[02Sep2026 01:01:57.604] [main/INFO] [epicfight/]: Data keys [dodge_parry_reward:delay_timer] for dodge_parry_reward:stun_imm4
[02Sep2026 01:01:57.604] [main/INFO] [epicfight/]: Data keys [dodge_parry_reward:delay_timer] for dodge_parry_reward:damage_boost1
[02Sep2026 01:01:57.604] [main/INFO] [epicfight/]: Data keys [dodge_parry_reward:delay_timer] for dodge_parry_reward:damage_boost2
[02Sep2026 01:01:57.604] [main/INFO] [epicfight/]: Data keys [dodge_parry_reward:delay_timer] for dodge_parry_reward:damage_boost3
[02Sep2026 01:01:57.604] [main/INFO] [epicfight/]: Data keys [dodge_parry_reward:delay_timer] for dodge_parry_reward:damage_boost4
[02Sep2026 01:01:57.604] [main/INFO] [epicfight/]: Data keys [dodge_parry_reward:delay_timer] for dodge_parry_reward:speed1
[02Sep2026 01:01:57.604] [main/INFO] [epicfight/]: Data keys [dodge_parry_reward:delay_timer] for dodge_parry_reward:speed2
[02Sep2026 01:01:57.604] [main/INFO] [epicfight/]: Data keys [dodge_parry_reward:delay_timer] for dodge_parry_reward:speed3
[02Sep2026 01:01:57.605] [main/INFO] [epicfight/]: Data keys [dodge_parry_reward:delay_timer] for dodge_parry_reward:speed4
[02Sep2026 01:01:57.605] [main/INFO] [epicfight/]: Data keys [dodge_parry_reward:delay_timer] for dodge_parry_reward:stamina1
[02Sep2026 01:01:57.605] [main/INFO] [epicfight/]: Data keys [dodge_parry_reward:delay_timer] for dodge_parry_reward:stamina2
[02Sep2026 01:01:57.605] [main/INFO] [epicfight/]: Data keys [dodge_parry_reward:delay_timer] for dodge_parry_reward:stamina3
[02Sep2026 01:01:57.605] [main/INFO] [epicfight/]: Data keys [dodge_parry_reward:delay_timer] for dodge_parry_reward:stamina4
[02Sep2026 01:01:57.605] [main/INFO] [epicfight/]: Data keys [epicfightx:dodge_attacking] for epicfightx:roll
[02Sep2026 01:01:57.605] [main/INFO] [epicfight/]: Data keys [epicfightx:dodge_attacking] for epicfightx:step
[02Sep2026 01:01:57.605] [main/INFO] [epicfight/]: Data keys [epicfightx:is_special_animation, epicfightx:counter_available, epicfightx:dodge_start_time] for epicfightx:combat_mastery_i
[02Sep2026 01:01:57.605] [main/INFO] [epicfight/]: Data keys [epicfightx:sprint_active, epicfightx:dodge_start_time, epicfightx:sprint_available] for epicfightx:combat_mastery_ii
[02Sep2026 01:01:57.605] [main/INFO] [epicfight/]: Data keys [epicfightx:cooldown] for epicfightx:pickaxe_skill
[02Sep2026 01:01:57.605] [main/INFO] [epicfight/]: Data keys [epicfightx:great_tachi_marked_entities] for epicfightx:otachi_skill
[02Sep2026 01:01:57.605] [main/INFO] [epicfight/]: Data keys [epicfightx:attack_count_snapshot, epicfightx:attack_count, epicfightx:sheath_form] for epicfightx:katana_skill
[02Sep2026 01:01:57.605] [main/INFO] [epicfight/]: Data keys [epicfightx:sheath_killed, epicfightx:sheath] for epicfightx:battojutsu_passive
[02Sep2026 01:01:57.605] [main/INFO] [epicfight/]: Data keys [epicfightx:sheath] for epicfightx:battojutsu
[02Sep2026 01:01:57.605] [main/INFO] [epicfight/]: Data keys [invincible:left, invincible:down, invincible:parry_timer, invincible:dodge_success_timer, invincible:cooldown, invincible:right, invincible:up] for invincible:combo_demo
[02Sep2026 01:01:57.606] [main/INFO] [epicfight/]: Data keys [sword_soaring:cooldown_timer, sword_soaring:sword_entity_id] for sword_soaring:kill_aura_1
[02Sep2026 01:01:57.606] [main/INFO] [epicfight/]: Data keys [sword_soaring:cooldown_timer, sword_soaring:sword_entity_id] for sword_soaring:kill_aura_2
[02Sep2026 01:01:57.606] [main/INFO] [epicfight/]: Data keys [sword_soaring:protect_count, sword_soaring:cooldown_timer, sword_soaring:sword_entity_id] for sword_soaring:screen_sword
[02Sep2026 01:01:57.606] [main/INFO] [epicfight/]: Data keys [sword_soaring:cooldown_timer, sword_soaring:delay_timer, sword_soaring:play_big_dipper] for sword_soaring:rain_sword
[02Sep2026 01:01:57.606] [main/INFO] [epicfight/]: Data keys [sword_soaring:cooldown_timer, sword_soaring:camera_timer] for sword_soaring:babylon
[02Sep2026 01:01:57.606] [main/INFO] [epicfight/]: Data keys [sword_soaring:cooldown_timer, sword_soaring:is_pressing, sword_soaring:is_charging] for sword_soaring:wan_jian_gui_zong
[02Sep2026 01:01:57.606] [main/INFO] [epicfight/]: Data keys [sword_soaring:cooldown_timer, sword_soaring:flying, sword_soaring:accelerating] for sword_soaring:sword_soaring_apprentice
[02Sep2026 01:01:57.606] [main/INFO] [epicfight/]: Data keys [sword_soaring:cooldown_timer, sword_soaring:flying, sword_soaring:accelerating] for sword_soaring:sword_soaring_expert
[02Sep2026 01:01:57.606] [main/INFO] [epicfight/]: Data keys [sword_soaring:cooldown_timer, sword_soaring:flying, sword_soaring:accelerating] for sword_soaring:sword_soaring_master
[02Sep2026 01:01:57.606] [main/INFO] [epicfight/]: Data keys [sword_soaring:cooldown_timer, sword_soaring:flying, sword_soaring:accelerating] for sword_soaring:sword_soaring_elytra_apprentice
[02Sep2026 01:01:57.606] [main/INFO] [epicfight/]: Data keys [sword_soaring:cooldown_timer, sword_soaring:flying, sword_soaring:accelerating] for sword_soaring:sword_soaring_elytra_expert
[02Sep2026 01:01:57.606] [main/INFO] [epicfight/]: Data keys [sword_soaring:cooldown_timer, sword_soaring:flying, sword_soaring:accelerating] for sword_soaring:sword_soaring_elytra_master
[02Sep2026 01:01:57.606] [main/INFO] [epicfight/]: Data keys [invincible:left, invincible:down, invincible:parry_timer, invincible:dodge_success_timer, invincible:cooldown, invincible:right, invincible:up] for sword_soaring:vatansever_innate
[02Sep2026 01:01:57.607] [main/INFO] [epicfight/]: Data keys [sword_soaring:sword_count, sword_soaring:artifact_spirit_entity_id] for sword_soaring:vatansever_passive
[02Sep2026 01:01:57.607] [main/INFO] [epicfight/]: Data keys [efn:scythe_blood_power, efn:scythe_sheath] for efn:scythe_skill
[02Sep2026 01:01:57.607] [main/INFO] [epicfight/]: Data keys [efn:press_innate, efn:thornwheel_loop, efn:thornwheel_loop_available] for efn:thornwheel
[02Sep2026 01:01:57.607] [main/INFO] [epicfight/]: Data keys [efn:jump_count, efn:murasama_forward_dodge, efn:jump_key_pressed_last_tick] for efn:murasama_dodge
[02Sep2026 01:01:57.607] [main/INFO] [epicfight/]: Data keys [efn:puncture_increment, efn:current_puncture_chance, efn:max_puncture_chance, efn:base_puncture_chance] for efn:parry_master
[02Sep2026 01:01:57.607] [main/INFO] [epicfight/]: Data keys [efn:buff_active, efn:defense_start_tick, efn:buff_end_tick] for efn:precise_parry
[02Sep2026 01:01:57.607] [main/INFO] [epicfight/]: Data keys [efn:cooldown, efn:cooldown_1, efn:cooldown_2] for efn:judgementcutend
[02Sep2026 01:01:57.607] [main/INFO] [epicfight/]: Data keys [efn:cooldown, efn:cooldown_1, efn:cooldown_2] for efn:stomp
[02Sep2026 01:01:57.607] [main/INFO] [epicfight/]: Data keys [efn:murasama_zansetsu_timer, efn:murasama_zansetsu_sector, efn:arts_key, efn:murasama_zandatsu_available, efn:murasama_last_triggered_sector, efn:murasama_zansetsu_input_mode, efn:murasama_input_mode_switch_pressed, efn:murasama_zansetsu_end_time, efn:murasama_key_right_down, efn:murasama_opposite_triggered, efn:murasama_left_mouse_pressed, efn:murasama_zandatsu_end_time, efn:murasama_pair_flag, efn:murasama_zansetsu_active, efn:arts_key_pressed, efn:murasama_zansetsu_slash_release, efn:murasama_zansetsu_attack_counter, efn:murasama_key_left_down, efn:murasama_zandatsu_start_time, efn:murasama_zansetsu_start_time] for efn:zansetsu
[02Sep2026 01:01:57.607] [main/INFO] [epicfight/]: Data keys [efn:cooldown, efn:cooldown_1, efn:cooldown_2] for efn:execution
[02Sep2026 01:01:57.607] [main/INFO] [epicfight/]: Data keys [epicfight:penalty, efn:efn_last_parry_time, efn:efn_first_shake, efn:efn_shake_penalty_count, efn:efn_shake_detected, efn:efn_last_successful_defense_tick, epicfight:penalty_restore_counter, efn:efn_starting_parry, efn:efn_parry_motion_counter, efn:efn_last_active, efn:efn_last_guard_start_tick, efn:efn_delay_protection_end] for efn:efn_parry
[02Sep2026 01:01:57.608] [main/INFO] [epicfight/]: Data keys [epicfight:penalty, efn:efn_last_parry_time, efn:efn_first_shake, efn:efn_shake_penalty_count, efn:efn_shake_detected, efn:efn_last_successful_defense_tick, epicfight:penalty_restore_counter, efn:efn_starting_parry, efn:efn_parry_motion_counter, efn:efn_last_active, efn:efn_last_guard_start_tick, efn:efn_delay_protection_end] for efn:murasama_parry
[02Sep2026 01:01:57.608] [main/INFO] [epicfight/]: Data keys [efn:arts_key, efn:sekiro_art_index, efn:cooldown, efn:arts_key_pressed, efn:cooldown_1, efn:cooldown_2, efn:arts_input_buffer] for efn:mortal_blade
[02Sep2026 01:01:57.608] [main/INFO] [epicfight/]: Data keys [efn:doppelganger_tick, efn:key2_press_timer, efn:press_key4, efn:press_key3, invincible:up, efn:jump_key, efn:key3_press_timer, efn:key4_press_timer, efn:key1_press_timer, efn:press_summon_sword, efn:full_charge_message, efn:charge_power, efn:pressing_key1, efn:sprint_key, efn:charge_message, efn:innate_press_timer, efn:press_doppelganger, efn:cooldown, efn:combo_counter, efn:pressing_innate, efn:have_doppelganger, efn:cooldown_2, efn:doppelganger_style, efn:is_pressing, efn:arts_key, efn:pressing_key3, efn:press_key2, efn:was_long_pressed, efn:sneak_key, efn:press_key1, efn:charge_ticks, efn:cooldown_1, efn:pressing_key2, efn:is_charging, efn:force_release, efn:demon_key, invincible:cooldown, invincible:right, efn:angel_key, efn:down_key, efn:charge_stage, invincible:dodge_success_timer, efn:guard_key, efn:energy_check, efn:up_key, invincible:left, invincible:down, invincible:parry_timer, efn:doppelganger_delay, efn:pressing_key4, efn:press_innate, efn:arts_key_pressed] for efn:yamato
[02Sep2026 01:01:57.608] [main/INFO] [epicfight/]: Data keys [efn:doppelganger_delay, efn:doppelganger_tick, efn:stun_cooldown, efn:parry_cooldown, efn:have_doppelganger, efn:doppelganger_style] for efn:yamato_passive
[02Sep2026 01:01:57.608] [main/INFO] [epicfight/]: Data keys [efn:replay_enhanced, efn:key2_press_timer, efn:press_key4, efn:press_key3, invincible:up, efn:jump_key, efn:key3_press_timer, efn:key4_press_timer, efn:key1_press_timer, efn:press_summon_sword, efn:full_charge_message, efn:charge_power, efn:pressing_key1, efn:sprint_key, efn:charge_message, efn:damage_history, efn:innate_press_timer, efn:cooldown, efn:combo_counter, efn:pressing_innate, efn:cooldown_2, efn:is_replay_damage, efn:is_pressing, efn:arts_key, efn:pressing_key3, efn:press_key2, efn:was_long_pressed, efn:sneak_key, efn:press_key1, efn:charge_ticks, efn:cooldown_1, efn:pressing_key2, efn:is_charging, efn:force_release, efn:demon_key, invincible:cooldown, invincible:right, efn:angel_key, efn:down_key, efn:charge_stage, invincible:dodge_success_timer, efn:guard_key, efn:energy_check, efn:up_key, invincible:left, invincible:down, invincible:parry_timer, efn:pressing_key4, efn:press_innate, efn:arts_key_pressed] for efn:shortsword
[02Sep2026 01:01:57.608] [main/INFO] [epicfight/]: Data keys [efn:is_pressing, efn:arts_key, efn:pressing_key3, efn:press_key2, efn:was_long_pressed, efn:sneak_key, efn:press_key1, efn:charge_ticks, efn:key2_press_timer, efn:cooldown_1, efn:press_key4, efn:pressing_key2, efn:press_key3, invincible:up, efn:is_charging, efn:force_release, efn:demon_key, efn:jump_key, efn:key3_press_timer, efn:key4_press_timer, invincible:cooldown, invincible:right, efn:angel_key, efn:key1_press_timer, efn:press_summon_sword, efn:down_key, efn:charge_stage, efn:full_charge_message, efn:charge_power, efn:pressing_key1, invincible:dodge_success_timer, efn:sprint_key, efn:charge_message, efn:guard_key, efn:energy_check, efn:up_key, efn:innate_press_timer, invincible:left, invincible:down, invincible:parry_timer, efn:pressing_key4, efn:press_innate, efn:cooldown, efn:arts_key_pressed, efn:combo_counter, efn:pressing_innate, efn:cooldown_2] for efn:ruinsgreatsword
[02Sep2026 01:01:57.608] [main/INFO] [epicfight/]: Data keys [efn:is_pressing, efn:arts_key, efn:pressing_key3, efn:press_key2, efn:was_long_pressed, efn:sneak_key, efn:press_key1, efn:charge_ticks, efn:key2_press_timer, efn:cooldown_1, efn:press_key4, efn:pressing_key2, efn:press_key3, invincible:up, efn:is_charging, efn:force_release, efn:demon_key, efn:jump_key, efn:key3_press_timer, efn:key4_press_timer, invincible:cooldown, invincible:right, efn:angel_key, efn:key1_press_timer, efn:press_summon_sword, efn:down_key, efn:charge_stage, efn:full_charge_message, efn:charge_power, efn:pressing_key1, invincible:dodge_success_timer, efn:sprint_key, efn:charge_message, efn:guard_key, efn:energy_check, efn:up_key, efn:innate_press_timer, invincible:left, invincible:down, invincible:parry_timer, efn:pressing_key4, efn:press_innate, efn:cooldown, efn:arts_key_pressed, efn:combo_counter, efn:pressing_innate, efn:cooldown_2] for efn:pioneer
[02Sep2026 01:01:57.608] [main/INFO] [epicfight/]: Data keys [efn:murasama_zansetsu_sector, efn:murasama_input_mode_switch_pressed, efn:murasama_sheath, efn:key2_press_timer, efn:press_key4, efn:press_key3, invincible:up, efn:murasama_opposite_triggered, efn:jump_key, efn:key3_press_timer, efn:key4_press_timer, efn:key1_press_timer, efn:press_summon_sword, efn:murasama_zansetsu_timer, efn:sprint_sheath_timer, efn:full_charge_message, efn:charge_power, efn:pressing_key1, efn:sprint_key, efn:murasama_sheath_timer, efn:charge_message, efn:murasama_zansetsu_end_time, efn:innate_press_timer, efn:murasama_air_borne, efn:murasama_pair_flag, efn:cooldown, efn:murasama_key_left_down, efn:murasama_zandatsu_start_time, efn:combo_counter, efn:pressing_innate, efn:murasama_zansetsu_start_time, efn:cooldown_2, efn:murasama_zandatsu_available, efn:is_pressing, efn:arts_key, efn:pressing_key3, efn:press_key2, efn:was_long_pressed, efn:murasama_zansetsu_input_mode, efn:sneak_key, efn:press_key1, efn:charge_ticks, efn:murasama_forward_dodge, efn:murasama_key_right_down, efn:cooldown_1, efn:pressing_key2, efn:manual_unsheath, efn:is_charging, efn:force_release, efn:murasama_left_mouse_pressed, efn:murasama_zandatsu_end_time, efn:demon_key, invincible:cooldown, efn:murasama_zansetsu_active, invincible:right, efn:murasama_zansetsu_attack_counter, efn:angel_key, efn:down_key, efn:charge_stage, efn:murasama_last_triggered_sector, invincible:dodge_success_timer, efn:guard_key, efn:energy_check, efn:up_key, invincible:left, invincible:down, invincible:parry_timer, efn:pressing_key4, efn:press_innate, efn:murasama_zansetsu_slash_release, efn:arts_key_pressed] for efn:murasama
[02Sep2026 01:01:57.609] [main/INFO] [epicfight/]: Data keys [efn:murasama_zansetsu_sector, efn:murasama_zandatsu_available, efn:forward_backward_end_tick, efn:murasama_zansetsu_input_mode, efn:murasama_input_mode_switch_pressed, efn:murasama_sheath, efn:murasama_forward_dodge, efn:murasama_key_right_down, efn:double_tap_timer, efn:is_double_tap_sprint, efn:manual_unsheath, efn:murasama_opposite_triggered, efn:murasama_left_mouse_pressed, efn:murasama_zandatsu_end_time, efn:murasama_zansetsu_active, efn:murasama_zansetsu_attack_counter, efn:forward_pressed_last_tick, efn:murasama_zansetsu_timer, efn:forward_backward_timer, efn:jump_count, efn:sprint_sheath_timer, efn:forward_backward_success, efn:murasama_last_triggered_sector, efn:murasama_sheath_timer, efn:murasama_zansetsu_end_time, efn:was_double_tap_sprint, efn:backward_pressed_last_tick, efn:forward_backward_window_active, efn:murasama_pair_flag, efn:forward_backward_remaining_ticks, efn:murasama_zansetsu_slash_release, efn:murasama_key_left_down, efn:murasama_zandatsu_start_time, efn:murasama_zansetsu_start_time, efn:up_key_pressed_last_tick, efn:jump_key_pressed_last_tick] for efn:murasama_passive
[02Sep2026 01:01:57.609] [main/INFO] [epicfight/]: Data keys [efn:is_pressing, efn:arts_key, efn:pressing_key3, efn:press_key2, efn:was_long_pressed, efn:sneak_key, efn:press_key1, efn:charge_ticks, efn:key2_press_timer, efn:cooldown_1, efn:press_key4, efn:pressing_key2, efn:press_key3, invincible:up, efn:is_charging, efn:force_release, efn:demon_key, efn:jump_key, efn:key3_press_timer, efn:key4_press_timer, invincible:cooldown, invincible:right, efn:angel_key, efn:key1_press_timer, efn:press_summon_sword, efn:down_key, efn:charge_stage, efn:full_charge_message, efn:charge_power, efn:pressing_key1, invincible:dodge_success_timer, efn:sprint_key, efn:charge_message, efn:guard_key, efn:energy_check, efn:up_key, efn:innate_press_timer, invincible:left, invincible:down, invincible:parry_timer, efn:pressing_key4, efn:press_innate, efn:cooldown, efn:arts_key_pressed, efn:combo_counter, efn:pressing_innate, efn:cooldown_2] for efn:meenlance
[02Sep2026 01:01:57.609] [main/INFO] [epicfight/]: Data keys [efn:is_pressing, efn:arts_key, efn:pressing_key3, efn:press_key2, efn:was_long_pressed, efn:sneak_key, efn:press_key1, efn:charge_ticks, efn:key2_press_timer, efn:cooldown_1, efn:press_key4, efn:pressing_key2, efn:press_key3, invincible:up, efn:is_charging, efn:force_release, efn:demon_key, efn:jump_key, efn:key3_press_timer, efn:key4_press_timer, invincible:cooldown, invincible:right, efn:angel_key, efn:key1_press_timer, efn:press_summon_sword, efn:down_key, efn:charge_stage, efn:full_charge_message, efn:charge_power, efn:pressing_key1, invincible:dodge_success_timer, efn:sprint_key, efn:charge_message, efn:guard_key, efn:energy_check, efn:up_key, efn:innate_press_timer, invincible:left, invincible:down, invincible:parry_timer, efn:pressing_key4, efn:press_innate, efn:cooldown, efn:arts_key_pressed, efn:combo_counter, efn:pressing_innate, efn:cooldown_2] for efn:kusabimaru
[02Sep2026 01:01:57.609] [main/INFO] [epicfight/]: Data keys [efn:murasama_zansetsu_sector, efn:murasama_input_mode_switch_pressed, efn:murasama_sheath, efn:key2_press_timer, efn:press_key4, efn:press_key3, invincible:up, efn:murasama_opposite_triggered, efn:jump_key, efn:key3_press_timer, efn:key4_press_timer, efn:key1_press_timer, efn:press_summon_sword, efn:murasama_zansetsu_timer, efn:sprint_sheath_timer, efn:full_charge_message, efn:charge_power, efn:pressing_key1, efn:sprint_key, efn:murasama_sheath_timer, efn:charge_message, efn:murasama_zansetsu_end_time, efn:innate_press_timer, efn:murasama_air_borne, efn:murasama_pair_flag, efn:cooldown, efn:murasama_key_left_down, efn:murasama_zandatsu_start_time, efn:combo_counter, efn:pressing_innate, efn:murasama_zansetsu_start_time, efn:cooldown_2, efn:murasama_zandatsu_available, efn:is_pressing, efn:arts_key, efn:pressing_key3, efn:press_key2, efn:was_long_pressed, efn:murasama_zansetsu_input_mode, efn:sneak_key, efn:press_key1, efn:charge_ticks, efn:murasama_forward_dodge, efn:murasama_key_right_down, efn:cooldown_1, efn:pressing_key2, efn:manual_unsheath, efn:is_charging, efn:force_release, efn:murasama_left_mouse_pressed, efn:murasama_zandatsu_end_time, efn:demon_key, invincible:cooldown, efn:murasama_zansetsu_active, invincible:right, efn:murasama_zansetsu_attack_counter, efn:angel_key, efn:down_key, efn:charge_stage, efn:murasama_last_triggered_sector, invincible:dodge_success_timer, efn:guard_key, efn:energy_check, efn:up_key, invincible:left, invincible:down, invincible:parry_timer, efn:pressing_key4, efn:press_innate, efn:murasama_zansetsu_slash_release, efn:arts_key_pressed] for efn:hf_blade
[02Sep2026 01:01:57.609] [main/INFO] [epicfight/]: Data keys [efn:murasama_zansetsu_sector, efn:murasama_zandatsu_available, efn:forward_backward_end_tick, efn:murasama_zansetsu_input_mode, efn:murasama_input_mode_switch_pressed, efn:murasama_sheath, efn:murasama_forward_dodge, efn:murasama_key_right_down, efn:double_tap_timer, efn:is_double_tap_sprint, efn:manual_unsheath, efn:murasama_opposite_triggered, efn:murasama_left_mouse_pressed, efn:murasama_zandatsu_end_time, efn:murasama_zansetsu_active, efn:murasama_zansetsu_attack_counter, efn:forward_pressed_last_tick, efn:murasama_zansetsu_timer, efn:forward_backward_timer, efn:jump_count, efn:sprint_sheath_timer, efn:forward_backward_success, efn:murasama_last_triggered_sector, efn:murasama_sheath_timer, efn:murasama_zansetsu_end_time, efn:was_double_tap_sprint, efn:backward_pressed_last_tick, efn:forward_backward_window_active, efn:murasama_pair_flag, efn:forward_backward_remaining_ticks, efn:murasama_zansetsu_slash_release, efn:murasama_key_left_down, efn:murasama_zandatsu_start_time, efn:murasama_zansetsu_start_time, efn:up_key_pressed_last_tick, efn:jump_key_pressed_last_tick] for efn:hf_blade_passive
[02Sep2026 01:01:57.609] [main/INFO] [epicfight/]: Data keys [efn:is_pressing, efn:arts_key, efn:pressing_key3, efn:press_key2, efn:was_long_pressed, efn:sneak_key, efn:press_key1, efn:charge_ticks, efn:key2_press_timer, efn:cooldown_1, efn:press_key4, efn:pressing_key2, efn:press_key3, invincible:up, efn:is_charging, efn:force_release, efn:demon_key, efn:jump_key, efn:key3_press_timer, efn:key4_press_timer, invincible:cooldown, invincible:right, efn:angel_key, efn:key1_press_timer, efn:press_summon_sword, efn:down_key, efn:charge_stage, efn:full_charge_message, efn:charge_power, efn:pressing_key1, invincible:dodge_success_timer, efn:sprint_key, efn:charge_message, efn:guard_key, efn:energy_check, efn:up_key, efn:innate_press_timer, invincible:left, invincible:down, invincible:parry_timer, efn:pressing_key4, efn:press_innate, efn:cooldown, efn:arts_key_pressed, efn:combo_counter, efn:pressing_innate, efn:cooldown_2] for efn:exsiliumgladius
[02Sep2026 01:01:57.609] [main/INFO] [epicfight/]: Data keys [invincible:left, invincible:down, invincible:parry_timer, invincible:dodge_success_timer, invincible:cooldown, invincible:right, invincible:up] for efn:examplecombo
[02Sep2026 01:01:57.609] [main/INFO] [epicfight/]: Data keys [efn:is_pressing, efn:arts_key, efn:pressing_key3, efn:press_key2, efn:was_long_pressed, efn:sneak_key, efn:press_key1, efn:charge_ticks, efn:key2_press_timer, efn:cooldown_1, efn:press_key4, efn:pressing_key2, efn:press_key3, invincible:up, efn:is_charging, efn:force_release, efn:demon_key, efn:jump_key, efn:key3_press_timer, efn:key4_press_timer, invincible:cooldown, invincible:right, efn:angel_key, efn:key1_press_timer, efn:press_summon_sword, efn:down_key, efn:charge_stage, efn:full_charge_message, efn:charge_power, efn:pressing_key1, invincible:dodge_success_timer, efn:sprint_key, efn:charge_message, efn:guard_key, efn:energy_check, efn:up_key, efn:innate_press_timer, invincible:left, invincible:down, invincible:parry_timer, efn:pressing_key4, efn:press_innate, efn:cooldown, efn:arts_key_pressed, efn:combo_counter, efn:pressing_innate, efn:cooldown_2] for efn:crescentmoon
[02Sep2026 01:01:57.610] [main/INFO] [epicfight/]: Data keys [efn:is_pressing, efn:arts_key, efn:pressing_key3, efn:press_key2, efn:was_long_pressed, efn:sneak_key, efn:press_key1, efn:charge_ticks, efn:key2_press_timer, efn:cooldown_1, efn:press_key4, efn:pressing_key2, efn:press_key3, invincible:up, efn:is_charging, efn:force_release, efn:demon_key, efn:jump_key, efn:key3_press_timer, efn:key4_press_timer, invincible:cooldown, invincible:right, efn:angel_key, efn:key1_press_timer, efn:press_summon_sword, efn:down_key, efn:charge_stage, efn:full_charge_message, efn:charge_power, efn:pressing_key1, invincible:dodge_success_timer, efn:sprint_key, efn:charge_message, efn:guard_key, efn:energy_check, efn:up_key, efn:innate_press_timer, invincible:left, invincible:down, invincible:parry_timer, efn:pressing_key4, efn:press_innate, efn:cooldown, efn:arts_key_pressed, efn:combo_counter, efn:pressing_innate, efn:cooldown_2] for efn:broadblade
[02Sep2026 01:01:57.610] [main/INFO] [epicfight/]: Data keys [efn:is_pressing, efn:arts_key, efn:pressing_key3, efn:press_key2, efn:was_long_pressed, efn:sneak_key, efn:press_key1, efn:charge_ticks, efn:key2_press_timer, efn:cooldown_1, efn:press_key4, efn:pressing_key2, efn:press_key3, invincible:up, efn:is_charging, efn:force_release, efn:demon_key, efn:jump_key, efn:key3_press_timer, efn:key4_press_timer, invincible:cooldown, invincible:right, efn:angel_key, efn:key1_press_timer, efn:press_summon_sword, efn:down_key, efn:charge_stage, efn:full_charge_message, efn:charge_power, efn:pressing_key1, invincible:dodge_success_timer, efn:sprint_key, efn:charge_message, efn:guard_key, efn:energy_check, efn:up_key, efn:innate_press_timer, invincible:left, invincible:down, invincible:parry_timer, efn:pressing_key4, efn:press_innate, efn:cooldown, efn:arts_key_pressed, efn:combo_counter, efn:pressing_innate, efn:cooldown_2] for efn:bloodlust
[02Sep2026 01:01:57.610] [main/INFO] [epicfight/]: Data keys [efn:is_pressing, efn:arts_key, efn:pressing_key3, efn:press_key2, efn:was_long_pressed, efn:sneak_key, efn:press_key1, efn:charge_ticks, efn:key2_press_timer, efn:cooldown_1, efn:press_key4, efn:pressing_key2, efn:press_key3, invincible:up, efn:is_charging, efn:force_release, efn:demon_key, efn:jump_key, efn:key3_press_timer, efn:key4_press_timer, invincible:cooldown, invincible:right, efn:angel_key, efn:key1_press_timer, efn:press_summon_sword, efn:down_key, efn:charge_stage, efn:full_charge_message, efn:charge_power, efn:pressing_key1, invincible:dodge_success_timer, efn:sprint_key, efn:charge_message, efn:guard_key, efn:energy_check, efn:up_key, efn:innate_press_timer, invincible:left, invincible:down, invincible:parry_timer, efn:pressing_key4, efn:press_innate, efn:cooldown, efn:arts_key_pressed, efn:combo_counter, efn:pressing_innate, efn:cooldown_2] for efn:beastclaw
[02Sep2026 01:01:57.610] [main/INFO] [epicfight/]: Data keys [efn:is_pressing, efn:arts_key, efn:pressing_key3, efn:press_key2, efn:was_long_pressed, efn:sneak_key, efn:press_key1, efn:charge_ticks, efn:key2_press_timer, efn:cooldown_1, efn:press_key4, efn:pressing_key2, efn:press_key3, invincible:up, efn:is_charging, efn:force_release, efn:demon_key, efn:jump_key, efn:key3_press_timer, efn:key4_press_timer, invincible:cooldown, invincible:right, efn:angel_key, efn:key1_press_timer, efn:press_summon_sword, efn:down_key, efn:charge_stage, efn:full_charge_message, efn:charge_power, efn:pressing_key1, invincible:dodge_success_timer, efn:sprint_key, efn:charge_message, efn:guard_key, efn:energy_check, efn:up_key, efn:innate_press_timer, invincible:left, invincible:down, invincible:parry_timer, efn:pressing_key4, efn:press_innate, efn:cooldown, efn:arts_key_pressed, efn:combo_counter, efn:pressing_innate, efn:cooldown_2] for efn:aetherialdusk
[02Sep2026 01:01:57.610] [main/INFO] [epicfight/]: Data keys [dodge_parry_reward:delay_timer] for tcrcore:regen_mana
[02Sep2026 01:01:57.934] [main/INFO] [com.mojang.authlib.yggdrasil.YggdrasilAuthenticationService/]: Environment: authHost='https://authserver.mojang.com', accountsHost='https://api.mojang.com', sessionHost='https://sessionserver.mojang.com', servicesHost='https://api.minecraftservices.com', name='PROD'
[02Sep2026 01:01:58.518] [main/INFO] [epicfight/]: Data keys [epicfight:combo_counter, epicfight:basic_attack_active] for epicfight:basic_attack
[02Sep2026 01:01:58.519] [main/INFO] [epicfight/]: Data keys [epicfight:penalty, epicfight:penalty_restore_counter] for epicfight:guard
[02Sep2026 01:01:58.519] [main/INFO] [epicfight/]: Data keys [epicfight:penalty, epicfight:penalty_restore_counter, epicfight:parry_motion_counter, epicfight:last_active] for epicfight:parrying
[02Sep2026 01:01:58.519] [main/INFO] [epicfight/]: Data keys [epicfight:penalty, epicfight:penalty_restore_counter] for epicfight:impact_guard
[02Sep2026 01:01:58.519] [main/INFO] [epicfight/]: Data keys [epicfight:stacks, epicfight:tick_record, epicfight:resisting_damage_type] for epicfight:adaptive_skin
[02Sep2026 01:01:58.519] [main/INFO] [epicfight/]: Data keys [epicfight:tick_record] for epicfight:adrenaline_fiend
[02Sep2026 01:01:58.519] [main/INFO] [epicfight/]: Data keys [epicfight:stacks, epicfight:entity_id] for epicfight:bonebreaker
[02Sep2026 01:01:58.519] [main/INFO] [epicfight/]: Data keys [epicfight:tick_record, epicfight:entity_id] for epicfight:vengeance
[02Sep2026 01:01:58.519] [main/INFO] [epicfight/]: Data keys [epicfight:slam_protect_next_fall, epicfight:fall_distance] for epicfight:meteor_slam
[02Sep2026 01:01:58.519] [main/INFO] [epicfight/]: Data keys [epicfight:stacks] for epicfight:revelation
[02Sep2026 01:01:58.519] [main/INFO] [epicfight/]: Data keys [epicfight:slam_protect_next_fall] for epicfight:demolition_leap
[02Sep2026 01:01:58.520] [main/INFO] [epicfight/]: Data keys [epicfight:jump_key_pressed_last_tick, epicfight:slam_protect_next_fall, epicfight:jump_count] for epicfight:phantom_ascent
[02Sep2026 01:01:58.520] [main/INFO] [epicfight/]: Data keys [epicfight:last_hit_count] for epicfight:grasping_spire
[02Sep2026 01:01:58.520] [main/INFO] [epicfight/]: Data keys [epicfight:sheath] for epicfight:battojutsu_passive
[02Sep2026 01:01:58.520] [main/INFO] [epicfight/]: Data keys [epicfight:sheath] for epicfight:battojutsu
[02Sep2026 01:01:58.520] [main/INFO] [epicfight/]: Data keys [epicfight:combo_counter] for epicfight:blade_rush
[02Sep2026 01:01:58.520] [main/INFO] [epicfight/]: Data keys [epicfight:thrown_trident_entity_id] for epicfight:everlasting_allegiance
[02Sep2026 01:01:58.520] [main/INFO] [epicfight/]: Data keys [wom:target_id] for wom:ender_obscuris
[02Sep2026 01:01:58.520] [main/INFO] [epicfight/]: Data keys [wom:dodge, wom:timer, wom:timer_refresh] for wom:dodge_master
[02Sep2026 01:01:58.520] [main/INFO] [epicfight/]: Data keys [wom:cooldown, wom:active, wom:registered_position, wom:registered_health, wom:dodge, wom:timer, wom:timer_refresh] for wom:time_travel
[02Sep2026 01:01:58.520] [main/INFO] [epicfight/]: Data keys [wom:cooldown] for wom:punishment_kick
[02Sep2026 01:01:58.521] [main/INFO] [epicfight/]: Data keys [epicfight:penalty, wom:consumprion_value, epicfight:penalty_restore_counter, wom:parrying, wom:last_active] for wom:counter_attack
[02Sep2026 01:01:58.521] [main/INFO] [epicfight/]: Data keys [epicfight:penalty, wom:cooldown, wom:consumprion_value, wom:timer, epicfight:penalty_restore_counter, wom:timer_refresh, wom:vengence_duration, wom:charge, wom:holding_stance] for wom:vengeful_parry
[02Sep2026 01:01:58.521] [main/INFO] [epicfight/]: Data keys [epicfight:penalty, wom:cooldown, epicfight:penalty_restore_counter, wom:parrying, wom:charge] for wom:perfect_bulwark
[02Sep2026 01:01:58.521] [main/INFO] [epicfight/]: Data keys [wom:cycle, wom:charge] for wom:soul_protection
[02Sep2026 01:01:58.521] [main/INFO] [epicfight/]: Data keys [wom:cycle, wom:charge] for wom:shulker_cloak
[02Sep2026 01:01:58.521] [main/INFO] [epicfight/]: Data keys [epicfight:penalty, wom:active, wom:timer, epicfight:penalty_restore_counter] for wom:buster_parade
[02Sep2026 01:01:58.521] [main/INFO] [epicfight/]: Data keys [wom:duree, wom:active, wom:timer, wom:timer_refresh] for wom:pain_anticipation
[02Sep2026 01:01:58.521] [main/INFO] [epicfight/]: Data keys [wom:duree, wom:active, wom:timer, wom:timer_refresh] for wom:latent_retribution
[02Sep2026 01:01:58.521] [main/INFO] [epicfight/]: Data keys [wom:rate, wom:power] for wom:critical_knowledge
[02Sep2026 01:01:58.522] [main/INFO] [epicfight/]: Data keys [wom:cooldown, wom:recovery_rate, wom:max_shield] for wom:heart_shield
[02Sep2026 01:01:58.522] [main/INFO] [epicfight/]: Data keys [wom:saved_elapsed_time, wom:step, wom:melody_index] for wom:dancing_blade
[02Sep2026 01:01:58.522] [main/INFO] [epicfight/]: Data keys [wom:duree, wom:active, wom:stage, wom:timer, wom:cycle, wom:timer_refresh] for wom:meditation
[02Sep2026 01:01:58.522] [main/INFO] [epicfight/]: Data keys [wom:cooldown] for wom:dopamine
[02Sep2026 01:01:58.522] [main/INFO] [epicfight/]: Data keys [wom:last_active] for wom:manipulator
[02Sep2026 01:01:58.522] [main/INFO] [epicfight/]: Data keys [wom:stack, wom:timer, wom:rate, wom:power] for wom:lethal_focus
[02Sep2026 01:01:58.522] [main/INFO] [epicfight/]: Data keys [wom:jump_key_up, wom:timer, wom:wall_running, wom:timer_refresh, wom:angle, wom:wall_glide] for wom:spider_techniques
[02Sep2026 01:01:58.522] [main/INFO] [epicfight/]: Data keys [wom:cooldown, wom:consumprion_value, wom:jump_key_up, wom:mermaid_movement, wom:crawling, wom:diving, wom:water_dashing] for wom:aqua_maneuvre
[02Sep2026 01:01:58.522] [main/INFO] [epicfight/]: Data keys [wom:consumprion_value, wom:active, wom:stage, wom:timer, wom:wall_running, wom:wall_glide, wom:buffing, wom:verso] for wom:natural_sprinter
[02Sep2026 01:01:58.522] [main/INFO] [epicfight/]: Data keys [wom:timer] for wom:lunatic_vivacity
[02Sep2026 01:01:58.522] [main/INFO] [epicfight/]: Data keys [wom:consumprion_value, wom:registered_health, wom:timer] for wom:voodoo_magic
[02Sep2026 01:01:58.522] [main/INFO] [epicfight/]: Data keys [wom:target_distance, wom:target_id] for wom:back_and_forth
[02Sep2026 01:01:58.522] [main/INFO] [epicfight/]: Data keys [wom:cooldown, wom:combo] for wom:shooting_style
[02Sep2026 01:01:58.523] [main/INFO] [epicfight/]: Data keys [wom:active, wom:timer] for wom:proximity_exploiter
[02Sep2026 01:01:58.523] [main/INFO] [epicfight/]: Data keys [wom:stack, wom:timer] for wom:all_eyes_on_you
[02Sep2026 01:01:58.523] [main/INFO] [epicfight/]: Data keys [wom:stack, wom:timer] for wom:all_eyes_on_me
[02Sep2026 01:01:58.523] [main/INFO] [epicfight/]: Data keys [wom:cooldown, wom:timer] for wom:avatar_of_might
[02Sep2026 01:01:58.523] [main/INFO] [epicfight/]: Data keys [wom:stack, wom:active, wom:attacks] for wom:agony_plunge
[02Sep2026 01:01:58.523] [main/INFO] [epicfight/]: Data keys [wom:saved_charge, wom:active, wom:charging_time, wom:timer, wom:charged_attack, wom:timer_refresh, wom:charged, wom:charging, wom:movespeed] for wom:torment_passive
[02Sep2026 01:01:58.523] [main/INFO] [epicfight/]: Data keys [wom:active, wom:timer, wom:timer_refresh] for wom:true_berserk
[02Sep2026 01:01:58.523] [main/INFO] [epicfight/]: Data keys [wom:stack] for wom:herrscher_passive
[02Sep2026 01:01:58.523] [main/INFO] [epicfight/]: Data keys [wom:buffed, wom:redemptioon, wom:timer, wom:strenght, wom:expiation, wom:timer_refresh, wom:buffing, wom:verso] for wom:plunder_perdition
[02Sep2026 01:01:58.523] [main/INFO] [epicfight/]: Data keys [wom:sheath] for wom:satsujin_passive
[02Sep2026 01:01:58.523] [main/INFO] [epicfight/]: Data keys [wom:stack, wom:second_draw, wom:saved_charge, wom:active, wom:damage, wom:frequency, wom:timer, wom:attacks, wom:timer_refresh, wom:cooldown, wom:timedslash, wom:charge, wom:charging, wom:holding_stance] for wom:sakura_state
[02Sep2026 01:01:58.524] [main/INFO] [epicfight/]: Data keys [wom:reload_cooldown, wom:cooldown, wom:zoom, wom:nofalldamage, wom:combo, wom:using_item, wom:shoot] for wom:ender_blast
[02Sep2026 01:01:58.524] [main/INFO] [epicfight/]: Data keys [wom:reload_cooldown, wom:cooldown, wom:zoom, wom:nofalldamage, wom:combo, wom:side, wom:using_item, wom:shoot] for wom:ender_fusion
[02Sep2026 01:01:58.524] [main/INFO] [epicfight/]: Data keys [wom:cooldown, wom:guard_point, wom:charging_time, wom:guard_point_result, wom:combo, wom:parrying, wom:charged, wom:gesetz_sprengkopf, wom:holding_stance] for wom:regierung
[02Sep2026 01:01:58.524] [main/INFO] [epicfight/]: Data keys [wom:lunar_eclipse_stack, wom:crescent, wom:timer, wom:echo, wom:timer_refresh] for wom:lunar_eclipse
[02Sep2026 01:01:58.524] [main/INFO] [epicfight/]: Data keys [wom:idle, wom:verso] for wom:lunar_echo_passive
[02Sep2026 01:01:58.524] [main/INFO] [epicfight/]: Data keys [wom:witheraftereffect, wom:serius_focus, wom:serius_focus_cooldown, wom:active, wom:zoom_cooldown, wom:ascending, wom:blackhole_timer, wom:timer, wom:zoom, wom:darkness_portal_angle, wom:timer_refresh, wom:darkness_target, wom:darkness_portal_timer, wom:darkness_portal_vec, wom:blackhole_active, wom:shoot_cooldown, wom:darkness_target_vec, wom:witherccatharsis, wom:darkness_target_hited, wom:darkness_activate_portal, wom:blackhole_vec, wom:darkness_target_reaped, wom:shoot, wom:blackhole] for wom:demonic_ascension
[02Sep2026 01:01:58.524] [main/INFO] [epicfight/]: Data keys [wom:idle, wom:catharsis, wom:basic_attack, wom:withercurse, wom:blink, wom:particle, wom:lapse] for wom:demon_mark_passive
[02Sep2026 01:01:58.524] [main/INFO] [epicfight/]: Data keys [wom:timer, wom:solar_obscuridad, wom:timed_attack, wom:heat_level, wom:solar_crematorio, wom:timer_refresh, wom:particle, wom:cycle, wom:heating_speed, wom:charge, wom:charging, wom:solar_infernio, wom:stored_heat_level, wom:solar_obscuridad_ta_timer] for wom:solar_arcano
[02Sep2026 01:01:58.524] [main/INFO] [epicfight/]: Data keys [wom:timer, wom:solar_obscuridad, wom:timed_attack, wom:heat_level, wom:solar_crematorio, wom:timer_refresh, wom:particle, wom:cycle, wom:heating_speed, wom:charge, wom:charging, wom:solar_infernio, wom:stored_heat_level, wom:solar_obscuridad_ta_timer] for wom:solar_passive
[02Sep2026 01:01:58.524] [main/INFO] [epicfight/]: Data keys [wom:serius_focus, wom:serius_focus_cooldown] for wom:rechargement
[02Sep2026 01:01:58.525] [main/INFO] [epicfight/]: Data keys [wom:bullet_overloaded, wom:super_reload, wom:active, wom:bullet_loaded_old, wom:shell_anim, wom:shell_number, wom:shell_delay, wom:bullet_loaded] for wom:napoleon_passive
[02Sep2026 01:01:58.525] [main/INFO] [epicfight/]: Data keys [dodge_parry_reward:delay_timer] for dodge_parry_reward:health_boost1
[02Sep2026 01:01:58.525] [main/INFO] [epicfight/]: Data keys [dodge_parry_reward:delay_timer] for dodge_parry_reward:health_boost2
[02Sep2026 01:01:58.525] [main/INFO] [epicfight/]: Data keys [dodge_parry_reward:delay_timer] for dodge_parry_reward:health_boost3
[02Sep2026 01:01:58.525] [main/INFO] [epicfight/]: Data keys [dodge_parry_reward:delay_timer] for dodge_parry_reward:health_boost4
[02Sep2026 01:01:58.525] [main/INFO] [epicfight/]: Data keys [dodge_parry_reward:delay_timer] for dodge_parry_reward:absorb1
[02Sep2026 01:01:58.525] [main/INFO] [epicfight/]: Data keys [dodge_parry_reward:delay_timer] for dodge_parry_reward:absorb2
[02Sep2026 01:01:58.525] [main/INFO] [epicfight/]: Data keys [dodge_parry_reward:delay_timer] for dodge_parry_reward:absorb3
[02Sep2026 01:01:58.526] [main/INFO] [epicfight/]: Data keys [dodge_parry_reward:delay_timer] for dodge_parry_reward:absorb4
[02Sep2026 01:01:58.526] [main/INFO] [epicfight/]: Data keys [dodge_parry_reward:delay_timer] for dodge_parry_reward:heal1
[02Sep2026 01:01:58.526] [main/INFO] [epicfight/]: Data keys [dodge_parry_reward:delay_timer] for dodge_parry_reward:heal2
[02Sep2026 01:01:58.526] [main/INFO] [epicfight/]: Data keys [dodge_parry_reward:delay_timer] for dodge_parry_reward:heal3
[02Sep2026 01:01:58.526] [main/INFO] [epicfight/]: Data keys [dodge_parry_reward:delay_timer] for dodge_parry_reward:heal4
[02Sep2026 01:01:58.526] [main/INFO] [epicfight/]: Data keys [dodge_parry_reward:delay_timer] for dodge_parry_reward:resist1
[02Sep2026 01:01:58.526] [main/INFO] [epicfight/]: Data keys [dodge_parry_reward:delay_timer] for dodge_parry_reward:resist2
[02Sep2026 01:01:58.526] [main/INFO] [epicfight/]: Data keys [dodge_parry_reward:delay_timer] for dodge_parry_reward:resist3
[02Sep2026 01:01:58.526] [main/INFO] [epicfight/]: Data keys [dodge_parry_reward:delay_timer] for dodge_parry_reward:resist4
[02Sep2026 01:01:58.526] [main/INFO] [epicfight/]: Data keys [dodge_parry_reward:delay_timer] for dodge_parry_reward:stun_imm1
[02Sep2026 01:01:58.526] [main/INFO] [epicfight/]: Data keys [dodge_parry_reward:delay_timer] for dodge_parry_reward:stun_imm2
[02Sep2026 01:01:58.526] [main/INFO] [epicfight/]: Data keys [dodge_parry_reward:delay_timer] for dodge_parry_reward:stun_imm3
[02Sep2026 01:01:58.526] [main/INFO] [epicfight/]: Data keys [dodge_parry_reward:delay_timer] for dodge_parry_reward:stun_imm4
[02Sep2026 01:01:58.527] [main/INFO] [epicfight/]: Data keys [dodge_parry_reward:delay_timer] for dodge_parry_reward:damage_boost1
[02Sep2026 01:01:58.527] [main/INFO] [epicfight/]: Data keys [dodge_parry_reward:delay_timer] for dodge_parry_reward:damage_boost2
[02Sep2026 01:01:58.527] [main/INFO] [epicfight/]: Data keys [dodge_parry_reward:delay_timer] for dodge_parry_reward:damage_boost3
[02Sep2026 01:01:58.527] [main/INFO] [epicfight/]: Data keys [dodge_parry_reward:delay_timer] for dodge_parry_reward:damage_boost4
[02Sep2026 01:01:58.527] [main/INFO] [epicfight/]: Data keys [dodge_parry_reward:delay_timer] for dodge_parry_reward:speed1
[02Sep2026 01:01:58.527] [main/INFO] [epicfight/]: Data keys [dodge_parry_reward:delay_timer] for dodge_parry_reward:speed2
[02Sep2026 01:01:58.527] [main/INFO] [epicfight/]: Data keys [dodge_parry_reward:delay_timer] for dodge_parry_reward:speed3
[02Sep2026 01:01:58.527] [main/INFO] [epicfight/]: Data keys [dodge_parry_reward:delay_timer] for dodge_parry_reward:speed4
[02Sep2026 01:01:58.527] [main/INFO] [epicfight/]: Data keys [dodge_parry_reward:delay_timer] for dodge_parry_reward:stamina1
[02Sep2026 01:01:58.527] [main/INFO] [epicfight/]: Data keys [dodge_parry_reward:delay_timer] for dodge_parry_reward:stamina2
[02Sep2026 01:01:58.527] [main/INFO] [epicfight/]: Data keys [dodge_parry_reward:delay_timer] for dodge_parry_reward:stamina3
[02Sep2026 01:01:58.527] [main/INFO] [epicfight/]: Data keys [dodge_parry_reward:delay_timer] for dodge_parry_reward:stamina4
[02Sep2026 01:01:58.528] [main/INFO] [epicfight/]: Data keys [epicfightx:dodge_attacking] for epicfightx:roll
[02Sep2026 01:01:58.528] [main/INFO] [epicfight/]: Data keys [epicfightx:dodge_attacking] for epicfightx:step
[02Sep2026 01:01:58.528] [main/INFO] [epicfight/]: Data keys [epicfightx:is_special_animation, epicfightx:counter_available, epicfightx:dodge_start_time] for epicfightx:combat_mastery_i
[02Sep2026 01:01:58.528] [main/INFO] [epicfight/]: Data keys [epicfightx:sprint_active, epicfightx:dodge_start_time, epicfightx:sprint_available] for epicfightx:combat_mastery_ii
[02Sep2026 01:01:58.528] [main/INFO] [epicfight/]: Data keys [epicfightx:cooldown] for epicfightx:pickaxe_skill
[02Sep2026 01:01:58.528] [main/INFO] [epicfight/]: Data keys [epicfightx:great_tachi_marked_entities] for epicfightx:otachi_skill
[02Sep2026 01:01:58.528] [main/INFO] [epicfight/]: Data keys [epicfightx:attack_count_snapshot, epicfightx:attack_count, epicfightx:sheath_form] for epicfightx:katana_skill
[02Sep2026 01:01:58.528] [main/INFO] [epicfight/]: Data keys [epicfightx:sheath_killed, epicfightx:sheath] for epicfightx:battojutsu_passive
[02Sep2026 01:01:58.528] [main/INFO] [epicfight/]: Data keys [epicfightx:sheath] for epicfightx:battojutsu
[02Sep2026 01:01:58.529] [main/INFO] [epicfight/]: Data keys [invincible:left, invincible:down, invincible:parry_timer, invincible:dodge_success_timer, invincible:cooldown, invincible:right, invincible:up] for invincible:combo_demo
[02Sep2026 01:01:58.529] [main/INFO] [epicfight/]: Data keys [sword_soaring:cooldown_timer, sword_soaring:sword_entity_id] for sword_soaring:kill_aura_1
[02Sep2026 01:01:58.529] [main/INFO] [epicfight/]: Data keys [sword_soaring:cooldown_timer, sword_soaring:sword_entity_id] for sword_soaring:kill_aura_2
[02Sep2026 01:01:58.529] [main/INFO] [epicfight/]: Data keys [sword_soaring:protect_count, sword_soaring:cooldown_timer, sword_soaring:sword_entity_id] for sword_soaring:screen_sword
[02Sep2026 01:01:58.529] [main/INFO] [epicfight/]: Data keys [sword_soaring:cooldown_timer, sword_soaring:delay_timer, sword_soaring:play_big_dipper] for sword_soaring:rain_sword
[02Sep2026 01:01:58.529] [main/INFO] [epicfight/]: Data keys [sword_soaring:cooldown_timer, sword_soaring:camera_timer] for sword_soaring:babylon
[02Sep2026 01:01:58.529] [main/INFO] [epicfight/]: Data keys [sword_soaring:cooldown_timer, sword_soaring:is_pressing, sword_soaring:is_charging] for sword_soaring:wan_jian_gui_zong
[02Sep2026 01:01:58.529] [main/INFO] [epicfight/]: Data keys [sword_soaring:cooldown_timer, sword_soaring:flying, sword_soaring:accelerating] for sword_soaring:sword_soaring_apprentice
[02Sep2026 01:01:58.529] [main/INFO] [epicfight/]: Data keys [sword_soaring:cooldown_timer, sword_soaring:flying, sword_soaring:accelerating] for sword_soaring:sword_soaring_expert
[02Sep2026 01:01:58.529] [main/INFO] [epicfight/]: Data keys [sword_soaring:cooldown_timer, sword_soaring:flying, sword_soaring:accelerating] for sword_soaring:sword_soaring_master
[02Sep2026 01:01:58.529] [main/INFO] [epicfight/]: Data keys [sword_soaring:cooldown_timer, sword_soaring:flying, sword_soaring:accelerating] for sword_soaring:sword_soaring_elytra_apprentice
[02Sep2026 01:01:58.529] [main/INFO] [epicfight/]: Data keys [sword_soaring:cooldown_timer, sword_soaring:flying, sword_soaring:accelerating] for sword_soaring:sword_soaring_elytra_expert
[02Sep2026 01:01:58.530] [main/INFO] [epicfight/]: Data keys [sword_soaring:cooldown_timer, sword_soaring:flying, sword_soaring:accelerating] for sword_soaring:sword_soaring_elytra_master
[02Sep2026 01:01:58.530] [main/INFO] [epicfight/]: Data keys [invincible:left, invincible:down, invincible:parry_timer, invincible:dodge_success_timer, invincible:cooldown, invincible:right, invincible:up] for sword_soaring:vatansever_innate
[02Sep2026 01:01:58.530] [main/INFO] [epicfight/]: Data keys [sword_soaring:sword_count, sword_soaring:artifact_spirit_entity_id] for sword_soaring:vatansever_passive
[02Sep2026 01:01:58.530] [main/INFO] [epicfight/]: Data keys [efn:scythe_blood_power, efn:scythe_sheath] for efn:scythe_skill
[02Sep2026 01:01:58.530] [main/INFO] [epicfight/]: Data keys [efn:press_innate, efn:thornwheel_loop, efn:thornwheel_loop_available] for efn:thornwheel
[02Sep2026 01:01:58.530] [main/INFO] [epicfight/]: Data keys [efn:jump_count, efn:murasama_forward_dodge, efn:jump_key_pressed_last_tick] for efn:murasama_dodge
[02Sep2026 01:01:58.530] [main/INFO] [epicfight/]: Data keys [efn:puncture_increment, efn:current_puncture_chance, efn:max_puncture_chance, efn:base_puncture_chance] for efn:parry_master
[02Sep2026 01:01:58.530] [main/INFO] [epicfight/]: Data keys [efn:buff_active, efn:defense_start_tick, efn:buff_end_tick] for efn:precise_parry
[02Sep2026 01:01:58.530] [main/INFO] [epicfight/]: Data keys [efn:cooldown, efn:cooldown_1, efn:cooldown_2] for efn:judgementcutend
[02Sep2026 01:01:58.530] [main/INFO] [epicfight/]: Data keys [efn:cooldown, efn:cooldown_1, efn:cooldown_2] for efn:stomp
[02Sep2026 01:01:58.530] [main/INFO] [epicfight/]: Data keys [efn:murasama_zansetsu_timer, efn:murasama_zansetsu_sector, efn:arts_key, efn:murasama_zandatsu_available, efn:murasama_last_triggered_sector, efn:murasama_zansetsu_input_mode, efn:murasama_input_mode_switch_pressed, efn:murasama_zansetsu_end_time, efn:murasama_key_right_down, efn:murasama_opposite_triggered, efn:murasama_left_mouse_pressed, efn:murasama_zandatsu_end_time, efn:murasama_pair_flag, efn:murasama_zansetsu_active, efn:arts_key_pressed, efn:murasama_zansetsu_slash_release, efn:murasama_zansetsu_attack_counter, efn:murasama_key_left_down, efn:murasama_zandatsu_start_time, efn:murasama_zansetsu_start_time] for efn:zansetsu
[02Sep2026 01:01:58.530] [main/INFO] [epicfight/]: Data keys [efn:cooldown, efn:cooldown_1, efn:cooldown_2] for efn:execution
[02Sep2026 01:01:58.531] [main/INFO] [epicfight/]: Data keys [epicfight:penalty, efn:efn_last_parry_time, efn:efn_first_shake, efn:efn_shake_penalty_count, efn:efn_shake_detected, efn:efn_last_successful_defense_tick, epicfight:penalty_restore_counter, efn:efn_starting_parry, efn:efn_parry_motion_counter, efn:efn_last_active, efn:efn_last_guard_start_tick, efn:efn_delay_protection_end] for efn:efn_parry
[02Sep2026 01:01:58.531] [main/INFO] [epicfight/]: Data keys [epicfight:penalty, efn:efn_last_parry_time, efn:efn_first_shake, efn:efn_shake_penalty_count, efn:efn_shake_detected, efn:efn_last_successful_defense_tick, epicfight:penalty_restore_counter, efn:efn_starting_parry, efn:efn_parry_motion_counter, efn:efn_last_active, efn:efn_last_guard_start_tick, efn:efn_delay_protection_end] for efn:murasama_parry
[02Sep2026 01:01:58.531] [main/INFO] [epicfight/]: Data keys [efn:arts_key, efn:sekiro_art_index, efn:cooldown, efn:arts_key_pressed, efn:cooldown_1, efn:cooldown_2, efn:arts_input_buffer] for efn:mortal_blade
[02Sep2026 01:01:58.531] [main/INFO] [epicfight/]: Data keys [efn:doppelganger_tick, efn:key2_press_timer, efn:press_key4, efn:press_key3, invincible:up, efn:jump_key, efn:key3_press_timer, efn:key4_press_timer, efn:key1_press_timer, efn:press_summon_sword, efn:full_charge_message, efn:charge_power, efn:pressing_key1, efn:sprint_key, efn:charge_message, efn:innate_press_timer, efn:press_doppelganger, efn:cooldown, efn:combo_counter, efn:pressing_innate, efn:have_doppelganger, efn:cooldown_2, efn:doppelganger_style, efn:is_pressing, efn:arts_key, efn:pressing_key3, efn:press_key2, efn:was_long_pressed, efn:sneak_key, efn:press_key1, efn:charge_ticks, efn:cooldown_1, efn:pressing_key2, efn:is_charging, efn:force_release, efn:demon_key, invincible:cooldown, invincible:right, efn:angel_key, efn:down_key, efn:charge_stage, invincible:dodge_success_timer, efn:guard_key, efn:energy_check, efn:up_key, invincible:left, invincible:down, invincible:parry_timer, efn:doppelganger_delay, efn:pressing_key4, efn:press_innate, efn:arts_key_pressed] for efn:yamato
[02Sep2026 01:01:58.531] [main/INFO] [epicfight/]: Data keys [efn:doppelganger_delay, efn:doppelganger_tick, efn:stun_cooldown, efn:parry_cooldown, efn:have_doppelganger, efn:doppelganger_style] for efn:yamato_passive
[02Sep2026 01:01:58.531] [main/INFO] [epicfight/]: Data keys [efn:replay_enhanced, efn:key2_press_timer, efn:press_key4, efn:press_key3, invincible:up, efn:jump_key, efn:key3_press_timer, efn:key4_press_timer, efn:key1_press_timer, efn:press_summon_sword, efn:full_charge_message, efn:charge_power, efn:pressing_key1, efn:sprint_key, efn:charge_message, efn:damage_history, efn:innate_press_timer, efn:cooldown, efn:combo_counter, efn:pressing_innate, efn:cooldown_2, efn:is_replay_damage, efn:is_pressing, efn:arts_key, efn:pressing_key3, efn:press_key2, efn:was_long_pressed, efn:sneak_key, efn:press_key1, efn:charge_ticks, efn:cooldown_1, efn:pressing_key2, efn:is_charging, efn:force_release, efn:demon_key, invincible:cooldown, invincible:right, efn:angel_key, efn:down_key, efn:charge_stage, invincible:dodge_success_timer, efn:guard_key, efn:energy_check, efn:up_key, invincible:left, invincible:down, invincible:parry_timer, efn:pressing_key4, efn:press_innate, efn:arts_key_pressed] for efn:shortsword
[02Sep2026 01:01:58.531] [main/INFO] [epicfight/]: Data keys [efn:is_pressing, efn:arts_key, efn:pressing_key3, efn:press_key2, efn:was_long_pressed, efn:sneak_key, efn:press_key1, efn:charge_ticks, efn:key2_press_timer, efn:cooldown_1, efn:press_key4, efn:pressing_key2, efn:press_key3, invincible:up, efn:is_charging, efn:force_release, efn:demon_key, efn:jump_key, efn:key3_press_timer, efn:key4_press_timer, invincible:cooldown, invincible:right, efn:angel_key, efn:key1_press_timer, efn:press_summon_sword, efn:down_key, efn:charge_stage, efn:full_charge_message, efn:charge_power, efn:pressing_key1, invincible:dodge_success_timer, efn:sprint_key, efn:charge_message, efn:guard_key, efn:energy_check, efn:up_key, efn:innate_press_timer, invincible:left, invincible:down, invincible:parry_timer, efn:pressing_key4, efn:press_innate, efn:cooldown, efn:arts_key_pressed, efn:combo_counter, efn:pressing_innate, efn:cooldown_2] for efn:ruinsgreatsword
[02Sep2026 01:01:58.531] [main/INFO] [epicfight/]: Data keys [efn:is_pressing, efn:arts_key, efn:pressing_key3, efn:press_key2, efn:was_long_pressed, efn:sneak_key, efn:press_key1, efn:charge_ticks, efn:key2_press_timer, efn:cooldown_1, efn:press_key4, efn:pressing_key2, efn:press_key3, invincible:up, efn:is_charging, efn:force_release, efn:demon_key, efn:jump_key, efn:key3_press_timer, efn:key4_press_timer, invincible:cooldown, invincible:right, efn:angel_key, efn:key1_press_timer, efn:press_summon_sword, efn:down_key, efn:charge_stage, efn:full_charge_message, efn:charge_power, efn:pressing_key1, invincible:dodge_success_timer, efn:sprint_key, efn:charge_message, efn:guard_key, efn:energy_check, efn:up_key, efn:innate_press_timer, invincible:left, invincible:down, invincible:parry_timer, efn:pressing_key4, efn:press_innate, efn:cooldown, efn:arts_key_pressed, efn:combo_counter, efn:pressing_innate, efn:cooldown_2] for efn:pioneer
[02Sep2026 01:01:58.531] [main/INFO] [epicfight/]: Data keys [efn:murasama_zansetsu_sector, efn:murasama_input_mode_switch_pressed, efn:murasama_sheath, efn:key2_press_timer, efn:press_key4, efn:press_key3, invincible:up, efn:murasama_opposite_triggered, efn:jump_key, efn:key3_press_timer, efn:key4_press_timer, efn:key1_press_timer, efn:press_summon_sword, efn:murasama_zansetsu_timer, efn:sprint_sheath_timer, efn:full_charge_message, efn:charge_power, efn:pressing_key1, efn:sprint_key, efn:murasama_sheath_timer, efn:charge_message, efn:murasama_zansetsu_end_time, efn:innate_press_timer, efn:murasama_air_borne, efn:murasama_pair_flag, efn:cooldown, efn:murasama_key_left_down, efn:murasama_zandatsu_start_time, efn:combo_counter, efn:pressing_innate, efn:murasama_zansetsu_start_time, efn:cooldown_2, efn:murasama_zandatsu_available, efn:is_pressing, efn:arts_key, efn:pressing_key3, efn:press_key2, efn:was_long_pressed, efn:murasama_zansetsu_input_mode, efn:sneak_key, efn:press_key1, efn:charge_ticks, efn:murasama_forward_dodge, efn:murasama_key_right_down, efn:cooldown_1, efn:pressing_key2, efn:manual_unsheath, efn:is_charging, efn:force_release, efn:murasama_left_mouse_pressed, efn:murasama_zandatsu_end_time, efn:demon_key, invincible:cooldown, efn:murasama_zansetsu_active, invincible:right, efn:murasama_zansetsu_attack_counter, efn:angel_key, efn:down_key, efn:charge_stage, efn:murasama_last_triggered_sector, invincible:dodge_success_timer, efn:guard_key, efn:energy_check, efn:up_key, invincible:left, invincible:down, invincible:parry_timer, efn:pressing_key4, efn:press_innate, efn:murasama_zansetsu_slash_release, efn:arts_key_pressed] for efn:murasama
[02Sep2026 01:01:58.532] [main/INFO] [epicfight/]: Data keys [efn:murasama_zansetsu_sector, efn:murasama_zandatsu_available, efn:forward_backward_end_tick, efn:murasama_zansetsu_input_mode, efn:murasama_input_mode_switch_pressed, efn:murasama_sheath, efn:murasama_forward_dodge, efn:murasama_key_right_down, efn:double_tap_timer, efn:is_double_tap_sprint, efn:manual_unsheath, efn:murasama_opposite_triggered, efn:murasama_left_mouse_pressed, efn:murasama_zandatsu_end_time, efn:murasama_zansetsu_active, efn:murasama_zansetsu_attack_counter, efn:forward_pressed_last_tick, efn:murasama_zansetsu_timer, efn:forward_backward_timer, efn:jump_count, efn:sprint_sheath_timer, efn:forward_backward_success, efn:murasama_last_triggered_sector, efn:murasama_sheath_timer, efn:murasama_zansetsu_end_time, efn:was_double_tap_sprint, efn:backward_pressed_last_tick, efn:forward_backward_window_active, efn:murasama_pair_flag, efn:forward_backward_remaining_ticks, efn:murasama_zansetsu_slash_release, efn:murasama_key_left_down, efn:murasama_zandatsu_start_time, efn:murasama_zansetsu_start_time, efn:up_key_pressed_last_tick, efn:jump_key_pressed_last_tick] for efn:murasama_passive
[02Sep2026 01:01:58.532] [main/INFO] [epicfight/]: Data keys [efn:is_pressing, efn:arts_key, efn:pressing_key3, efn:press_key2, efn:was_long_pressed, efn:sneak_key, efn:press_key1, efn:charge_ticks, efn:key2_press_timer, efn:cooldown_1, efn:press_key4, efn:pressing_key2, efn:press_key3, invincible:up, efn:is_charging, efn:force_release, efn:demon_key, efn:jump_key, efn:key3_press_timer, efn:key4_press_timer, invincible:cooldown, invincible:right, efn:angel_key, efn:key1_press_timer, efn:press_summon_sword, efn:down_key, efn:charge_stage, efn:full_charge_message, efn:charge_power, efn:pressing_key1, invincible:dodge_success_timer, efn:sprint_key, efn:charge_message, efn:guard_key, efn:energy_check, efn:up_key, efn:innate_press_timer, invincible:left, invincible:down, invincible:parry_timer, efn:pressing_key4, efn:press_innate, efn:cooldown, efn:arts_key_pressed, efn:combo_counter, efn:pressing_innate, efn:cooldown_2] for efn:meenlance
[02Sep2026 01:01:58.532] [main/INFO] [epicfight/]: Data keys [efn:is_pressing, efn:arts_key, efn:pressing_key3, efn:press_key2, efn:was_long_pressed, efn:sneak_key, efn:press_key1, efn:charge_ticks, efn:key2_press_timer, efn:cooldown_1, efn:press_key4, efn:pressing_key2, efn:press_key3, invincible:up, efn:is_charging, efn:force_release, efn:demon_key, efn:jump_key, efn:key3_press_timer, efn:key4_press_timer, invincible:cooldown, invincible:right, efn:angel_key, efn:key1_press_timer, efn:press_summon_sword, efn:down_key, efn:charge_stage, efn:full_charge_message, efn:charge_power, efn:pressing_key1, invincible:dodge_success_timer, efn:sprint_key, efn:charge_message, efn:guard_key, efn:energy_check, efn:up_key, efn:innate_press_timer, invincible:left, invincible:down, invincible:parry_timer, efn:pressing_key4, efn:press_innate, efn:cooldown, efn:arts_key_pressed, efn:combo_counter, efn:pressing_innate, efn:cooldown_2] for efn:kusabimaru
[02Sep2026 01:01:58.532] [main/INFO] [epicfight/]: Data keys [efn:murasama_zansetsu_sector, efn:murasama_input_mode_switch_pressed, efn:murasama_sheath, efn:key2_press_timer, efn:press_key4, efn:press_key3, invincible:up, efn:murasama_opposite_triggered, efn:jump_key, efn:key3_press_timer, efn:key4_press_timer, efn:key1_press_timer, efn:press_summon_sword, efn:murasama_zansetsu_timer, efn:sprint_sheath_timer, efn:full_charge_message, efn:charge_power, efn:pressing_key1, efn:sprint_key, efn:murasama_sheath_timer, efn:charge_message, efn:murasama_zansetsu_end_time, efn:innate_press_timer, efn:murasama_air_borne, efn:murasama_pair_flag, efn:cooldown, efn:murasama_key_left_down, efn:murasama_zandatsu_start_time, efn:combo_counter, efn:pressing_innate, efn:murasama_zansetsu_start_time, efn:cooldown_2, efn:murasama_zandatsu_available, efn:is_pressing, efn:arts_key, efn:pressing_key3, efn:press_key2, efn:was_long_pressed, efn:murasama_zansetsu_input_mode, efn:sneak_key, efn:press_key1, efn:charge_ticks, efn:murasama_forward_dodge, efn:murasama_key_right_down, efn:cooldown_1, efn:pressing_key2, efn:manual_unsheath, efn:is_charging, efn:force_release, efn:murasama_left_mouse_pressed, efn:murasama_zandatsu_end_time, efn:demon_key, invincible:cooldown, efn:murasama_zansetsu_active, invincible:right, efn:murasama_zansetsu_attack_counter, efn:angel_key, efn:down_key, efn:charge_stage, efn:murasama_last_triggered_sector, invincible:dodge_success_timer, efn:guard_key, efn:energy_check, efn:up_key, invincible:left, invincible:down, invincible:parry_timer, efn:pressing_key4, efn:press_innate, efn:murasama_zansetsu_slash_release, efn:arts_key_pressed] for efn:hf_blade
[02Sep2026 01:01:58.532] [main/INFO] [epicfight/]: Data keys [efn:murasama_zansetsu_sector, efn:murasama_zandatsu_available, efn:forward_backward_end_tick, efn:murasama_zansetsu_input_mode, efn:murasama_input_mode_switch_pressed, efn:murasama_sheath, efn:murasama_forward_dodge, efn:murasama_key_right_down, efn:double_tap_timer, efn:is_double_tap_sprint, efn:manual_unsheath, efn:murasama_opposite_triggered, efn:murasama_left_mouse_pressed, efn:murasama_zandatsu_end_time, efn:murasama_zansetsu_active, efn:murasama_zansetsu_attack_counter, efn:forward_pressed_last_tick, efn:murasama_zansetsu_timer, efn:forward_backward_timer, efn:jump_count, efn:sprint_sheath_timer, efn:forward_backward_success, efn:murasama_last_triggered_sector, efn:murasama_sheath_timer, efn:murasama_zansetsu_end_time, efn:was_double_tap_sprint, efn:backward_pressed_last_tick, efn:forward_backward_window_active, efn:murasama_pair_flag, efn:forward_backward_remaining_ticks, efn:murasama_zansetsu_slash_release, efn:murasama_key_left_down, efn:murasama_zandatsu_start_time, efn:murasama_zansetsu_start_time, efn:up_key_pressed_last_tick, efn:jump_key_pressed_last_tick] for efn:hf_blade_passive
[02Sep2026 01:01:58.532] [main/INFO] [epicfight/]: Data keys [efn:is_pressing, efn:arts_key, efn:pressing_key3, efn:press_key2, efn:was_long_pressed, efn:sneak_key, efn:press_key1, efn:charge_ticks, efn:key2_press_timer, efn:cooldown_1, efn:press_key4, efn:pressing_key2, efn:press_key3, invincible:up, efn:is_charging, efn:force_release, efn:demon_key, efn:jump_key, efn:key3_press_timer, efn:key4_press_timer, invincible:cooldown, invincible:right, efn:angel_key, efn:key1_press_timer, efn:press_summon_sword, efn:down_key, efn:charge_stage, efn:full_charge_message, efn:charge_power, efn:pressing_key1, invincible:dodge_success_timer, efn:sprint_key, efn:charge_message, efn:guard_key, efn:energy_check, efn:up_key, efn:innate_press_timer, invincible:left, invincible:down, invincible:parry_timer, efn:pressing_key4, efn:press_innate, efn:cooldown, efn:arts_key_pressed, efn:combo_counter, efn:pressing_innate, efn:cooldown_2] for efn:exsiliumgladius
[02Sep2026 01:01:58.533] [main/INFO] [epicfight/]: Data keys [invincible:left, invincible:down, invincible:parry_timer, invincible:dodge_success_timer, invincible:cooldown, invincible:right, invincible:up] for efn:examplecombo
[02Sep2026 01:01:58.533] [main/INFO] [epicfight/]: Data keys [efn:is_pressing, efn:arts_key, efn:pressing_key3, efn:press_key2, efn:was_long_pressed, efn:sneak_key, efn:press_key1, efn:charge_ticks, efn:key2_press_timer, efn:cooldown_1, efn:press_key4, efn:pressing_key2, efn:press_key3, invincible:up, efn:is_charging, efn:force_release, efn:demon_key, efn:jump_key, efn:key3_press_timer, efn:key4_press_timer, invincible:cooldown, invincible:right, efn:angel_key, efn:key1_press_timer, efn:press_summon_sword, efn:down_key, efn:charge_stage, efn:full_charge_message, efn:charge_power, efn:pressing_key1, invincible:dodge_success_timer, efn:sprint_key, efn:charge_message, efn:guard_key, efn:energy_check, efn:up_key, efn:innate_press_timer, invincible:left, invincible:down, invincible:parry_timer, efn:pressing_key4, efn:press_innate, efn:cooldown, efn:arts_key_pressed, efn:combo_counter, efn:pressing_innate, efn:cooldown_2] for efn:crescentmoon
[02Sep2026 01:01:58.533] [main/INFO] [epicfight/]: Data keys [efn:is_pressing, efn:arts_key, efn:pressing_key3, efn:press_key2, efn:was_long_pressed, efn:sneak_key, efn:press_key1, efn:charge_ticks, efn:key2_press_timer, efn:cooldown_1, efn:press_key4, efn:pressing_key2, efn:press_key3, invincible:up, efn:is_charging, efn:force_release, efn:demon_key, efn:jump_key, efn:key3_press_timer, efn:key4_press_timer, invincible:cooldown, invincible:right, efn:angel_key, efn:key1_press_timer, efn:press_summon_sword, efn:down_key, efn:charge_stage, efn:full_charge_message, efn:charge_power, efn:pressing_key1, invincible:dodge_success_timer, efn:sprint_key, efn:charge_message, efn:guard_key, efn:energy_check, efn:up_key, efn:innate_press_timer, invincible:left, invincible:down, invincible:parry_timer, efn:pressing_key4, efn:press_innate, efn:cooldown, efn:arts_key_pressed, efn:combo_counter, efn:pressing_innate, efn:cooldown_2] for efn:broadblade
[02Sep2026 01:01:58.533] [main/INFO] [epicfight/]: Data keys [efn:is_pressing, efn:arts_key, efn:pressing_key3, efn:press_key2, efn:was_long_pressed, efn:sneak_key, efn:press_key1, efn:charge_ticks, efn:key2_press_timer, efn:cooldown_1, efn:press_key4, efn:pressing_key2, efn:press_key3, invincible:up, efn:is_charging, efn:force_release, efn:demon_key, efn:jump_key, efn:key3_press_timer, efn:key4_press_timer, invincible:cooldown, invincible:right, efn:angel_key, efn:key1_press_timer, efn:press_summon_sword, efn:down_key, efn:charge_stage, efn:full_charge_message, efn:charge_power, efn:pressing_key1, invincible:dodge_success_timer, efn:sprint_key, efn:charge_message, efn:guard_key, efn:energy_check, efn:up_key, efn:innate_press_timer, invincible:left, invincible:down, invincible:parry_timer, efn:pressing_key4, efn:press_innate, efn:cooldown, efn:arts_key_pressed, efn:combo_counter, efn:pressing_innate, efn:cooldown_2] for efn:bloodlust
[02Sep2026 01:01:58.533] [main/INFO] [epicfight/]: Data keys [efn:is_pressing, efn:arts_key, efn:pressing_key3, efn:press_key2, efn:was_long_pressed, efn:sneak_key, efn:press_key1, efn:charge_ticks, efn:key2_press_timer, efn:cooldown_1, efn:press_key4, efn:pressing_key2, efn:press_key3, invincible:up, efn:is_charging, efn:force_release, efn:demon_key, efn:jump_key, efn:key3_press_timer, efn:key4_press_timer, invincible:cooldown, invincible:right, efn:angel_key, efn:key1_press_timer, efn:press_summon_sword, efn:down_key, efn:charge_stage, efn:full_charge_message, efn:charge_power, efn:pressing_key1, invincible:dodge_success_timer, efn:sprint_key, efn:charge_message, efn:guard_key, efn:energy_check, efn:up_key, efn:innate_press_timer, invincible:left, invincible:down, invincible:parry_timer, efn:pressing_key4, efn:press_innate, efn:cooldown, efn:arts_key_pressed, efn:combo_counter, efn:pressing_innate, efn:cooldown_2] for efn:beastclaw
[02Sep2026 01:01:58.533] [main/INFO] [epicfight/]: Data keys [efn:is_pressing, efn:arts_key, efn:pressing_key3, efn:press_key2, efn:was_long_pressed, efn:sneak_key, efn:press_key1, efn:charge_ticks, efn:key2_press_timer, efn:cooldown_1, efn:press_key4, efn:pressing_key2, efn:press_key3, invincible:up, efn:is_charging, efn:force_release, efn:demon_key, efn:jump_key, efn:key3_press_timer, efn:key4_press_timer, invincible:cooldown, invincible:right, efn:angel_key, efn:key1_press_timer, efn:press_summon_sword, efn:down_key, efn:charge_stage, efn:full_charge_message, efn:charge_power, efn:pressing_key1, invincible:dodge_success_timer, efn:sprint_key, efn:charge_message, efn:guard_key, efn:energy_check, efn:up_key, efn:innate_press_timer, invincible:left, invincible:down, invincible:parry_timer, efn:pressing_key4, efn:press_innate, efn:cooldown, efn:arts_key_pressed, efn:combo_counter, efn:pressing_innate, efn:cooldown_2] for efn:aetherialdusk
[02Sep2026 01:01:58.533] [main/INFO] [epicfight/]: Data keys [dodge_parry_reward:delay_timer] for tcrcore:regen_mana
[02Sep2026 01:01:58.624] [main/WARN] [net.minecraft.server.packs.VanillaPackResourcesBuilder/]: Assets URL 'union:/workspaces/maincra/servidor_minecraft/libraries/net/minecraft/server/1.20.1-20230612.114412/server-1.20.1-20230612.114412-srg.jar%23420!/assets/.mcassetsroot' uses unexpected schema
[02Sep2026 01:01:58.624] [main/WARN] [net.minecraft.server.packs.VanillaPackResourcesBuilder/]: Assets URL 'union:/workspaces/maincra/servidor_minecraft/libraries/net/minecraft/server/1.20.1-20230612.114412/server-1.20.1-20230612.114412-srg.jar%23420!/data/.mcassetsroot' uses unexpected schema
[02Sep2026 01:01:58.688] [main/INFO] [settingdust.lazyyyyy.LazyyyyyMixinCanceller/]: Disabled ModernFix perf.resourcepacks
[02Sep2026 01:01:58.688] [main/WARN] [mixinsquared-canceller/]: Cancelled mixin org.embeddedt.modernfix.common.mixin.perf.resourcepacks.ForgePathPackResourcesMixin. Check debug logs for more information.
[02Sep2026 01:01:58.818] [main/INFO] [Moonlight/]: Starting runtime resource generation for pack type SERVER_DATA with generators from mods [supplementaries]: [net.mehvahdjukaar.supplementaries.dynamicpack.ServerDynamicResourcesGenerator@2698375a]
[02Sep2026 01:01:58.819] [main/INFO] [Moonlight/]: Generating runtime assets for pack Supplementaries Generated Pack (supplementaries)
[02Sep2026 01:01:58.862] [main/INFO] [Supplementaries/]: Generated runtime SERVER_DATA for pack Supplementaries Generated Pack (supplementaries) in: 42 ms (multithreaded)
[02Sep2026 01:01:58.862] [main/INFO] [Moonlight/]: Finished runtime resources generation for 1 packs in a total of 43 ms
[02Sep2026 01:02:00.603] [main/INFO] [bountiful/]: Adding serverside commands..
[02Sep2026 01:02:00.709] [main/INFO] [com.github.alexthe666.alexsmobs.AlexsMobs/]: Adding datapack listener capsid_recipes
[02Sep2026 01:02:00.771] [Worker-Main-1/ERROR] [net.minecraft.tags.TagLoader/]: Couldn't load tag tcrcore:respawnable as it is missing following references: nightfall_invade:gate_of_disaster (from tcrcore-2.8.7.jar)
[02Sep2026 01:02:00.839] [Worker-Main-1/ERROR] [net.minecraft.tags.TagLoader/]: Not a valid resource location: regions_unexplored:regions_unexplored:rocky_meadow Non [a-z0-9/._-] character in path of location: regions_unexplored:regions_unexplored:rocky_meadow; Not a valid resource location: regions_unexplored:regions_unexplored:shrubland Non [a-z0-9/._-] character in path of location: regions_unexplored:regions_unexplored:shrubland
[02Sep2026 01:02:00.839] [Worker-Main-1/ERROR] [net.minecraft.tags.TagLoader/]: Couldn't read tag list minecraft:village_plains from minecraft:tags/worldgen/biome/village_plains.json in data pack tcr_data
java.lang.RuntimeException: Not a valid resource location: regions_unexplored:regions_unexplored:rocky_meadow Non [a-z0-9/._-] character in path of location: regions_unexplored:regions_unexplored:rocky_meadow; Not a valid resource location: regions_unexplored:regions_unexplored:shrubland Non [a-z0-9/._-] character in path of location: regions_unexplored:regions_unexplored:shrubland
	at com.mojang.serialization.DataResult.lambda$getOrThrow$5(DataResult.java:101) ~[datafixerupper-6.0.8.jar%2377!/:?]
	at com.mojang.datafixers.util.Either$Right.map(Either.java:99) ~[datafixerupper-6.0.8.jar%2377!/:?]
	at com.mojang.serialization.DataResult.getOrThrow(DataResult.java:93) ~[datafixerupper-6.0.8.jar%2377!/:?]
	at net.minecraft.tags.TagLoader.m_144495_(TagLoader.java:53) ~[server-1.20.1-20230612.114412-srg.jar%23420!/:?]
	at net.minecraft.tags.TagLoader.m_203900_(TagLoader.java:114) ~[server-1.20.1-20230612.114412-srg.jar%23420!/:?]
	at net.minecraft.tags.TagManager.m_203920_(TagManager.java:55) ~[server-1.20.1-20230612.114412-srg.jar%23420!/:?]
	at java.util.concurrent.CompletableFuture$AsyncSupply.run(CompletableFuture.java:1768) ~[?:?]
	at java.util.concurrent.CompletableFuture$AsyncSupply.exec(CompletableFuture.java:1760) ~[?:?]
	at java.util.concurrent.ForkJoinTask.doExec(ForkJoinTask.java:373) ~[?:?]
	at java.util.concurrent.ForkJoinPool$WorkQueue.topLevelExec(ForkJoinPool.java:1182) ~[?:?]
	at java.util.concurrent.ForkJoinPool.scan(ForkJoinPool.java:1655) ~[?:?]
	at java.util.concurrent.ForkJoinPool.runWorker(ForkJoinPool.java:1622) ~[?:?]
	at java.util.concurrent.ForkJoinWorkerThread.run(ForkJoinWorkerThread.java:165) ~[?:?]
[02Sep2026 01:02:00.840] [Worker-Main-1/ERROR] [net.minecraft.tags.TagLoader/]: Couldn't read tag list minecraft:village_snowy from minecraft:tags/worldgen/biome/village_snowy.json in data pack tcr_data
com.google.gson.JsonSyntaxException: com.google.gson.stream.MalformedJsonException: Expected ':' at line 8 column 8 path $.values[3].o
	at com.google.gson.internal.Streams.parse(Streams.java:61) ~[gson-2.10.jar%2372!/:?]
	at com.google.gson.JsonParser.parseReader(JsonParser.java:102) ~[gson-2.10.jar%2372!/:?]
	at com.google.gson.JsonParser.parseReader(JsonParser.java:70) ~[gson-2.10.jar%2372!/:?]
	at net.minecraft.tags.TagLoader.m_144495_(TagLoader.java:49) ~[server-1.20.1-20230612.114412-srg.jar%23420!/:?]
	at net.minecraft.tags.TagLoader.m_203900_(TagLoader.java:114) ~[server-1.20.1-20230612.114412-srg.jar%23420!/:?]
	at net.minecraft.tags.TagManager.m_203920_(TagManager.java:55) ~[server-1.20.1-20230612.114412-srg.jar%23420!/:?]
	at java.util.concurrent.CompletableFuture$AsyncSupply.run(CompletableFuture.java:1768) ~[?:?]
	at java.util.concurrent.CompletableFuture$AsyncSupply.exec(CompletableFuture.java:1760) ~[?:?]
	at java.util.concurrent.ForkJoinTask.doExec(ForkJoinTask.java:373) ~[?:?]
	at java.util.concurrent.ForkJoinPool$WorkQueue.topLevelExec(ForkJoinPool.java:1182) ~[?:?]
	at java.util.concurrent.ForkJoinPool.scan(ForkJoinPool.java:1655) ~[?:?]
	at java.util.concurrent.ForkJoinPool.runWorker(ForkJoinPool.java:1622) ~[?:?]
	at java.util.concurrent.ForkJoinWorkerThread.run(ForkJoinWorkerThread.java:165) ~[?:?]
Caused by: com.google.gson.stream.MalformedJsonException: Expected ':' at line 8 column 8 path $.values[3].o
	at com.google.gson.stream.JsonReader.syntaxError(JsonReader.java:1657) ~[gson-2.10.jar%2372!/:?]
	at com.google.gson.stream.JsonReader.doPeek(JsonReader.java:539) ~[gson-2.10.jar%2372!/:?]
	at com.google.gson.stream.JsonReader.peek(JsonReader.java:433) ~[gson-2.10.jar%2372!/:?]
	at com.google.gson.internal.bind.TypeAdapters$28.read(TypeAdapters.java:786) ~[gson-2.10.jar%2372!/:?]
	at com.google.gson.internal.bind.TypeAdapters$28.read(TypeAdapters.java:725) ~[gson-2.10.jar%2372!/:?]
	at com.google.gson.internal.Streams.parse(Streams.java:49) ~[gson-2.10.jar%2372!/:?]
	... 12 more
[02Sep2026 01:02:00.851] [Worker-Main-1/ERROR] [net.minecraft.tags.TagLoader/]: Couldn't load tag integrated_villages:has_structure/airship_village_biomes as it is missing following references: #integrated_villages:collections/end_voids (from structure_set_control)
[02Sep2026 01:02:01.024] [Worker-Main-1/ERROR] [net.minecraft.server.packs.resources.SimpleJsonResourceReloadListener/]: Couldn't parse data file cataclysm_spellbooks:abyss_spell_book from cataclysm_spellbooks:recipes/abyss_spell_book.json
com.google.gson.JsonParseException: java.io.EOFException: End of input at line 1 column 1 path $
	at net.minecraft.util.GsonHelper.m_13780_(GsonHelper.java:526) ~[server-1.20.1-20230612.114412-srg.jar%23420!/:?]
	at net.minecraft.util.GsonHelper.m_263475_(GsonHelper.java:531) ~[server-1.20.1-20230612.114412-srg.jar%23420!/:?]
	at net.minecraft.util.GsonHelper.m_13776_(GsonHelper.java:581) ~[server-1.20.1-20230612.114412-srg.jar%23420!/:?]
	at net.minecraft.server.packs.resources.SimpleJsonResourceReloadListener.m_278771_(SimpleJsonResourceReloadListener.java:41) ~[server-1.20.1-20230612.114412-srg.jar%23420!/:?]
	at net.minecraft.server.packs.resources.SimpleJsonResourceReloadListener.m_5944_(SimpleJsonResourceReloadListener.java:29) ~[server-1.20.1-20230612.114412-srg.jar%23420!/:?]
	at net.minecraft.server.packs.resources.SimpleJsonResourceReloadListener.m_5944_(SimpleJsonResourceReloadListener.java:17) ~[server-1.20.1-20230612.114412-srg.jar%23420!/:?]
	at net.minecraft.server.packs.resources.SimplePreparableReloadListener.m_10786_(SimplePreparableReloadListener.java:11) ~[server-1.20.1-20230612.114412-srg.jar%23420!/:?]
	at java.util.concurrent.CompletableFuture$AsyncSupply.run(CompletableFuture.java:1768) ~[?:?]
	at java.util.concurrent.CompletableFuture$AsyncSupply.exec(CompletableFuture.java:1760) ~[?:?]
	at java.util.concurrent.ForkJoinTask.doExec(ForkJoinTask.java:373) ~[?:?]
	at java.util.concurrent.ForkJoinPool$WorkQueue.topLevelExec(ForkJoinPool.java:1182) ~[?:?]
	at java.util.concurrent.ForkJoinPool.scan(ForkJoinPool.java:1655) ~[?:?]
	at java.util.concurrent.ForkJoinPool.runWorker(ForkJoinPool.java:1622) ~[?:?]
	at java.util.concurrent.ForkJoinWorkerThread.run(ForkJoinWorkerThread.java:165) ~[?:?]
Caused by: java.io.EOFException: End of input at line 1 column 1 path $
	at com.google.gson.stream.JsonReader.nextNonWhitespace(JsonReader.java:1455) ~[gson-2.10.jar%2372!/:?]
	at com.google.gson.stream.JsonReader.doPeek(JsonReader.java:558) ~[gson-2.10.jar%2372!/:?]
	at com.google.gson.stream.JsonReader.peek(JsonReader.java:433) ~[gson-2.10.jar%2372!/:?]
	at com.google.gson.internal.bind.TypeAdapters$28.read(TypeAdapters.java:769) ~[gson-2.10.jar%2372!/:?]
	at com.google.gson.internal.bind.TypeAdapters$28.read(TypeAdapters.java:725) ~[gson-2.10.jar%2372!/:?]
	at com.google.gson.internal.bind.TypeAdapters$34$1.read(TypeAdapters.java:1007) ~[gson-2.10.jar%2372!/:?]
	at net.minecraft.util.GsonHelper.m_13780_(GsonHelper.java:524) ~[server-1.20.1-20230612.114412-srg.jar%23420!/:?]
	... 13 more
[02Sep2026 01:02:01.131] [Worker-Main-2/ERROR] [net.minecraft.tags.TagLoader/]: Couldn't load tag minecraft:deep_dark as it is missing following references: #apotheosis:sculk (from tcr_data), 
	#apotheosis:deep_dark (from tcr_data)
[02Sep2026 01:02:01.135] [Worker-Main-1/ERROR] [net.minecraft.server.packs.resources.SimpleJsonResourceReloadListener/]: Couldn't parse data file efn:air_tachi from efn:recipes/air_tachi.json
com.google.gson.JsonParseException: java.io.EOFException: End of input at line 1 column 1 path $
	at net.minecraft.util.GsonHelper.m_13780_(GsonHelper.java:526) ~[server-1.20.1-20230612.114412-srg.jar%23420!/:?]
	at net.minecraft.util.GsonHelper.m_263475_(GsonHelper.java:531) ~[server-1.20.1-20230612.114412-srg.jar%23420!/:?]
	at net.minecraft.util.GsonHelper.m_13776_(GsonHelper.java:581) ~[server-1.20.1-20230612.114412-srg.jar%23420!/:?]
	at net.minecraft.server.packs.resources.SimpleJsonResourceReloadListener.m_278771_(SimpleJsonResourceReloadListener.java:41) ~[server-1.20.1-20230612.114412-srg.jar%23420!/:?]
	at net.minecraft.server.packs.resources.SimpleJsonResourceReloadListener.m_5944_(SimpleJsonResourceReloadListener.java:29) ~[server-1.20.1-20230612.114412-srg.jar%23420!/:?]
	at net.minecraft.server.packs.resources.SimpleJsonResourceReloadListener.m_5944_(SimpleJsonResourceReloadListener.java:17) ~[server-1.20.1-20230612.114412-srg.jar%23420!/:?]
	at net.minecraft.server.packs.resources.SimplePreparableReloadListener.m_10786_(SimplePreparableReloadListener.java:11) ~[server-1.20.1-20230612.114412-srg.jar%23420!/:?]
	at java.util.concurrent.CompletableFuture$AsyncSupply.run(CompletableFuture.java:1768) ~[?:?]
	at java.util.concurrent.CompletableFuture$AsyncSupply.exec(CompletableFuture.java:1760) ~[?:?]
	at java.util.concurrent.ForkJoinTask.doExec(ForkJoinTask.java:373) ~[?:?]
	at java.util.concurrent.ForkJoinPool$WorkQueue.topLevelExec(ForkJoinPool.java:1182) ~[?:?]
	at java.util.concurrent.ForkJoinPool.scan(ForkJoinPool.java:1655) ~[?:?]
	at java.util.concurrent.ForkJoinPool.runWorker(ForkJoinPool.java:1622) ~[?:?]
	at java.util.concurrent.ForkJoinWorkerThread.run(ForkJoinWorkerThread.java:165) ~[?:?]
Caused by: java.io.EOFException: End of input at line 1 column 1 path $
	at com.google.gson.stream.JsonReader.nextNonWhitespace(JsonReader.java:1455) ~[gson-2.10.jar%2372!/:?]
	at com.google.gson.stream.JsonReader.doPeek(JsonReader.java:558) ~[gson-2.10.jar%2372!/:?]
	at com.google.gson.stream.JsonReader.peek(JsonReader.java:433) ~[gson-2.10.jar%2372!/:?]
	at com.google.gson.internal.bind.TypeAdapters$28.read(TypeAdapters.java:769) ~[gson-2.10.jar%2372!/:?]
	at com.google.gson.internal.bind.TypeAdapters$28.read(TypeAdapters.java:725) ~[gson-2.10.jar%2372!/:?]
	at com.google.gson.internal.bind.TypeAdapters$34$1.read(TypeAdapters.java:1007) ~[gson-2.10.jar%2372!/:?]
	at net.minecraft.util.GsonHelper.m_13780_(GsonHelper.java:524) ~[server-1.20.1-20230612.114412-srg.jar%23420!/:?]
	... 13 more
[02Sep2026 01:02:01.136] [Worker-Main-1/ERROR] [net.minecraft.server.packs.resources.SimpleJsonResourceReloadListener/]: Couldn't parse data file efn:air_tachi_to_co from efn:recipes/air_tachi_to_co.json
com.google.gson.JsonParseException: java.io.EOFException: End of input at line 1 column 1 path $
	at net.minecraft.util.GsonHelper.m_13780_(GsonHelper.java:526) ~[server-1.20.1-20230612.114412-srg.jar%23420!/:?]
	at net.minecraft.util.GsonHelper.m_263475_(GsonHelper.java:531) ~[server-1.20.1-20230612.114412-srg.jar%23420!/:?]
	at net.minecraft.util.GsonHelper.m_13776_(GsonHelper.java:581) ~[server-1.20.1-20230612.114412-srg.jar%23420!/:?]
	at net.minecraft.server.packs.resources.SimpleJsonResourceReloadListener.m_278771_(SimpleJsonResourceReloadListener.java:41) ~[server-1.20.1-20230612.114412-srg.jar%23420!/:?]
	at net.minecraft.server.packs.resources.SimpleJsonResourceReloadListener.m_5944_(SimpleJsonResourceReloadListener.java:29) ~[server-1.20.1-20230612.114412-srg.jar%23420!/:?]
	at net.minecraft.server.packs.resources.SimpleJsonResourceReloadListener.m_5944_(SimpleJsonResourceReloadListener.java:17) ~[server-1.20.1-20230612.114412-srg.jar%23420!/:?]
	at net.minecraft.server.packs.resources.SimplePreparableReloadListener.m_10786_(SimplePreparableReloadListener.java:11) ~[server-1.20.1-20230612.114412-srg.jar%23420!/:?]
	at java.util.concurrent.CompletableFuture$AsyncSupply.run(CompletableFuture.java:1768) ~[?:?]
	at java.util.concurrent.CompletableFuture$AsyncSupply.exec(CompletableFuture.java:1760) ~[?:?]
	at java.util.concurrent.ForkJoinTask.doExec(ForkJoinTask.java:373) ~[?:?]
	at java.util.concurrent.ForkJoinPool$WorkQueue.topLevelExec(ForkJoinPool.java:1182) ~[?:?]
	at java.util.concurrent.ForkJoinPool.scan(ForkJoinPool.java:1655) ~[?:?]
	at java.util.concurrent.ForkJoinPool.runWorker(ForkJoinPool.java:1622) ~[?:?]
	at java.util.concurrent.ForkJoinWorkerThread.run(ForkJoinWorkerThread.java:165) ~[?:?]
Caused by: java.io.EOFException: End of input at line 1 column 1 path $
	at com.google.gson.stream.JsonReader.nextNonWhitespace(JsonReader.java:1455) ~[gson-2.10.jar%2372!/:?]
	at com.google.gson.stream.JsonReader.doPeek(JsonReader.java:558) ~[gson-2.10.jar%2372!/:?]
	at com.google.gson.stream.JsonReader.peek(JsonReader.java:433) ~[gson-2.10.jar%2372!/:?]
	at com.google.gson.internal.bind.TypeAdapters$28.read(TypeAdapters.java:769) ~[gson-2.10.jar%2372!/:?]
	at com.google.gson.internal.bind.TypeAdapters$28.read(TypeAdapters.java:725) ~[gson-2.10.jar%2372!/:?]
	at com.google.gson.internal.bind.TypeAdapters$34$1.read(TypeAdapters.java:1007) ~[gson-2.10.jar%2372!/:?]
	at net.minecraft.util.GsonHelper.m_13780_(GsonHelper.java:524) ~[server-1.20.1-20230612.114412-srg.jar%23420!/:?]
	... 13 more
[02Sep2026 01:02:01.142] [Worker-Main-1/ERROR] [net.minecraft.server.packs.resources.SimpleJsonResourceReloadListener/]: Couldn't parse data file irons_spellbooks:alchemist_cauldron/brew_oakskin_elixir from irons_spellbooks:recipes/alchemist_cauldron/brew_oakskin_elixir.json
com.google.gson.JsonParseException: java.io.EOFException: End of input at line 1 column 1 path $
	at net.minecraft.util.GsonHelper.m_13780_(GsonHelper.java:526) ~[server-1.20.1-20230612.114412-srg.jar%23420!/:?]
	at net.minecraft.util.GsonHelper.m_263475_(GsonHelper.java:531) ~[server-1.20.1-20230612.114412-srg.jar%23420!/:?]
	at net.minecraft.util.GsonHelper.m_13776_(GsonHelper.java:581) ~[server-1.20.1-20230612.114412-srg.jar%23420!/:?]
	at net.minecraft.server.packs.resources.SimpleJsonResourceReloadListener.m_278771_(SimpleJsonResourceReloadListener.java:41) ~[server-1.20.1-20230612.114412-srg.jar%23420!/:?]
	at net.minecraft.server.packs.resources.SimpleJsonResourceReloadListener.m_5944_(SimpleJsonResourceReloadListener.java:29) ~[server-1.20.1-20230612.114412-srg.jar%23420!/:?]
	at net.minecraft.server.packs.resources.SimpleJsonResourceReloadListener.m_5944_(SimpleJsonResourceReloadListener.java:17) ~[server-1.20.1-20230612.114412-srg.jar%23420!/:?]
	at net.minecraft.server.packs.resources.SimplePreparableReloadListener.m_10786_(SimplePreparableReloadListener.java:11) ~[server-1.20.1-20230612.114412-srg.jar%23420!/:?]
	at java.util.concurrent.CompletableFuture$AsyncSupply.run(CompletableFuture.java:1768) ~[?:?]
	at java.util.concurrent.CompletableFuture$AsyncSupply.exec(CompletableFuture.java:1760) ~[?:?]
	at java.util.concurrent.ForkJoinTask.doExec(ForkJoinTask.java:373) ~[?:?]
	at java.util.concurrent.ForkJoinPool$WorkQueue.topLevelExec(ForkJoinPool.java:1182) ~[?:?]
	at java.util.concurrent.ForkJoinPool.scan(ForkJoinPool.java:1655) ~[?:?]
	at java.util.concurrent.ForkJoinPool.runWorker(ForkJoinPool.java:1622) ~[?:?]
	at java.util.concurrent.ForkJoinWorkerThread.run(ForkJoinWorkerThread.java:165) ~[?:?]
Caused by: java.io.EOFException: End of input at line 1 column 1 path $
	at com.google.gson.stream.JsonReader.nextNonWhitespace(JsonReader.java:1455) ~[gson-2.10.jar%2372!/:?]
	at com.google.gson.stream.JsonReader.doPeek(JsonReader.java:558) ~[gson-2.10.jar%2372!/:?]
	at com.google.gson.stream.JsonReader.peek(JsonReader.java:433) ~[gson-2.10.jar%2372!/:?]
	at com.google.gson.internal.bind.TypeAdapters$28.read(TypeAdapters.java:769) ~[gson-2.10.jar%2372!/:?]
	at com.google.gson.internal.bind.TypeAdapters$28.read(TypeAdapters.java:725) ~[gson-2.10.jar%2372!/:?]
	at com.google.gson.internal.bind.TypeAdapters$34$1.read(TypeAdapters.java:1007) ~[gson-2.10.jar%2372!/:?]
	at net.minecraft.util.GsonHelper.m_13780_(GsonHelper.java:524) ~[server-1.20.1-20230612.114412-srg.jar%23420!/:?]
	... 13 more
[02Sep2026 01:02:01.149] [Worker-Main-1/ERROR] [net.minecraft.server.packs.resources.SimpleJsonResourceReloadListener/]: Couldn't parse data file dodosmobs:amalgam_claws from dodosmobs:recipes/amalgam_claws.json
com.google.gson.JsonParseException: java.io.EOFException: End of input at line 1 column 1 path $
	at net.minecraft.util.GsonHelper.m_13780_(GsonHelper.java:526) ~[server-1.20.1-20230612.114412-srg.jar%23420!/:?]
	at net.minecraft.util.GsonHelper.m_263475_(GsonHelper.java:531) ~[server-1.20.1-20230612.114412-srg.jar%23420!/:?]
	at net.minecraft.util.GsonHelper.m_13776_(GsonHelper.java:581) ~[server-1.20.1-20230612.114412-srg.jar%23420!/:?]
	at net.minecraft.server.packs.resources.SimpleJsonResourceReloadListener.m_278771_(SimpleJsonResourceReloadListener.java:41) ~[server-1.20.1-20230612.114412-srg.jar%23420!/:?]
	at net.minecraft.server.packs.resources.SimpleJsonResourceReloadListener.m_5944_(SimpleJsonResourceReloadListener.java:29) ~[server-1.20.1-20230612.114412-srg.jar%23420!/:?]
	at net.minecraft.server.packs.resources.SimpleJsonResourceReloadListener.m_5944_(SimpleJsonResourceReloadListener.java:17) ~[server-1.20.1-20230612.114412-srg.jar%23420!/:?]
	at net.minecraft.server.packs.resources.SimplePreparableReloadListener.m_10786_(SimplePreparableReloadListener.java:11) ~[server-1.20.1-20230612.114412-srg.jar%23420!/:?]
	at java.util.concurrent.CompletableFuture$AsyncSupply.run(CompletableFuture.java:1768) ~[?:?]
	at java.util.concurrent.CompletableFuture$AsyncSupply.exec(CompletableFuture.java:1760) ~[?:?]
	at java.util.concurrent.ForkJoinTask.doExec(ForkJoinTask.java:373) ~[?:?]
	at java.util.concurrent.ForkJoinPool$WorkQueue.topLevelExec(ForkJoinPool.java:1182) ~[?:?]
	at java.util.concurrent.ForkJoinPool.scan(ForkJoinPool.java:1655) ~[?:?]
	at java.util.concurrent.ForkJoinPool.runWorker(ForkJoinPool.java:1622) ~[?:?]
	at java.util.concurrent.ForkJoinWorkerThread.run(ForkJoinWorkerThread.java:165) ~[?:?]
Caused by: java.io.EOFException: End of input at line 1 column 1 path $
	at com.google.gson.stream.JsonReader.nextNonWhitespace(JsonReader.java:1455) ~[gson-2.10.jar%2372!/:?]
	at com.google.gson.stream.JsonReader.doPeek(JsonReader.java:558) ~[gson-2.10.jar%2372!/:?]
	at com.google.gson.stream.JsonReader.peek(JsonReader.java:433) ~[gson-2.10.jar%2372!/:?]
	at com.google.gson.internal.bind.TypeAdapters$28.read(TypeAdapters.java:769) ~[gson-2.10.jar%2372!/:?]
	at com.google.gson.internal.bind.TypeAdapters$28.read(TypeAdapters.java:725) ~[gson-2.10.jar%2372!/:?]
	at com.google.gson.internal.bind.TypeAdapters$34$1.read(TypeAdapters.java:1007) ~[gson-2.10.jar%2372!/:?]
	at net.minecraft.util.GsonHelper.m_13780_(GsonHelper.java:524) ~[server-1.20.1-20230612.114412-srg.jar%23420!/:?]
	... 13 more
[02Sep2026 01:02:01.152] [Worker-Main-1/ERROR] [net.minecraft.server.packs.resources.SimpleJsonResourceReloadListener/]: Couldn't parse data file irons_spellbooks:amethyst_rapier from irons_spellbooks:recipes/amethyst_rapier.json
com.google.gson.JsonParseException: java.io.EOFException: End of input at line 1 column 1 path $
	at net.minecraft.util.GsonHelper.m_13780_(GsonHelper.java:526) ~[server-1.20.1-20230612.114412-srg.jar%23420!/:?]
	at net.minecraft.util.GsonHelper.m_263475_(GsonHelper.java:531) ~[server-1.20.1-20230612.114412-srg.jar%23420!/:?]
	at net.minecraft.util.GsonHelper.m_13776_(GsonHelper.java:581) ~[server-1.20.1-20230612.114412-srg.jar%23420!/:?]
	at net.minecraft.server.packs.resources.SimpleJsonResourceReloadListener.m_278771_(SimpleJsonResourceReloadListener.java:41) ~[server-1.20.1-20230612.114412-srg.jar%23420!/:?]
	at net.minecraft.server.packs.resources.SimpleJsonResourceReloadListener.m_5944_(SimpleJsonResourceReloadListener.java:29) ~[server-1.20.1-20230612.114412-srg.jar%23420!/:?]
	at net.minecraft.server.packs.resources.SimpleJsonResourceReloadListener.m_5944_(SimpleJsonResourceReloadListener.java:17) ~[server-1.20.1-20230612.114412-srg.jar%23420!/:?]
	at net.minecraft.server.packs.resources.SimplePreparableReloadListener.m_10786_(SimplePreparableReloadListener.java:11) ~[server-1.20.1-20230612.114412-srg.jar%23420!/:?]
	at java.util.concurrent.CompletableFuture$AsyncSupply.run(CompletableFuture.java:1768) ~[?:?]
	at java.util.concurrent.CompletableFuture$AsyncSupply.exec(CompletableFuture.java:1760) ~[?:?]
	at java.util.concurrent.ForkJoinTask.doExec(ForkJoinTask.java:373) ~[?:?]
	at java.util.concurrent.ForkJoinPool$WorkQueue.topLevelExec(ForkJoinPool.java:1182) ~[?:?]
	at java.util.concurrent.ForkJoinPool.scan(ForkJoinPool.java:1655) ~[?:?]
	at java.util.concurrent.ForkJoinPool.runWorker(ForkJoinPool.java:1622) ~[?:?]
	at java.util.concurrent.ForkJoinWorkerThread.run(ForkJoinWorkerThread.java:165) ~[?:?]
Caused by: java.io.EOFException: End of input at line 1 column 1 path $
	at com.google.gson.stream.JsonReader.nextNonWhitespace(JsonReader.java:1455) ~[gson-2.10.jar%2372!/:?]
	at com.google.gson.stream.JsonReader.doPeek(JsonReader.java:558) ~[gson-2.10.jar%2372!/:?]
	at com.google.gson.stream.JsonReader.peek(JsonReader.java:433) ~[gson-2.10.jar%2372!/:?]
	at com.google.gson.internal.bind.TypeAdapters$28.read(TypeAdapters.java:769) ~[gson-2.10.jar%2372!/:?]
	at com.google.gson.internal.bind.TypeAdapters$28.read(TypeAdapters.java:725) ~[gson-2.10.jar%2372!/:?]
	at com.google.gson.internal.bind.TypeAdapters$34$1.read(TypeAdapters.java:1007) ~[gson-2.10.jar%2372!/:?]
	at net.minecraft.util.GsonHelper.m_13780_(GsonHelper.java:524) ~[server-1.20.1-20230612.114412-srg.jar%23420!/:?]
	... 13 more
[02Sep2026 01:02:01.156] [Worker-Main-1/ERROR] [net.minecraft.server.packs.resources.SimpleJsonResourceReloadListener/]: Couldn't parse data file cataclysm:ancient_spear from cataclysm:recipes/ancient_spear.json
com.google.gson.JsonParseException: java.io.EOFException: End of input at line 1 column 1 path $
	at net.minecraft.util.GsonHelper.m_13780_(GsonHelper.java:526) ~[server-1.20.1-20230612.114412-srg.jar%23420!/:?]
	at net.minecraft.util.GsonHelper.m_263475_(GsonHelper.java:531) ~[server-1.20.1-20230612.114412-srg.jar%23420!/:?]
	at net.minecraft.util.GsonHelper.m_13776_(GsonHelper.java:581) ~[server-1.20.1-20230612.114412-srg.jar%23420!/:?]
	at net.minecraft.server.packs.resources.SimpleJsonResourceReloadListener.m_278771_(SimpleJsonResourceReloadListener.java:41) ~[server-1.20.1-20230612.114412-srg.jar%23420!/:?]
	at net.minecraft.server.packs.resources.SimpleJsonResourceReloadListener.m_5944_(SimpleJsonResourceReloadListener.java:29) ~[server-1.20.1-20230612.114412-srg.jar%23420!/:?]
	at net.minecraft.server.packs.resources.SimpleJsonResourceReloadListener.m_5944_(SimpleJsonResourceReloadListener.java:17) ~[server-1.20.1-20230612.114412-srg.jar%23420!/:?]
	at net.minecraft.server.packs.resources.SimplePreparableReloadListener.m_10786_(SimplePreparableReloadListener.java:11) ~[server-1.20.1-20230612.114412-srg.jar%23420!/:?]
	at java.util.concurrent.CompletableFuture$AsyncSupply.run(CompletableFuture.java:1768) ~[?:?]
	at java.util.concurrent.CompletableFuture$AsyncSupply.exec(CompletableFuture.java:1760) ~[?:?]
	at java.util.concurrent.ForkJoinTask.doExec(ForkJoinTask.java:373) ~[?:?]
	at java.util.concurrent.ForkJoinPool$WorkQueue.topLevelExec(ForkJoinPool.java:1182) ~[?:?]
	at java.util.concurrent.ForkJoinPool.scan(ForkJoinPool.java:1655) ~[?:?]
	at java.util.concurrent.ForkJoinPool.runWorker(ForkJoinPool.java:1622) ~[?:?]
	at java.util.concurrent.ForkJoinWorkerThread.run(ForkJoinWorkerThread.java:165) ~[?:?]
Caused by: java.io.EOFException: End of input at line 1 column 1 path $
	at com.google.gson.stream.JsonReader.nextNonWhitespace(JsonReader.java:1455) ~[gson-2.10.jar%2372!/:?]
	at com.google.gson.stream.JsonReader.doPeek(JsonReader.java:558) ~[gson-2.10.jar%2372!/:?]
	at com.google.gson.stream.JsonReader.peek(JsonReader.java:433) ~[gson-2.10.jar%2372!/:?]
	at com.google.gson.internal.bind.TypeAdapters$28.read(TypeAdapters.java:769) ~[gson-2.10.jar%2372!/:?]
	at com.google.gson.internal.bind.TypeAdapters$28.read(TypeAdapters.java:725) ~[gson-2.10.jar%2372!/:?]
	at com.google.gson.internal.bind.TypeAdapters$34$1.read(TypeAdapters.java:1007) ~[gson-2.10.jar%2372!/:?]
	at net.minecraft.util.GsonHelper.m_13780_(GsonHelper.java:524) ~[server-1.20.1-20230612.114412-srg.jar%23420!/:?]
	... 13 more
[02Sep2026 01:02:01.161] [Worker-Main-1/ERROR] [net.minecraft.server.packs.resources.SimpleJsonResourceReloadListener/]: Couldn't parse data file irons_spellbooks:arcane_anvil from irons_spellbooks:recipes/arcane_anvil.json
com.google.gson.JsonParseException: java.io.EOFException: End of input at line 1 column 1 path $
	at net.minecraft.util.GsonHelper.m_13780_(GsonHelper.java:526) ~[server-1.20.1-20230612.114412-srg.jar%23420!/:?]
	at net.minecraft.util.GsonHelper.m_263475_(GsonHelper.java:531) ~[server-1.20.1-20230612.114412-srg.jar%23420!/:?]
	at net.minecraft.util.GsonHelper.m_13776_(GsonHelper.java:581) ~[server-1.20.1-20230612.114412-srg.jar%23420!/:?]
	at net.minecraft.server.packs.resources.SimpleJsonResourceReloadListener.m_278771_(SimpleJsonResourceReloadListener.java:41) ~[server-1.20.1-20230612.114412-srg.jar%23420!/:?]
	at net.minecraft.server.packs.resources.SimpleJsonResourceReloadListener.m_5944_(SimpleJsonResourceReloadListener.java:29) ~[server-1.20.1-20230612.114412-srg.jar%23420!/:?]
	at net.minecraft.server.packs.resources.SimpleJsonResourceReloadListener.m_5944_(SimpleJsonResourceReloadListener.java:17) ~[server-1.20.1-20230612.114412-srg.jar%23420!/:?]
	at net.minecraft.server.packs.resources.SimplePreparableReloadListener.m_10786_(SimplePreparableReloadListener.java:11) ~[server-1.20.1-20230612.114412-srg.jar%23420!/:?]
	at java.util.concurrent.CompletableFuture$AsyncSupply.run(CompletableFuture.java:1768) ~[?:?]
	at java.util.concurrent.CompletableFuture$AsyncSupply.exec(CompletableFuture.java:1760) ~[?:?]
	at java.util.concurrent.ForkJoinTask.doExec(ForkJoinTask.java:373) ~[?:?]
	at java.util.concurrent.ForkJoinPool$WorkQueue.topLevelExec(ForkJoinPool.java:1182) ~[?:?]
	at java.util.concurrent.ForkJoinPool.scan(ForkJoinPool.java:1655) ~[?:?]
	at java.util.concurrent.ForkJoinPool.runWorker(ForkJoinPool.java:1622) ~[?:?]
	at java.util.concurrent.ForkJoinWorkerThread.run(ForkJoinWorkerThread.java:165) ~[?:?]
Caused by: java.io.EOFException: End of input at line 1 column 1 path $
	at com.google.gson.stream.JsonReader.nextNonWhitespace(JsonReader.java:1455) ~[gson-2.10.jar%2372!/:?]
	at com.google.gson.stream.JsonReader.doPeek(JsonReader.java:558) ~[gson-2.10.jar%2372!/:?]
	at com.google.gson.stream.JsonReader.peek(JsonReader.java:433) ~[gson-2.10.jar%2372!/:?]
	at com.google.gson.internal.bind.TypeAdapters$28.read(TypeAdapters.java:769) ~[gson-2.10.jar%2372!/:?]
	at com.google.gson.internal.bind.TypeAdapters$28.read(TypeAdapters.java:725) ~[gson-2.10.jar%2372!/:?]
	at com.google.gson.internal.bind.TypeAdapters$34$1.read(TypeAdapters.java:1007) ~[gson-2.10.jar%2372!/:?]
	at net.minecraft.util.GsonHelper.m_13780_(GsonHelper.java:524) ~[server-1.20.1-20230612.114412-srg.jar%23420!/:?]
	... 13 more
[02Sep2026 01:02:01.163] [Worker-Main-1/ERROR] [net.minecraft.server.packs.resources.SimpleJsonResourceReloadListener/]: Couldn't parse data file irons_spellbooks:artificer_cane from irons_spellbooks:recipes/artificer_cane.json
com.google.gson.JsonParseException: java.io.EOFException: End of input at line 1 column 1 path $
	at net.minecraft.util.GsonHelper.m_13780_(GsonHelper.java:526) ~[server-1.20.1-20230612.114412-srg.jar%23420!/:?]
	at net.minecraft.util.GsonHelper.m_263475_(GsonHelper.java:531) ~[server-1.20.1-20230612.114412-srg.jar%23420!/:?]
	at net.minecraft.util.GsonHelper.m_13776_(GsonHelper.java:581) ~[server-1.20.1-20230612.114412-srg.jar%23420!/:?]
	at net.minecraft.server.packs.resources.SimpleJsonResourceReloadListener.m_278771_(SimpleJsonResourceReloadListener.java:41) ~[server-1.20.1-20230612.114412-srg.jar%23420!/:?]
	at net.minecraft.server.packs.resources.SimpleJsonResourceReloadListener.m_5944_(SimpleJsonResourceReloadListener.java:29) ~[server-1.20.1-20230612.114412-srg.jar%23420!/:?]
	at net.minecraft.server.packs.resources.SimpleJsonResourceReloadListener.m_5944_(SimpleJsonResourceReloadListener.java:17) ~[server-1.20.1-20230612.114412-srg.jar%23420!/:?]
	at net.minecraft.server.packs.resources.SimplePreparableReloadListener.m_10786_(SimplePreparableReloadListener.java:11) ~[server-1.20.1-20230612.114412-srg.jar%23420!/:?]
	at java.util.concurrent.CompletableFuture$AsyncSupply.run(CompletableFuture.java:1768) ~[?:?]
	at java.util.concurrent.CompletableFuture$AsyncSupply.exec(CompletableFuture.java:1760) ~[?:?]
	at java.util.concurrent.ForkJoinTask.doExec(ForkJoinTask.java:373) ~[?:?]
	at java.util.concurrent.ForkJoinPool$WorkQueue.topLevelExec(ForkJoinPool.java:1182) ~[?:?]
	at java.util.concurrent.ForkJoinPool.scan(ForkJoinPool.java:1655) ~[?:?]
	at java.util.concurrent.ForkJoinPool.runWorker(ForkJoinPool.java:1622) ~[?:?]
	at java.util.concurrent.ForkJoinWorkerThread.run(ForkJoinWorkerThread.java:165) ~[?:?]
Caused by: java.io.EOFException: End of input at line 1 column 1 path $
	at com.google.gson.stream.JsonReader.nextNonWhitespace(JsonReader.java:1455) ~[gson-2.10.jar%2372!/:?]
	at com.google.gson.stream.JsonReader.doPeek(JsonReader.java:558) ~[gson-2.10.jar%2372!/:?]
	at com.google.gson.stream.JsonReader.peek(JsonReader.java:433) ~[gson-2.10.jar%2372!/:?]
	at com.google.gson.internal.bind.TypeAdapters$28.read(TypeAdapters.java:769) ~[gson-2.10.jar%2372!/:?]
	at com.google.gson.internal.bind.TypeAdapters$28.read(TypeAdapters.java:725) ~[gson-2.10.jar%2372!/:?]
	at com.google.gson.internal.bind.TypeAdapters$34$1.read(TypeAdapters.java:1007) ~[gson-2.10.jar%2372!/:?]
	at net.minecraft.util.GsonHelper.m_13780_(GsonHelper.java:524) ~[server-1.20.1-20230612.114412-srg.jar%23420!/:?]
	... 13 more
[02Sep2026 01:02:01.170] [Worker-Main-1/ERROR] [net.minecraft.server.packs.resources.SimpleJsonResourceReloadListener/]: Couldn't parse data file cataclysm:astrape from cataclysm:recipes/astrape.json
com.google.gson.JsonParseException: java.io.EOFException: End of input at line 1 column 1 path $
	at net.minecraft.util.GsonHelper.m_13780_(GsonHelper.java:526) ~[server-1.20.1-20230612.114412-srg.jar%23420!/:?]
	at net.minecraft.util.GsonHelper.m_263475_(GsonHelper.java:531) ~[server-1.20.1-20230612.114412-srg.jar%23420!/:?]
	at net.minecraft.util.GsonHelper.m_13776_(GsonHelper.java:581) ~[server-1.20.1-20230612.114412-srg.jar%23420!/:?]
	at net.minecraft.server.packs.resources.SimpleJsonResourceReloadListener.m_278771_(SimpleJsonResourceReloadListener.java:41) ~[server-1.20.1-20230612.114412-srg.jar%23420!/:?]
	at net.minecraft.server.packs.resources.SimpleJsonResourceReloadListener.m_5944_(SimpleJsonResourceReloadListener.java:29) ~[server-1.20.1-20230612.114412-srg.jar%23420!/:?]
	at net.minecraft.server.packs.resources.SimpleJsonResourceReloadListener.m_5944_(SimpleJsonResourceReloadListener.java:17) ~[server-1.20.1-20230612.114412-srg.jar%23420!/:?]
	at net.minecraft.server.packs.resources.SimplePreparableReloadListener.m_10786_(SimplePreparableReloadListener.java:11) ~[server-1.20.1-20230612.114412-srg.jar%23420!/:?]
	at java.util.concurrent.CompletableFuture$AsyncSupply.run(CompletableFuture.java:1768) ~[?:?]
	at java.util.concurrent.CompletableFuture$AsyncSupply.exec(CompletableFuture.java:1760) ~[?:?]
	at java.util.concurrent.ForkJoinTask.doExec(ForkJoinTask.java:373) ~[?:?]
	at java.util.concurrent.ForkJoinPool$WorkQueue.topLevelExec(ForkJoinPool.java:1182) ~[?:?]
	at java.util.concurrent.ForkJoinPool.scan(ForkJoinPool.java:1655) ~[?:?]
	at java.util.concurrent.ForkJoinPool.runWorker(ForkJoinPool.java:1622) ~[?:?]
	at java.util.concurrent.ForkJoinWorkerThread.run(ForkJoinWorkerThread.java:165) ~[?:?]
Caused by: java.io.EOFException: End of input at line 1 column 1 path $
	at com.google.gson.stream.JsonReader.nextNonWhitespace(JsonReader.java:1455) ~[gson-2.10.jar%2372!/:?]
	at com.google.gson.stream.JsonReader.doPeek(JsonReader.java:558) ~[gson-2.10.jar%2372!/:?]
	at com.google.gson.stream.JsonReader.peek(JsonReader.java:433) ~[gson-2.10.jar%2372!/:?]
	at com.google.gson.internal.bind.TypeAdapters$28.read(TypeAdapters.java:769) ~[gson-2.10.jar%2372!/:?]
	at com.google.gson.internal.bind.TypeAdapters$28.read(TypeAdapters.java:725) ~[gson-2.10.jar%2372!/:?]
	at com.google.gson.internal.bind.TypeAdapters$34$1.read(TypeAdapters.java:1007) ~[gson-2.10.jar%2372!/:?]
	at net.minecraft.util.GsonHelper.m_13780_(GsonHelper.java:524) ~[server-1.20.1-20230612.114412-srg.jar%23420!/:?]
	... 13 more
[02Sep2026 01:02:01.183] [Worker-Main-1/ERROR] [net.minecraft.server.packs.resources.SimpleJsonResourceReloadListener/]: Couldn't parse data file cataclysm:blazing_grips from cataclysm:recipes/blazing_grips.json
com.google.gson.JsonParseException: java.io.EOFException: End of input at line 1 column 1 path $
	at net.minecraft.util.GsonHelper.m_13780_(GsonHelper.java:526) ~[server-1.20.1-20230612.114412-srg.jar%23420!/:?]
	at net.minecraft.util.GsonHelper.m_263475_(GsonHelper.java:531) ~[server-1.20.1-20230612.114412-srg.jar%23420!/:?]
	at net.minecraft.util.GsonHelper.m_13776_(GsonHelper.java:581) ~[server-1.20.1-20230612.114412-srg.jar%23420!/:?]
	at net.minecraft.server.packs.resources.SimpleJsonResourceReloadListener.m_278771_(SimpleJsonResourceReloadListener.java:41) ~[server-1.20.1-20230612.114412-srg.jar%23420!/:?]
	at net.minecraft.server.packs.resources.SimpleJsonResourceReloadListener.m_5944_(SimpleJsonResourceReloadListener.java:29) ~[server-1.20.1-20230612.114412-srg.jar%23420!/:?]
	at net.minecraft.server.packs.resources.SimpleJsonResourceReloadListener.m_5944_(SimpleJsonResourceReloadListener.java:17) ~[server-1.20.1-20230612.114412-srg.jar%23420!/:?]
	at net.minecraft.server.packs.resources.SimplePreparableReloadListener.m_10786_(SimplePreparableReloadListener.java:11) ~[server-1.20.1-20230612.114412-srg.jar%23420!/:?]
	at java.util.concurrent.CompletableFuture$AsyncSupply.run(CompletableFuture.java:1768) ~[?:?]
	at java.util.concurrent.CompletableFuture$AsyncSupply.exec(CompletableFuture.java:1760) ~[?:?]
	at java.util.concurrent.ForkJoinTask.doExec(ForkJoinTask.java:373) ~[?:?]
	at java.util.concurrent.ForkJoinPool$WorkQueue.topLevelExec(ForkJoinPool.java:1182) ~[?:?]
	at java.util.concurrent.ForkJoinPool.scan(ForkJoinPool.java:1655) ~[?:?]
	at java.util.concurrent.ForkJoinPool.runWorker(ForkJoinPool.java:1622) ~[?:?]
	at java.util.concurrent.ForkJoinWorkerThread.run(ForkJoinWorkerThread.java:165) ~[?:?]
Caused by: java.io.EOFException: End of input at line 1 column 1 path $
	at com.google.gson.stream.JsonReader.nextNonWhitespace(JsonReader.java:1455) ~[gson-2.10.jar%2372!/:?]
	at com.google.gson.stream.JsonReader.doPeek(JsonReader.java:558) ~[gson-2.10.jar%2372!/:?]
	at com.google.gson.stream.JsonReader.peek(JsonReader.java:433) ~[gson-2.10.jar%2372!/:?]
	at com.google.gson.internal.bind.TypeAdapters$28.read(TypeAdapters.java:769) ~[gson-2.10.jar%2372!/:?]
	at com.google.gson.internal.bind.TypeAdapters$28.read(TypeAdapters.java:725) ~[gson-2.10.jar%2372!/:?]
	at com.google.gson.internal.bind.TypeAdapters$34$1.read(TypeAdapters.java:1007) ~[gson-2.10.jar%2372!/:?]
	at net.minecraft.util.GsonHelper.m_13780_(GsonHelper.java:524) ~[server-1.20.1-20230612.114412-srg.jar%23420!/:?]
	... 13 more
[02Sep2026 01:02:01.185] [Worker-Main-1/ERROR] [net.minecraft.server.packs.resources.SimpleJsonResourceReloadListener/]: Couldn't parse data file cataclysm_spellbooks:bloom_stone_staff from cataclysm_spellbooks:recipes/bloom_stone_staff.json
com.google.gson.JsonParseException: java.io.EOFException: End of input at line 1 column 1 path $
	at net.minecraft.util.GsonHelper.m_13780_(GsonHelper.java:526) ~[server-1.20.1-20230612.114412-srg.jar%23420!/:?]
	at net.minecraft.util.GsonHelper.m_263475_(GsonHelper.java:531) ~[server-1.20.1-20230612.114412-srg.jar%23420!/:?]
	at net.minecraft.util.GsonHelper.m_13776_(GsonHelper.java:581) ~[server-1.20.1-20230612.114412-srg.jar%23420!/:?]
	at net.minecraft.server.packs.resources.SimpleJsonResourceReloadListener.m_278771_(SimpleJsonResourceReloadListener.java:41) ~[server-1.20.1-20230612.114412-srg.jar%23420!/:?]
	at net.minecraft.server.packs.resources.SimpleJsonResourceReloadListener.m_5944_(SimpleJsonResourceReloadListener.java:29) ~[server-1.20.1-20230612.114412-srg.jar%23420!/:?]
	at net.minecraft.server.packs.resources.SimpleJsonResourceReloadListener.m_5944_(SimpleJsonResourceReloadListener.java:17) ~[server-1.20.1-20230612.114412-srg.jar%23420!/:?]
	at net.minecraft.server.packs.resources.SimplePreparableReloadListener.m_10786_(SimplePreparableReloadListener.java:11) ~[server-1.20.1-20230612.114412-srg.jar%23420!/:?]
	at java.util.concurrent.CompletableFuture$AsyncSupply.run(CompletableFuture.java:1768) ~[?:?]
	at java.util.concurrent.CompletableFuture$AsyncSupply.exec(CompletableFuture.java:1760) ~[?:?]
	at java.util.concurrent.ForkJoinTask.doExec(ForkJoinTask.java:373) ~[?:?]
	at java.util.concurrent.ForkJoinPool$WorkQueue.topLevelExec(ForkJoinPool.java:1182) ~[?:?]
	at java.util.concurrent.ForkJoinPool.scan(ForkJoinPool.java:1655) ~[?:?]
	at java.util.concurrent.ForkJoinPool.runWorker(ForkJoinPool.java:1622) ~[?:?]
	at java.util.concurrent.ForkJoinWorkerThread.run(ForkJoinWorkerThread.java:165) ~[?:?]
Caused by: java.io.EOFException: End of input at line 1 column 1 path $
	at com.google.gson.stream.JsonReader.nextNonWhitespace(JsonReader.java:1455) ~[gson-2.10.jar%2372!/:?]
	at com.google.gson.stream.JsonReader.doPeek(JsonReader.java:558) ~[gson-2.10.jar%2372!/:?]
	at com.google.gson.stream.JsonReader.peek(JsonReader.java:433) ~[gson-2.10.jar%2372!/:?]
	at com.google.gson.internal.bind.TypeAdapters$28.read(TypeAdapters.java:769) ~[gson-2.10.jar%2372!/:?]
	at com.google.gson.internal.bind.TypeAdapters$28.read(TypeAdapters.java:725) ~[gson-2.10.jar%2372!/:?]
	at com.google.gson.internal.bind.TypeAdapters$34$1.read(TypeAdapters.java:1007) ~[gson-2.10.jar%2372!/:?]
	at net.minecraft.util.GsonHelper.m_13780_(GsonHelper.java:524) ~[server-1.20.1-20230612.114412-srg.jar%23420!/:?]
	... 13 more
[02Sep2026 01:02:01.193] [Worker-Main-1/ERROR] [net.minecraft.server.packs.resources.SimpleJsonResourceReloadListener/]: Couldn't parse data file irons_spellbooks:boreal_blade from irons_spellbooks:recipes/boreal_blade.json
com.google.gson.JsonParseException: java.io.EOFException: End of input at line 1 column 1 path $
	at net.minecraft.util.GsonHelper.m_13780_(GsonHelper.java:526) ~[server-1.20.1-20230612.114412-srg.jar%23420!/:?]
	at net.minecraft.util.GsonHelper.m_263475_(GsonHelper.java:531) ~[server-1.20.1-20230612.114412-srg.jar%23420!/:?]
	at net.minecraft.util.GsonHelper.m_13776_(GsonHelper.java:581) ~[server-1.20.1-20230612.114412-srg.jar%23420!/:?]
	at net.minecraft.server.packs.resources.SimpleJsonResourceReloadListener.m_278771_(SimpleJsonResourceReloadListener.java:41) ~[server-1.20.1-20230612.114412-srg.jar%23420!/:?]
	at net.minecraft.server.packs.resources.SimpleJsonResourceReloadListener.m_5944_(SimpleJsonResourceReloadListener.java:29) ~[server-1.20.1-20230612.114412-srg.jar%23420!/:?]
	at net.minecraft.server.packs.resources.SimpleJsonResourceReloadListener.m_5944_(SimpleJsonResourceReloadListener.java:17) ~[server-1.20.1-20230612.114412-srg.jar%23420!/:?]
	at net.minecraft.server.packs.resources.SimplePreparableReloadListener.m_10786_(SimplePreparableReloadListener.java:11) ~[server-1.20.1-20230612.114412-srg.jar%23420!/:?]
	at java.util.concurrent.CompletableFuture$AsyncSupply.run(CompletableFuture.java:1768) ~[?:?]
	at java.util.concurrent.CompletableFuture$AsyncSupply.exec(CompletableFuture.java:1760) ~[?:?]
	at java.util.concurrent.ForkJoinTask.doExec(ForkJoinTask.java:373) ~[?:?]
	at java.util.concurrent.ForkJoinPool$WorkQueue.topLevelExec(ForkJoinPool.java:1182) ~[?:?]
	at java.util.concurrent.ForkJoinPool.scan(ForkJoinPool.java:1655) ~[?:?]
	at java.util.concurrent.ForkJoinPool.runWorker(ForkJoinPool.java:1622) ~[?:?]
	at java.util.concurrent.ForkJoinWorkerThread.run(ForkJoinWorkerThread.java:165) ~[?:?]
Caused by: java.io.EOFException: End of input at line 1 column 1 path $
	at com.google.gson.stream.JsonReader.nextNonWhitespace(JsonReader.java:1455) ~[gson-2.10.jar%2372!/:?]
	at com.google.gson.stream.JsonReader.doPeek(JsonReader.java:558) ~[gson-2.10.jar%2372!/:?]
	at com.google.gson.stream.JsonReader.peek(JsonReader.java:433) ~[gson-2.10.jar%2372!/:?]
	at com.google.gson.internal.bind.TypeAdapters$28.read(TypeAdapters.java:769) ~[gson-2.10.jar%2372!/:?]
	at com.google.gson.internal.bind.TypeAdapters$28.read(TypeAdapters.java:725) ~[gson-2.10.jar%2372!/:?]
	at com.google.gson.internal.bind.TypeAdapters$34$1.read(TypeAdapters.java:1007) ~[gson-2.10.jar%2372!/:?]
	at net.minecraft.util.GsonHelper.m_13780_(GsonHelper.java:524) ~[server-1.20.1-20230612.114412-srg.jar%23420!/:?]
	... 13 more
[02Sep2026 01:02:01.196] [Worker-Main-1/ERROR] [net.minecraft.server.packs.resources.SimpleJsonResourceReloadListener/]: Couldn't parse data file efn:broadblade from efn:recipes/broadblade.json
com.google.gson.JsonParseException: java.io.EOFException: End of input at line 1 column 1 path $
	at net.minecraft.util.GsonHelper.m_13780_(GsonHelper.java:526) ~[server-1.20.1-20230612.114412-srg.jar%23420!/:?]
	at net.minecraft.util.GsonHelper.m_263475_(GsonHelper.java:531) ~[server-1.20.1-20230612.114412-srg.jar%23420!/:?]
	at net.minecraft.util.GsonHelper.m_13776_(GsonHelper.java:581) ~[server-1.20.1-20230612.114412-srg.jar%23420!/:?]
	at net.minecraft.server.packs.resources.SimpleJsonResourceReloadListener.m_278771_(SimpleJsonResourceReloadListener.java:41) ~[server-1.20.1-20230612.114412-srg.jar%23420!/:?]
	at net.minecraft.server.packs.resources.SimpleJsonResourceReloadListener.m_5944_(SimpleJsonResourceReloadListener.java:29) ~[server-1.20.1-20230612.114412-srg.jar%23420!/:?]
	at net.minecraft.server.packs.resources.SimpleJsonResourceReloadListener.m_5944_(SimpleJsonResourceReloadListener.java:17) ~[server-1.20.1-20230612.114412-srg.jar%23420!/:?]
	at net.minecraft.server.packs.resources.SimplePreparableReloadListener.m_10786_(SimplePreparableReloadListener.java:11) ~[server-1.20.1-20230612.114412-srg.jar%23420!/:?]
	at java.util.concurrent.CompletableFuture$AsyncSupply.run(CompletableFuture.java:1768) ~[?:?]
	at java.util.concurrent.CompletableFuture$AsyncSupply.exec(CompletableFuture.java:1760) ~[?:?]
	at java.util.concurrent.ForkJoinTask.doExec(ForkJoinTask.java:373) ~[?:?]
	at java.util.concurrent.ForkJoinPool$WorkQueue.topLevelExec(ForkJoinPool.java:1182) ~[?:?]
	at java.util.concurrent.ForkJoinPool.scan(ForkJoinPool.java:1655) ~[?:?]
	at java.util.concurrent.ForkJoinPool.runWorker(ForkJoinPool.java:1622) ~[?:?]
	at java.util.concurrent.ForkJoinWorkerThread.run(ForkJoinWorkerThread.java:165) ~[?:?]
Caused by: java.io.EOFException: End of input at line 1 column 1 path $
	at com.google.gson.stream.JsonReader.nextNonWhitespace(JsonReader.java:1455) ~[gson-2.10.jar%2372!/:?]
	at com.google.gson.stream.JsonReader.doPeek(JsonReader.java:558) ~[gson-2.10.jar%2372!/:?]
	at com.google.gson.stream.JsonReader.peek(JsonReader.java:433) ~[gson-2.10.jar%2372!/:?]
	at com.google.gson.internal.bind.TypeAdapters$28.read(TypeAdapters.java:769) ~[gson-2.10.jar%2372!/:?]
	at com.google.gson.internal.bind.TypeAdapters$28.read(TypeAdapters.java:725) ~[gson-2.10.jar%2372!/:?]
	at com.google.gson.internal.bind.TypeAdapters$34$1.read(TypeAdapters.java:1007) ~[gson-2.10.jar%2372!/:?]
	at net.minecraft.util.GsonHelper.m_13780_(GsonHelper.java:524) ~[server-1.20.1-20230612.114412-srg.jar%23420!/:?]
	... 13 more
[02Sep2026 01:02:01.247] [Worker-Main-1/ERROR] [net.minecraft.server.packs.resources.SimpleJsonResourceReloadListener/]: Couldn't parse data file cataclysm:bulwark_of_the_flame from cataclysm:recipes/bulwark_of_the_flame.json
com.google.gson.JsonParseException: java.io.EOFException: End of input at line 1 column 1 path $
	at net.minecraft.util.GsonHelper.m_13780_(GsonHelper.java:526) ~[server-1.20.1-20230612.114412-srg.jar%23420!/:?]
	at net.minecraft.util.GsonHelper.m_263475_(GsonHelper.java:531) ~[server-1.20.1-20230612.114412-srg.jar%23420!/:?]
	at net.minecraft.util.GsonHelper.m_13776_(GsonHelper.java:581) ~[server-1.20.1-20230612.114412-srg.jar%23420!/:?]
	at net.minecraft.server.packs.resources.SimpleJsonResourceReloadListener.m_278771_(SimpleJsonResourceReloadListener.java:41) ~[server-1.20.1-20230612.114412-srg.jar%23420!/:?]
	at net.minecraft.server.packs.resources.SimpleJsonResourceReloadListener.m_5944_(SimpleJsonResourceReloadListener.java:29) ~[server-1.20.1-20230612.114412-srg.jar%23420!/:?]
	at net.minecraft.server.packs.resources.SimpleJsonResourceReloadListener.m_5944_(SimpleJsonResourceReloadListener.java:17) ~[server-1.20.1-20230612.114412-srg.jar%23420!/:?]
	at net.minecraft.server.packs.resources.SimplePreparableReloadListener.m_10786_(SimplePreparableReloadListener.java:11) ~[server-1.20.1-20230612.114412-srg.jar%23420!/:?]
	at java.util.concurrent.CompletableFuture$AsyncSupply.run(CompletableFuture.java:1768) ~[?:?]
	at java.util.concurrent.CompletableFuture$AsyncSupply.exec(CompletableFuture.java:1760) ~[?:?]
	at java.util.concurrent.ForkJoinTask.doExec(ForkJoinTask.java:373) ~[?:?]
	at java.util.concurrent.ForkJoinPool$WorkQueue.topLevelExec(ForkJoinPool.java:1182) ~[?:?]
	at java.util.concurrent.ForkJoinPool.scan(ForkJoinPool.java:1655) ~[?:?]
	at java.util.concurrent.ForkJoinPool.runWorker(ForkJoinPool.java:1622) ~[?:?]
	at java.util.concurrent.ForkJoinWorkerThread.run(ForkJoinWorkerThread.java:165) ~[?:?]
Caused by: java.io.EOFException: End of input at line 1 column 1 path $
	at com.google.gson.stream.JsonReader.nextNonWhitespace(JsonReader.java:1455) ~[gson-2.10.jar%2372!/:?]
	at com.google.gson.stream.JsonReader.doPeek(JsonReader.java:558) ~[gson-2.10.jar%2372!/:?]
	at com.google.gson.stream.JsonReader.peek(JsonReader.java:433) ~[gson-2.10.jar%2372!/:?]
	at com.google.gson.internal.bind.TypeAdapters$28.read(TypeAdapters.java:769) ~[gson-2.10.jar%2372!/:?]
	at com.google.gson.internal.bind.TypeAdapters$28.read(TypeAdapters.java:725) ~[gson-2.10.jar%2372!/:?]
	at com.google.gson.internal.bind.TypeAdapters$34$1.read(TypeAdapters.java:1007) ~[gson-2.10.jar%2372!/:?]
	at net.minecraft.util.GsonHelper.m_13780_(GsonHelper.java:524) ~[server-1.20.1-20230612.114412-srg.jar%23420!/:?]
	... 13 more
[02Sep2026 01:02:01.260] [Worker-Main-1/ERROR] [net.minecraft.server.packs.resources.SimpleJsonResourceReloadListener/]: Couldn't parse data file efn:co_tachi from efn:recipes/co_tachi.json
com.google.gson.JsonParseException: java.io.EOFException: End of input at line 1 column 1 path $
	at net.minecraft.util.GsonHelper.m_13780_(GsonHelper.java:526) ~[server-1.20.1-20230612.114412-srg.jar%23420!/:?]
	at net.minecraft.util.GsonHelper.m_263475_(GsonHelper.java:531) ~[server-1.20.1-20230612.114412-srg.jar%23420!/:?]
	at net.minecraft.util.GsonHelper.m_13776_(GsonHelper.java:581) ~[server-1.20.1-20230612.114412-srg.jar%23420!/:?]
	at net.minecraft.server.packs.resources.SimpleJsonResourceReloadListener.m_278771_(SimpleJsonResourceReloadListener.java:41) ~[server-1.20.1-20230612.114412-srg.jar%23420!/:?]
	at net.minecraft.server.packs.resources.SimpleJsonResourceReloadListener.m_5944_(SimpleJsonResourceReloadListener.java:29) ~[server-1.20.1-20230612.114412-srg.jar%23420!/:?]
	at net.minecraft.server.packs.resources.SimpleJsonResourceReloadListener.m_5944_(SimpleJsonResourceReloadListener.java:17) ~[server-1.20.1-20230612.114412-srg.jar%23420!/:?]
	at net.minecraft.server.packs.resources.SimplePreparableReloadListener.m_10786_(SimplePreparableReloadListener.java:11) ~[server-1.20.1-20230612.114412-srg.jar%23420!/:?]
	at java.util.concurrent.CompletableFuture$AsyncSupply.run(CompletableFuture.java:1768) ~[?:?]
	at java.util.concurrent.CompletableFuture$AsyncSupply.exec(CompletableFuture.java:1760) ~[?:?]
	at java.util.concurrent.ForkJoinTask.doExec(ForkJoinTask.java:373) ~[?:?]
	at java.util.concurrent.ForkJoinPool$WorkQueue.topLevelExec(ForkJoinPool.java:1182) ~[?:?]
	at java.util.concurrent.ForkJoinPool.scan(ForkJoinPool.java:1655) ~[?:?]
	at java.util.concurrent.ForkJoinPool.runWorker(ForkJoinPool.java:1622) ~[?:?]
	at java.util.concurrent.ForkJoinWorkerThread.run(ForkJoinWorkerThread.java:165) ~[?:?]
Caused by: java.io.EOFException: End of input at line 1 column 1 path $
	at com.google.gson.stream.JsonReader.nextNonWhitespace(JsonReader.java:1455) ~[gson-2.10.jar%2372!/:?]
	at com.google.gson.stream.JsonReader.doPeek(JsonReader.java:558) ~[gson-2.10.jar%2372!/:?]
	at com.google.gson.stream.JsonReader.peek(JsonReader.java:433) ~[gson-2.10.jar%2372!/:?]
	at com.google.gson.internal.bind.TypeAdapters$28.read(TypeAdapters.java:769) ~[gson-2.10.jar%2372!/:?]
	at com.google.gson.internal.bind.TypeAdapters$28.read(TypeAdapters.java:725) ~[gson-2.10.jar%2372!/:?]
	at com.google.gson.internal.bind.TypeAdapters$34$1.read(TypeAdapters.java:1007) ~[gson-2.10.jar%2372!/:?]
	at net.minecraft.util.GsonHelper.m_13780_(GsonHelper.java:524) ~[server-1.20.1-20230612.114412-srg.jar%23420!/:?]
	... 13 more
[02Sep2026 01:02:01.262] [Worker-Main-1/ERROR] [net.minecraft.server.packs.resources.SimpleJsonResourceReloadListener/]: Couldn't parse data file efn:co_tachi_to_air from efn:recipes/co_tachi_to_air.json
com.google.gson.JsonParseException: java.io.EOFException: End of input at line 1 column 1 path $
	at net.minecraft.util.GsonHelper.m_13780_(GsonHelper.java:526) ~[server-1.20.1-20230612.114412-srg.jar%23420!/:?]
	at net.minecraft.util.GsonHelper.m_263475_(GsonHelper.java:531) ~[server-1.20.1-20230612.114412-srg.jar%23420!/:?]
	at net.minecraft.util.GsonHelper.m_13776_(GsonHelper.java:581) ~[server-1.20.1-20230612.114412-srg.jar%23420!/:?]
	at net.minecraft.server.packs.resources.SimpleJsonResourceReloadListener.m_278771_(SimpleJsonResourceReloadListener.java:41) ~[server-1.20.1-20230612.114412-srg.jar%23420!/:?]
	at net.minecraft.server.packs.resources.SimpleJsonResourceReloadListener.m_5944_(SimpleJsonResourceReloadListener.java:29) ~[server-1.20.1-20230612.114412-srg.jar%23420!/:?]
	at net.minecraft.server.packs.resources.SimpleJsonResourceReloadListener.m_5944_(SimpleJsonResourceReloadListener.java:17) ~[server-1.20.1-20230612.114412-srg.jar%23420!/:?]
	at net.minecraft.server.packs.resources.SimplePreparableReloadListener.m_10786_(SimplePreparableReloadListener.java:11) ~[server-1.20.1-20230612.114412-srg.jar%23420!/:?]
	at java.util.concurrent.CompletableFuture$AsyncSupply.run(CompletableFuture.java:1768) ~[?:?]
	at java.util.concurrent.CompletableFuture$AsyncSupply.exec(CompletableFuture.java:1760) ~[?:?]
	at java.util.concurrent.ForkJoinTask.doExec(ForkJoinTask.java:373) ~[?:?]
	at java.util.concurrent.ForkJoinPool$WorkQueue.topLevelExec(ForkJoinPool.java:1182) ~[?:?]
	at java.util.concurrent.ForkJoinPool.scan(ForkJoinPool.java:1655) ~[?:?]
	at java.util.concurrent.ForkJoinPool.runWorker(ForkJoinPool.java:1622) ~[?:?]
	at java.util.concurrent.ForkJoinWorkerThread.run(ForkJoinWorkerThread.java:165) ~[?:?]
Caused by: java.io.EOFException: End of input at line 1 column 1 path $
	at com.google.gson.stream.JsonReader.nextNonWhitespace(JsonReader.java:1455) ~[gson-2.10.jar%2372!/:?]
	at com.google.gson.stream.JsonReader.doPeek(JsonReader.java:558) ~[gson-2.10.jar%2372!/:?]
	at com.google.gson.stream.JsonReader.peek(JsonReader.java:433) ~[gson-2.10.jar%2372!/:?]
	at com.google.gson.internal.bind.TypeAdapters$28.read(TypeAdapters.java:769) ~[gson-2.10.jar%2372!/:?]
	at com.google.gson.internal.bind.TypeAdapters$28.read(TypeAdapters.java:725) ~[gson-2.10.jar%2372!/:?]
	at com.google.gson.internal.bind.TypeAdapters$34$1.read(TypeAdapters.java:1007) ~[gson-2.10.jar%2372!/:?]
	at net.minecraft.util.GsonHelper.m_13780_(GsonHelper.java:524) ~[server-1.20.1-20230612.114412-srg.jar%23420!/:?]
	... 13 more
[02Sep2026 01:02:01.264] [Worker-Main-1/ERROR] [net.minecraft.server.packs.resources.SimpleJsonResourceReloadListener/]: Couldn't parse data file epicfightx:combat_mastery_i from epicfightx:recipes/combat_mastery_i.json
com.google.gson.JsonParseException: java.io.EOFException: End of input at line 1 column 1 path $
	at net.minecraft.util.GsonHelper.m_13780_(GsonHelper.java:526) ~[server-1.20.1-20230612.114412-srg.jar%23420!/:?]
	at net.minecraft.util.GsonHelper.m_263475_(GsonHelper.java:531) ~[server-1.20.1-20230612.114412-srg.jar%23420!/:?]
	at net.minecraft.util.GsonHelper.m_13776_(GsonHelper.java:581) ~[server-1.20.1-20230612.114412-srg.jar%23420!/:?]
	at net.minecraft.server.packs.resources.SimpleJsonResourceReloadListener.m_278771_(SimpleJsonResourceReloadListener.java:41) ~[server-1.20.1-20230612.114412-srg.jar%23420!/:?]
	at net.minecraft.server.packs.resources.SimpleJsonResourceReloadListener.m_5944_(SimpleJsonResourceReloadListener.java:29) ~[server-1.20.1-20230612.114412-srg.jar%23420!/:?]
	at net.minecraft.server.packs.resources.SimpleJsonResourceReloadListener.m_5944_(SimpleJsonResourceReloadListener.java:17) ~[server-1.20.1-20230612.114412-srg.jar%23420!/:?]
	at net.minecraft.server.packs.resources.SimplePreparableReloadListener.m_10786_(SimplePreparableReloadListener.java:11) ~[server-1.20.1-20230612.114412-srg.jar%23420!/:?]
	at java.util.concurrent.CompletableFuture$AsyncSupply.run(CompletableFuture.java:1768) ~[?:?]
	at java.util.concurrent.CompletableFuture$AsyncSupply.exec(CompletableFuture.java:1760) ~[?:?]
	at java.util.concurrent.ForkJoinTask.doExec(ForkJoinTask.java:373) ~[?:?]
	at java.util.concurrent.ForkJoinPool$WorkQueue.topLevelExec(ForkJoinPool.java:1182) ~[?:?]
	at java.util.concurrent.ForkJoinPool.scan(ForkJoinPool.java:1655) ~[?:?]
	at java.util.concurrent.ForkJoinPool.runWorker(ForkJoinPool.java:1622) ~[?:?]
	at java.util.concurrent.ForkJoinWorkerThread.run(ForkJoinWorkerThread.java:165) ~[?:?]
Caused by: java.io.EOFException: End of input at line 1 column 1 path $
	at com.google.gson.stream.JsonReader.nextNonWhitespace(JsonReader.java:1455) ~[gson-2.10.jar%2372!/:?]
	at com.google.gson.stream.JsonReader.doPeek(JsonReader.java:558) ~[gson-2.10.jar%2372!/:?]
	at com.google.gson.stream.JsonReader.peek(JsonReader.java:433) ~[gson-2.10.jar%2372!/:?]
	at com.google.gson.internal.bind.TypeAdapters$28.read(TypeAdapters.java:769) ~[gson-2.10.jar%2372!/:?]
	at com.google.gson.internal.bind.TypeAdapters$28.read(TypeAdapters.java:725) ~[gson-2.10.jar%2372!/:?]
	at com.google.gson.internal.bind.TypeAdapters$34$1.read(TypeAdapters.java:1007) ~[gson-2.10.jar%2372!/:?]
	at net.minecraft.util.GsonHelper.m_13780_(GsonHelper.java:524) ~[server-1.20.1-20230612.114412-srg.jar%23420!/:?]
	... 13 more
[02Sep2026 01:02:01.271] [Worker-Main-1/ERROR] [net.minecraft.server.packs.resources.SimpleJsonResourceReloadListener/]: Couldn't parse data file irons_spellbooks:copper_spell_book from irons_spellbooks:recipes/copper_spell_book.json
com.google.gson.JsonParseException: java.io.EOFException: End of input at line 1 column 1 path $
	at net.minecraft.util.GsonHelper.m_13780_(GsonHelper.java:526) ~[server-1.20.1-20230612.114412-srg.jar%23420!/:?]
	at net.minecraft.util.GsonHelper.m_263475_(GsonHelper.java:531) ~[server-1.20.1-20230612.114412-srg.jar%23420!/:?]
	at net.minecraft.util.GsonHelper.m_13776_(GsonHelper.java:581) ~[server-1.20.1-20230612.114412-srg.jar%23420!/:?]
	at net.minecraft.server.packs.resources.SimpleJsonResourceReloadListener.m_278771_(SimpleJsonResourceReloadListener.java:41) ~[server-1.20.1-20230612.114412-srg.jar%23420!/:?]
	at net.minecraft.server.packs.resources.SimpleJsonResourceReloadListener.m_5944_(SimpleJsonResourceReloadListener.java:29) ~[server-1.20.1-20230612.114412-srg.jar%23420!/:?]
	at net.minecraft.server.packs.resources.SimpleJsonResourceReloadListener.m_5944_(SimpleJsonResourceReloadListener.java:17) ~[server-1.20.1-20230612.114412-srg.jar%23420!/:?]
	at net.minecraft.server.packs.resources.SimplePreparableReloadListener.m_10786_(SimplePreparableReloadListener.java:11) ~[server-1.20.1-20230612.114412-srg.jar%23420!/:?]
	at java.util.concurrent.CompletableFuture$AsyncSupply.run(CompletableFuture.java:1768) ~[?:?]
	at java.util.concurrent.CompletableFuture$AsyncSupply.exec(CompletableFuture.java:1760) ~[?:?]
	at java.util.concurrent.ForkJoinTask.doExec(ForkJoinTask.java:373) ~[?:?]
	at java.util.concurrent.ForkJoinPool$WorkQueue.topLevelExec(ForkJoinPool.java:1182) ~[?:?]
	at java.util.concurrent.ForkJoinPool.scan(ForkJoinPool.java:1655) ~[?:?]
	at java.util.concurrent.ForkJoinPool.runWorker(ForkJoinPool.java:1622) ~[?:?]
	at java.util.concurrent.ForkJoinWorkerThread.run(ForkJoinWorkerThread.java:165) ~[?:?]
Caused by: java.io.EOFException: End of input at line 1 column 1 path $
	at com.google.gson.stream.JsonReader.nextNonWhitespace(JsonReader.java:1455) ~[gson-2.10.jar%2372!/:?]
	at com.google.gson.stream.JsonReader.doPeek(JsonReader.java:558) ~[gson-2.10.jar%2372!/:?]
	at com.google.gson.stream.JsonReader.peek(JsonReader.java:433) ~[gson-2.10.jar%2372!/:?]
	at com.google.gson.internal.bind.TypeAdapters$28.read(TypeAdapters.java:769) ~[gson-2.10.jar%2372!/:?]
	at com.google.gson.internal.bind.TypeAdapters$28.read(TypeAdapters.java:725) ~[gson-2.10.jar%2372!/:?]
	at com.google.gson.internal.bind.TypeAdapters$34$1.read(TypeAdapters.java:1007) ~[gson-2.10.jar%2372!/:?]
	at net.minecraft.util.GsonHelper.m_13780_(GsonHelper.java:524) ~[server-1.20.1-20230612.114412-srg.jar%23420!/:?]
	... 13 more
[02Sep2026 01:02:01.274] [Worker-Main-1/ERROR] [net.minecraft.server.packs.resources.SimpleJsonResourceReloadListener/]: Couldn't parse data file cataclysm_spellbooks:coral_staff from cataclysm_spellbooks:recipes/coral_staff.json
com.google.gson.JsonParseException: java.io.EOFException: End of input at line 1 column 1 path $
	at net.minecraft.util.GsonHelper.m_13780_(GsonHelper.java:526) ~[server-1.20.1-20230612.114412-srg.jar%23420!/:?]
	at net.minecraft.util.GsonHelper.m_263475_(GsonHelper.java:531) ~[server-1.20.1-20230612.114412-srg.jar%23420!/:?]
	at net.minecraft.util.GsonHelper.m_13776_(GsonHelper.java:581) ~[server-1.20.1-20230612.114412-srg.jar%23420!/:?]
	at net.minecraft.server.packs.resources.SimpleJsonResourceReloadListener.m_278771_(SimpleJsonResourceReloadListener.java:41) ~[server-1.20.1-20230612.114412-srg.jar%23420!/:?]
	at net.minecraft.server.packs.resources.SimpleJsonResourceReloadListener.m_5944_(SimpleJsonResourceReloadListener.java:29) ~[server-1.20.1-20230612.114412-srg.jar%23420!/:?]
	at net.minecraft.server.packs.resources.SimpleJsonResourceReloadListener.m_5944_(SimpleJsonResourceReloadListener.java:17) ~[server-1.20.1-20230612.114412-srg.jar%23420!/:?]
	at net.minecraft.server.packs.resources.SimplePreparableReloadListener.m_10786_(SimplePreparableReloadListener.java:11) ~[server-1.20.1-20230612.114412-srg.jar%23420!/:?]
	at java.util.concurrent.CompletableFuture$AsyncSupply.run(CompletableFuture.java:1768) ~[?:?]
	at java.util.concurrent.CompletableFuture$AsyncSupply.exec(CompletableFuture.java:1760) ~[?:?]
	at java.util.concurrent.ForkJoinTask.doExec(ForkJoinTask.java:373) ~[?:?]
	at java.util.concurrent.ForkJoinPool$WorkQueue.topLevelExec(ForkJoinPool.java:1182) ~[?:?]
	at java.util.concurrent.ForkJoinPool.scan(ForkJoinPool.java:1655) ~[?:?]
	at java.util.concurrent.ForkJoinPool.runWorker(ForkJoinPool.java:1622) ~[?:?]
	at java.util.concurrent.ForkJoinWorkerThread.run(ForkJoinWorkerThread.java:165) ~[?:?]
Caused by: java.io.EOFException: End of input at line 1 column 1 path $
	at com.google.gson.stream.JsonReader.nextNonWhitespace(JsonReader.java:1455) ~[gson-2.10.jar%2372!/:?]
	at com.google.gson.stream.JsonReader.doPeek(JsonReader.java:558) ~[gson-2.10.jar%2372!/:?]
	at com.google.gson.stream.JsonReader.peek(JsonReader.java:433) ~[gson-2.10.jar%2372!/:?]
	at com.google.gson.internal.bind.TypeAdapters$28.read(TypeAdapters.java:769) ~[gson-2.10.jar%2372!/:?]
	at com.google.gson.internal.bind.TypeAdapters$28.read(TypeAdapters.java:725) ~[gson-2.10.jar%2372!/:?]
	at com.google.gson.internal.bind.TypeAdapters$34$1.read(TypeAdapters.java:1007) ~[gson-2.10.jar%2372!/:?]
	at net.minecraft.util.GsonHelper.m_13780_(GsonHelper.java:524) ~[server-1.20.1-20230612.114412-srg.jar%23420!/:?]
	... 13 more
[02Sep2026 01:02:01.279] [Worker-Main-1/ERROR] [net.minecraft.server.packs.resources.SimpleJsonResourceReloadListener/]: Couldn't parse data file efn:crescent_moon from efn:recipes/crescent_moon.json
com.google.gson.JsonParseException: java.io.EOFException: End of input at line 1 column 1 path $
	at net.minecraft.util.GsonHelper.m_13780_(GsonHelper.java:526) ~[server-1.20.1-20230612.114412-srg.jar%23420!/:?]
	at net.minecraft.util.GsonHelper.m_263475_(GsonHelper.java:531) ~[server-1.20.1-20230612.114412-srg.jar%23420!/:?]
	at net.minecraft.util.GsonHelper.m_13776_(GsonHelper.java:581) ~[server-1.20.1-20230612.114412-srg.jar%23420!/:?]
	at net.minecraft.server.packs.resources.SimpleJsonResourceReloadListener.m_278771_(SimpleJsonResourceReloadListener.java:41) ~[server-1.20.1-20230612.114412-srg.jar%23420!/:?]
	at net.minecraft.server.packs.resources.SimpleJsonResourceReloadListener.m_5944_(SimpleJsonResourceReloadListener.java:29) ~[server-1.20.1-20230612.114412-srg.jar%23420!/:?]
	at net.minecraft.server.packs.resources.SimpleJsonResourceReloadListener.m_5944_(SimpleJsonResourceReloadListener.java:17) ~[server-1.20.1-20230612.114412-srg.jar%23420!/:?]
	at net.minecraft.server.packs.resources.SimplePreparableReloadListener.m_10786_(SimplePreparableReloadListener.java:11) ~[server-1.20.1-20230612.114412-srg.jar%23420!/:?]
	at java.util.concurrent.CompletableFuture$AsyncSupply.run(CompletableFuture.java:1768) ~[?:?]
	at java.util.concurrent.CompletableFuture$AsyncSupply.exec(CompletableFuture.java:1760) ~[?:?]
	at java.util.concurrent.ForkJoinTask.doExec(ForkJoinTask.java:373) ~[?:?]
	at java.util.concurrent.ForkJoinPool$WorkQueue.topLevelExec(ForkJoinPool.java:1182) ~[?:?]
	at java.util.concurrent.ForkJoinPool.scan(ForkJoinPool.java:1655) ~[?:?]
	at java.util.concurrent.ForkJoinPool.runWorker(ForkJoinPool.java:1622) ~[?:?]
	at java.util.concurrent.ForkJoinWorkerThread.run(ForkJoinWorkerThread.java:165) ~[?:?]
Caused by: java.io.EOFException: End of input at line 1 column 1 path $
	at com.google.gson.stream.JsonReader.nextNonWhitespace(JsonReader.java:1455) ~[gson-2.10.jar%2372!/:?]
	at com.google.gson.stream.JsonReader.doPeek(JsonReader.java:558) ~[gson-2.10.jar%2372!/:?]
	at com.google.gson.stream.JsonReader.peek(JsonReader.java:433) ~[gson-2.10.jar%2372!/:?]
	at com.google.gson.internal.bind.TypeAdapters$28.read(TypeAdapters.java:769) ~[gson-2.10.jar%2372!/:?]
	at com.google.gson.internal.bind.TypeAdapters$28.read(TypeAdapters.java:725) ~[gson-2.10.jar%2372!/:?]
	at com.google.gson.internal.bind.TypeAdapters$34$1.read(TypeAdapters.java:1007) ~[gson-2.10.jar%2372!/:?]
	at net.minecraft.util.GsonHelper.m_13780_(GsonHelper.java:524) ~[server-1.20.1-20230612.114412-srg.jar%23420!/:?]
	... 13 more
[02Sep2026 01:02:01.281] [Worker-Main-1/ERROR] [net.minecraft.server.packs.resources.SimpleJsonResourceReloadListener/]: Couldn't parse data file efn:crimson_moon from efn:recipes/crimson_moon.json
com.google.gson.JsonParseException: java.io.EOFException: End of input at line 1 column 1 path $
	at net.minecraft.util.GsonHelper.m_13780_(GsonHelper.java:526) ~[server-1.20.1-20230612.114412-srg.jar%23420!/:?]
	at net.minecraft.util.GsonHelper.m_263475_(GsonHelper.java:531) ~[server-1.20.1-20230612.114412-srg.jar%23420!/:?]
	at net.minecraft.util.GsonHelper.m_13776_(GsonHelper.java:581) ~[server-1.20.1-20230612.114412-srg.jar%23420!/:?]
	at net.minecraft.server.packs.resources.SimpleJsonResourceReloadListener.m_278771_(SimpleJsonResourceReloadListener.java:41) ~[server-1.20.1-20230612.114412-srg.jar%23420!/:?]
	at net.minecraft.server.packs.resources.SimpleJsonResourceReloadListener.m_5944_(SimpleJsonResourceReloadListener.java:29) ~[server-1.20.1-20230612.114412-srg.jar%23420!/:?]
	at net.minecraft.server.packs.resources.SimpleJsonResourceReloadListener.m_5944_(SimpleJsonResourceReloadListener.java:17) ~[server-1.20.1-20230612.114412-srg.jar%23420!/:?]
	at net.minecraft.server.packs.resources.SimplePreparableReloadListener.m_10786_(SimplePreparableReloadListener.java:11) ~[server-1.20.1-20230612.114412-srg.jar%23420!/:?]
	at java.util.concurrent.CompletableFuture$AsyncSupply.run(CompletableFuture.java:1768) ~[?:?]
	at java.util.concurrent.CompletableFuture$AsyncSupply.exec(CompletableFuture.java:1760) ~[?:?]
	at java.util.concurrent.ForkJoinTask.doExec(ForkJoinTask.java:373) ~[?:?]
	at java.util.concurrent.ForkJoinPool$WorkQueue.topLevelExec(ForkJoinPool.java:1182) ~[?:?]
	at java.util.concurrent.ForkJoinPool.scan(ForkJoinPool.java:1655) ~[?:?]
	at java.util.concurrent.ForkJoinPool.runWorker(ForkJoinPool.java:1622) ~[?:?]
	at java.util.concurrent.ForkJoinWorkerThread.run(ForkJoinWorkerThread.java:165) ~[?:?]
Caused by: java.io.EOFException: End of input at line 1 column 1 path $
	at com.google.gson.stream.JsonReader.nextNonWhitespace(JsonReader.java:1455) ~[gson-2.10.jar%2372!/:?]
	at com.google.gson.stream.JsonReader.doPeek(JsonReader.java:558) ~[gson-2.10.jar%2372!/:?]
	at com.google.gson.stream.JsonReader.peek(JsonReader.java:433) ~[gson-2.10.jar%2372!/:?]
	at com.google.gson.internal.bind.TypeAdapters$28.read(TypeAdapters.java:769) ~[gson-2.10.jar%2372!/:?]
	at com.google.gson.internal.bind.TypeAdapters$28.read(TypeAdapters.java:725) ~[gson-2.10.jar%2372!/:?]
	at com.google.gson.internal.bind.TypeAdapters$34$1.read(TypeAdapters.java:1007) ~[gson-2.10.jar%2372!/:?]
	at net.minecraft.util.GsonHelper.m_13780_(GsonHelper.java:524) ~[server-1.20.1-20230612.114412-srg.jar%23420!/:?]
	... 13 more
[02Sep2026 01:02:01.284] [Worker-Main-1/ERROR] [net.minecraft.server.packs.resources.SimpleJsonResourceReloadListener/]: Couldn't parse data file fromtheshadows:crystallized_dagger from fromtheshadows:recipes/crystallized_dagger.json
com.google.gson.JsonParseException: java.io.EOFException: End of input at line 1 column 1 path $
	at net.minecraft.util.GsonHelper.m_13780_(GsonHelper.java:526) ~[server-1.20.1-20230612.114412-srg.jar%23420!/:?]
	at net.minecraft.util.GsonHelper.m_263475_(GsonHelper.java:531) ~[server-1.20.1-20230612.114412-srg.jar%23420!/:?]
	at net.minecraft.util.GsonHelper.m_13776_(GsonHelper.java:581) ~[server-1.20.1-20230612.114412-srg.jar%23420!/:?]
	at net.minecraft.server.packs.resources.SimpleJsonResourceReloadListener.m_278771_(SimpleJsonResourceReloadListener.java:41) ~[server-1.20.1-20230612.114412-srg.jar%23420!/:?]
	at net.minecraft.server.packs.resources.SimpleJsonResourceReloadListener.m_5944_(SimpleJsonResourceReloadListener.java:29) ~[server-1.20.1-20230612.114412-srg.jar%23420!/:?]
	at net.minecraft.server.packs.resources.SimpleJsonResourceReloadListener.m_5944_(SimpleJsonResourceReloadListener.java:17) ~[server-1.20.1-20230612.114412-srg.jar%23420!/:?]
	at net.minecraft.server.packs.resources.SimplePreparableReloadListener.m_10786_(SimplePreparableReloadListener.java:11) ~[server-1.20.1-20230612.114412-srg.jar%23420!/:?]
	at java.util.concurrent.CompletableFuture$AsyncSupply.run(CompletableFuture.java:1768) ~[?:?]
	at java.util.concurrent.CompletableFuture$AsyncSupply.exec(CompletableFuture.java:1760) ~[?:?]
	at java.util.concurrent.ForkJoinTask.doExec(ForkJoinTask.java:373) ~[?:?]
	at java.util.concurrent.ForkJoinPool$WorkQueue.topLevelExec(ForkJoinPool.java:1182) ~[?:?]
	at java.util.concurrent.ForkJoinPool.scan(ForkJoinPool.java:1655) ~[?:?]
	at java.util.concurrent.ForkJoinPool.runWorker(ForkJoinPool.java:1622) ~[?:?]
	at java.util.concurrent.ForkJoinWorkerThread.run(ForkJoinWorkerThread.java:165) ~[?:?]
Caused by: java.io.EOFException: End of input at line 1 column 1 path $
	at com.google.gson.stream.JsonReader.nextNonWhitespace(JsonReader.java:1455) ~[gson-2.10.jar%2372!/:?]
	at com.google.gson.stream.JsonReader.doPeek(JsonReader.java:558) ~[gson-2.10.jar%2372!/:?]
	at com.google.gson.stream.JsonReader.peek(JsonReader.java:433) ~[gson-2.10.jar%2372!/:?]
	at com.google.gson.internal.bind.TypeAdapters$28.read(TypeAdapters.java:769) ~[gson-2.10.jar%2372!/:?]
	at com.google.gson.internal.bind.TypeAdapters$28.read(TypeAdapters.java:725) ~[gson-2.10.jar%2372!/:?]
	at com.google.gson.internal.bind.TypeAdapters$34$1.read(TypeAdapters.java:1007) ~[gson-2.10.jar%2372!/:?]
	at net.minecraft.util.GsonHelper.m_13780_(GsonHelper.java:524) ~[server-1.20.1-20230612.114412-srg.jar%23420!/:?]
	... 13 more
[02Sep2026 01:02:01.286] [Worker-Main-1/ERROR] [net.minecraft.server.packs.resources.SimpleJsonResourceReloadListener/]: Couldn't parse data file cataclysm:cursed_bow from cataclysm:recipes/cursed_bow.json
com.google.gson.JsonParseException: java.io.EOFException: End of input at line 1 column 1 path $
	at net.minecraft.util.GsonHelper.m_13780_(GsonHelper.java:526) ~[server-1.20.1-20230612.114412-srg.jar%23420!/:?]
	at net.minecraft.util.GsonHelper.m_263475_(GsonHelper.java:531) ~[server-1.20.1-20230612.114412-srg.jar%23420!/:?]
	at net.minecraft.util.GsonHelper.m_13776_(GsonHelper.java:581) ~[server-1.20.1-20230612.114412-srg.jar%23420!/:?]
	at net.minecraft.server.packs.resources.SimpleJsonResourceReloadListener.m_278771_(SimpleJsonResourceReloadListener.java:41) ~[server-1.20.1-20230612.114412-srg.jar%23420!/:?]
	at net.minecraft.server.packs.resources.SimpleJsonResourceReloadListener.m_5944_(SimpleJsonResourceReloadListener.java:29) ~[server-1.20.1-20230612.114412-srg.jar%23420!/:?]
	at net.minecraft.server.packs.resources.SimpleJsonResourceReloadListener.m_5944_(SimpleJsonResourceReloadListener.java:17) ~[server-1.20.1-20230612.114412-srg.jar%23420!/:?]
	at net.minecraft.server.packs.resources.SimplePreparableReloadListener.m_10786_(SimplePreparableReloadListener.java:11) ~[server-1.20.1-20230612.114412-srg.jar%23420!/:?]
	at java.util.concurrent.CompletableFuture$AsyncSupply.run(CompletableFuture.java:1768) ~[?:?]
	at java.util.concurrent.CompletableFuture$AsyncSupply.exec(CompletableFuture.java:1760) ~[?:?]
	at java.util.concurrent.ForkJoinTask.doExec(ForkJoinTask.java:373) ~[?:?]
	at java.util.concurrent.ForkJoinPool$WorkQueue.topLevelExec(ForkJoinPool.java:1182) ~[?:?]
	at java.util.concurrent.ForkJoinPool.scan(ForkJoinPool.java:1655) ~[?:?]
	at java.util.concurrent.ForkJoinPool.runWorker(ForkJoinPool.java:1622) ~[?:?]
	at java.util.concurrent.ForkJoinWorkerThread.run(ForkJoinWorkerThread.java:165) ~[?:?]
Caused by: java.io.EOFException: End of input at line 1 column 1 path $
	at com.google.gson.stream.JsonReader.nextNonWhitespace(JsonReader.java:1455) ~[gson-2.10.jar%2372!/:?]
	at com.google.gson.stream.JsonReader.doPeek(JsonReader.java:558) ~[gson-2.10.jar%2372!/:?]
	at com.google.gson.stream.JsonReader.peek(JsonReader.java:433) ~[gson-2.10.jar%2372!/:?]
	at com.google.gson.internal.bind.TypeAdapters$28.read(TypeAdapters.java:769) ~[gson-2.10.jar%2372!/:?]
	at com.google.gson.internal.bind.TypeAdapters$28.read(TypeAdapters.java:725) ~[gson-2.10.jar%2372!/:?]
	at com.google.gson.internal.bind.TypeAdapters$34$1.read(TypeAdapters.java:1007) ~[gson-2.10.jar%2372!/:?]
	at net.minecraft.util.GsonHelper.m_13780_(GsonHelper.java:524) ~[server-1.20.1-20230612.114412-srg.jar%23420!/:?]
	... 13 more
[02Sep2026 01:02:01.289] [Worker-Main-1/ERROR] [net.minecraft.server.packs.resources.SimpleJsonResourceReloadListener/]: Couldn't parse data file irons_spellbooks:cursed_doll_spell_book from irons_spellbooks:recipes/cursed_doll_spell_book.json
com.google.gson.JsonParseException: java.io.EOFException: End of input at line 1 column 1 path $
	at net.minecraft.util.GsonHelper.m_13780_(GsonHelper.java:526) ~[server-1.20.1-20230612.114412-srg.jar%23420!/:?]
	at net.minecraft.util.GsonHelper.m_263475_(GsonHelper.java:531) ~[server-1.20.1-20230612.114412-srg.jar%23420!/:?]
	at net.minecraft.util.GsonHelper.m_13776_(GsonHelper.java:581) ~[server-1.20.1-20230612.114412-srg.jar%23420!/:?]
	at net.minecraft.server.packs.resources.SimpleJsonResourceReloadListener.m_278771_(SimpleJsonResourceReloadListener.java:41) ~[server-1.20.1-20230612.114412-srg.jar%23420!/:?]
	at net.minecraft.server.packs.resources.SimpleJsonResourceReloadListener.m_5944_(SimpleJsonResourceReloadListener.java:29) ~[server-1.20.1-20230612.114412-srg.jar%23420!/:?]
	at net.minecraft.server.packs.resources.SimpleJsonResourceReloadListener.m_5944_(SimpleJsonResourceReloadListener.java:17) ~[server-1.20.1-20230612.114412-srg.jar%23420!/:?]
	at net.minecraft.server.packs.resources.SimplePreparableReloadListener.m_10786_(SimplePreparableReloadListener.java:11) ~[server-1.20.1-20230612.114412-srg.jar%23420!/:?]
	at java.util.concurrent.CompletableFuture$AsyncSupply.run(CompletableFuture.java:1768) ~[?:?]
	at java.util.concurrent.CompletableFuture$AsyncSupply.exec(CompletableFuture.java:1760) ~[?:?]
	at java.util.concurrent.ForkJoinTask.doExec(ForkJoinTask.java:373) ~[?:?]
	at java.util.concurrent.ForkJoinPool$WorkQueue.topLevelExec(ForkJoinPool.java:1182) ~[?:?]
	at java.util.concurrent.ForkJoinPool.scan(ForkJoinPool.java:1655) ~[?:?]
	at java.util.concurrent.ForkJoinPool.runWorker(ForkJoinPool.java:1622) ~[?:?]
	at java.util.concurrent.ForkJoinWorkerThread.run(ForkJoinWorkerThread.java:165) ~[?:?]
Caused by: java.io.EOFException: End of input at line 1 column 1 path $
	at com.google.gson.stream.JsonReader.nextNonWhitespace(JsonReader.java:1455) ~[gson-2.10.jar%2372!/:?]
	at com.google.gson.stream.JsonReader.doPeek(JsonReader.java:558) ~[gson-2.10.jar%2372!/:?]
	at com.google.gson.stream.JsonReader.peek(JsonReader.java:433) ~[gson-2.10.jar%2372!/:?]
	at com.google.gson.internal.bind.TypeAdapters$28.read(TypeAdapters.java:769) ~[gson-2.10.jar%2372!/:?]
	at com.google.gson.internal.bind.TypeAdapters$28.read(TypeAdapters.java:725) ~[gson-2.10.jar%2372!/:?]
	at com.google.gson.internal.bind.TypeAdapters$34$1.read(TypeAdapters.java:1007) ~[gson-2.10.jar%2372!/:?]
	at net.minecraft.util.GsonHelper.m_13780_(GsonHelper.java:524) ~[server-1.20.1-20230612.114412-srg.jar%23420!/:?]
	... 13 more
[02Sep2026 01:02:01.307] [Worker-Main-1/ERROR] [net.minecraft.server.packs.resources.SimpleJsonResourceReloadListener/]: Couldn't parse data file irons_spellbooks:decrepit_scythe_repair from irons_spellbooks:recipes/decrepit_scythe_repair.json
com.google.gson.JsonParseException: java.io.EOFException: End of input at line 1 column 1 path $
	at net.minecraft.util.GsonHelper.m_13780_(GsonHelper.java:526) ~[server-1.20.1-20230612.114412-srg.jar%23420!/:?]
	at net.minecraft.util.GsonHelper.m_263475_(GsonHelper.java:531) ~[server-1.20.1-20230612.114412-srg.jar%23420!/:?]
	at net.minecraft.util.GsonHelper.m_13776_(GsonHelper.java:581) ~[server-1.20.1-20230612.114412-srg.jar%23420!/:?]
	at net.minecraft.server.packs.resources.SimpleJsonResourceReloadListener.m_278771_(SimpleJsonResourceReloadListener.java:41) ~[server-1.20.1-20230612.114412-srg.jar%23420!/:?]
	at net.minecraft.server.packs.resources.SimpleJsonResourceReloadListener.m_5944_(SimpleJsonResourceReloadListener.java:29) ~[server-1.20.1-20230612.114412-srg.jar%23420!/:?]
	at net.minecraft.server.packs.resources.SimpleJsonResourceReloadListener.m_5944_(SimpleJsonResourceReloadListener.java:17) ~[server-1.20.1-20230612.114412-srg.jar%23420!/:?]
	at net.minecraft.server.packs.resources.SimplePreparableReloadListener.m_10786_(SimplePreparableReloadListener.java:11) ~[server-1.20.1-20230612.114412-srg.jar%23420!/:?]
	at java.util.concurrent.CompletableFuture$AsyncSupply.run(CompletableFuture.java:1768) ~[?:?]
	at java.util.concurrent.CompletableFuture$AsyncSupply.exec(CompletableFuture.java:1760) ~[?:?]
	at java.util.concurrent.ForkJoinTask.doExec(ForkJoinTask.java:373) ~[?:?]
	at java.util.concurrent.ForkJoinPool$WorkQueue.topLevelExec(ForkJoinPool.java:1182) ~[?:?]
	at java.util.concurrent.ForkJoinPool.scan(ForkJoinPool.java:1655) ~[?:?]
	at java.util.concurrent.ForkJoinPool.runWorker(ForkJoinPool.java:1622) ~[?:?]
	at java.util.concurrent.ForkJoinWorkerThread.run(ForkJoinWorkerThread.java:165) ~[?:?]
Caused by: java.io.EOFException: End of input at line 1 column 1 path $
	at com.google.gson.stream.JsonReader.nextNonWhitespace(JsonReader.java:1455) ~[gson-2.10.jar%2372!/:?]
	at com.google.gson.stream.JsonReader.doPeek(JsonReader.java:558) ~[gson-2.10.jar%2372!/:?]
	at com.google.gson.stream.JsonReader.peek(JsonReader.java:433) ~[gson-2.10.jar%2372!/:?]
	at com.google.gson.internal.bind.TypeAdapters$28.read(TypeAdapters.java:769) ~[gson-2.10.jar%2372!/:?]
	at com.google.gson.internal.bind.TypeAdapters$28.read(TypeAdapters.java:725) ~[gson-2.10.jar%2372!/:?]
	at com.google.gson.internal.bind.TypeAdapters$34$1.read(TypeAdapters.java:1007) ~[gson-2.10.jar%2372!/:?]
	at net.minecraft.util.GsonHelper.m_13780_(GsonHelper.java:524) ~[server-1.20.1-20230612.114412-srg.jar%23420!/:?]
	... 13 more
[02Sep2026 01:02:01.314] [Worker-Main-1/ERROR] [net.minecraft.server.packs.resources.SimpleJsonResourceReloadListener/]: Couldn't parse data file fromtheshadows:devil_splitter from fromtheshadows:recipes/devil_splitter.json
com.google.gson.JsonParseException: java.io.EOFException: End of input at line 1 column 1 path $
	at net.minecraft.util.GsonHelper.m_13780_(GsonHelper.java:526) ~[server-1.20.1-20230612.114412-srg.jar%23420!/:?]
	at net.minecraft.util.GsonHelper.m_263475_(GsonHelper.java:531) ~[server-1.20.1-20230612.114412-srg.jar%23420!/:?]
	at net.minecraft.util.GsonHelper.m_13776_(GsonHelper.java:581) ~[server-1.20.1-20230612.114412-srg.jar%23420!/:?]
	at net.minecraft.server.packs.resources.SimpleJsonResourceReloadListener.m_278771_(SimpleJsonResourceReloadListener.java:41) ~[server-1.20.1-20230612.114412-srg.jar%23420!/:?]
	at net.minecraft.server.packs.resources.SimpleJsonResourceReloadListener.m_5944_(SimpleJsonResourceReloadListener.java:29) ~[server-1.20.1-20230612.114412-srg.jar%23420!/:?]
	at net.minecraft.server.packs.resources.SimpleJsonResourceReloadListener.m_5944_(SimpleJsonResourceReloadListener.java:17) ~[server-1.20.1-20230612.114412-srg.jar%23420!/:?]
	at net.minecraft.server.packs.resources.SimplePreparableReloadListener.m_10786_(SimplePreparableReloadListener.java:11) ~[server-1.20.1-20230612.114412-srg.jar%23420!/:?]
	at java.util.concurrent.CompletableFuture$AsyncSupply.run(CompletableFuture.java:1768) ~[?:?]
	at java.util.concurrent.CompletableFuture$AsyncSupply.exec(CompletableFuture.java:1760) ~[?:?]
	at java.util.concurrent.ForkJoinTask.doExec(ForkJoinTask.java:373) ~[?:?]
	at java.util.concurrent.ForkJoinPool$WorkQueue.topLevelExec(ForkJoinPool.java:1182) ~[?:?]
	at java.util.concurrent.ForkJoinPool.scan(ForkJoinPool.java:1655) ~[?:?]
	at java.util.concurrent.ForkJoinPool.runWorker(ForkJoinPool.java:1622) ~[?:?]
	at java.util.concurrent.ForkJoinWorkerThread.run(ForkJoinWorkerThread.java:165) ~[?:?]
Caused by: java.io.EOFException: End of input at line 1 column 1 path $
	at com.google.gson.stream.JsonReader.nextNonWhitespace(JsonReader.java:1455) ~[gson-2.10.jar%2372!/:?]
	at com.google.gson.stream.JsonReader.doPeek(JsonReader.java:558) ~[gson-2.10.jar%2372!/:?]
	at com.google.gson.stream.JsonReader.peek(JsonReader.java:433) ~[gson-2.10.jar%2372!/:?]
	at com.google.gson.internal.bind.TypeAdapters$28.read(TypeAdapters.java:769) ~[gson-2.10.jar%2372!/:?]
	at com.google.gson.internal.bind.TypeAdapters$28.read(TypeAdapters.java:725) ~[gson-2.10.jar%2372!/:?]
	at com.google.gson.internal.bind.TypeAdapters$34$1.read(TypeAdapters.java:1007) ~[gson-2.10.jar%2372!/:?]
	at net.minecraft.util.GsonHelper.m_13780_(GsonHelper.java:524) ~[server-1.20.1-20230612.114412-srg.jar%23420!/:?]
	... 13 more
[02Sep2026 01:02:01.318] [Worker-Main-1/ERROR] [net.minecraft.server.packs.resources.SimpleJsonResourceReloadListener/]: Couldn't parse data file irons_spellbooks:diamond_spell_book from irons_spellbooks:recipes/diamond_spell_book.json
com.google.gson.JsonParseException: java.io.EOFException: End of input at line 1 column 1 path $
	at net.minecraft.util.GsonHelper.m_13780_(GsonHelper.java:526) ~[server-1.20.1-20230612.114412-srg.jar%23420!/:?]
	at net.minecraft.util.GsonHelper.m_263475_(GsonHelper.java:531) ~[server-1.20.1-20230612.114412-srg.jar%23420!/:?]
	at net.minecraft.util.GsonHelper.m_13776_(GsonHelper.java:581) ~[server-1.20.1-20230612.114412-srg.jar%23420!/:?]
	at net.minecraft.server.packs.resources.SimpleJsonResourceReloadListener.m_278771_(SimpleJsonResourceReloadListener.java:41) ~[server-1.20.1-20230612.114412-srg.jar%23420!/:?]
	at net.minecraft.server.packs.resources.SimpleJsonResourceReloadListener.m_5944_(SimpleJsonResourceReloadListener.java:29) ~[server-1.20.1-20230612.114412-srg.jar%23420!/:?]
	at net.minecraft.server.packs.resources.SimpleJsonResourceReloadListener.m_5944_(SimpleJsonResourceReloadListener.java:17) ~[server-1.20.1-20230612.114412-srg.jar%23420!/:?]
	at net.minecraft.server.packs.resources.SimplePreparableReloadListener.m_10786_(SimplePreparableReloadListener.java:11) ~[server-1.20.1-20230612.114412-srg.jar%23420!/:?]
	at java.util.concurrent.CompletableFuture$AsyncSupply.run(CompletableFuture.java:1768) ~[?:?]
	at java.util.concurrent.CompletableFuture$AsyncSupply.exec(CompletableFuture.java:1760) ~[?:?]
	at java.util.concurrent.ForkJoinTask.doExec(ForkJoinTask.java:373) ~[?:?]
	at java.util.concurrent.ForkJoinPool$WorkQueue.topLevelExec(ForkJoinPool.java:1182) ~[?:?]
	at java.util.concurrent.ForkJoinPool.scan(ForkJoinPool.java:1655) ~[?:?]
	at java.util.concurrent.ForkJoinPool.runWorker(ForkJoinPool.java:1622) ~[?:?]
	at java.util.concurrent.ForkJoinWorkerThread.run(ForkJoinWorkerThread.java:165) ~[?:?]
Caused by: java.io.EOFException: End of input at line 1 column 1 path $
	at com.google.gson.stream.JsonReader.nextNonWhitespace(JsonReader.java:1455) ~[gson-2.10.jar%2372!/:?]
	at com.google.gson.stream.JsonReader.doPeek(JsonReader.java:558) ~[gson-2.10.jar%2372!/:?]
	at com.google.gson.stream.JsonReader.peek(JsonReader.java:433) ~[gson-2.10.jar%2372!/:?]
	at com.google.gson.internal.bind.TypeAdapters$28.read(TypeAdapters.java:769) ~[gson-2.10.jar%2372!/:?]
	at com.google.gson.internal.bind.TypeAdapters$28.read(TypeAdapters.java:725) ~[gson-2.10.jar%2372!/:?]
	at com.google.gson.internal.bind.TypeAdapters$34$1.read(TypeAdapters.java:1007) ~[gson-2.10.jar%2372!/:?]
	at net.minecraft.util.GsonHelper.m_13780_(GsonHelper.java:524) ~[server-1.20.1-20230612.114412-srg.jar%23420!/:?]
	... 13 more
[02Sep2026 01:02:01.322] [Worker-Main-1/ERROR] [net.minecraft.server.packs.resources.SimpleJsonResourceReloadListener/]: Couldn't parse data file irons_spellbooks:dragonskin_spell_book from irons_spellbooks:recipes/dragonskin_spell_book.json
com.google.gson.JsonParseException: java.io.EOFException: End of input at line 1 column 1 path $
	at net.minecraft.util.GsonHelper.m_13780_(GsonHelper.java:526) ~[server-1.20.1-20230612.114412-srg.jar%23420!/:?]
	at net.minecraft.util.GsonHelper.m_263475_(GsonHelper.java:531) ~[server-1.20.1-20230612.114412-srg.jar%23420!/:?]
	at net.minecraft.util.GsonHelper.m_13776_(GsonHelper.java:581) ~[server-1.20.1-20230612.114412-srg.jar%23420!/:?]
	at net.minecraft.server.packs.resources.SimpleJsonResourceReloadListener.m_278771_(SimpleJsonResourceReloadListener.java:41) ~[server-1.20.1-20230612.114412-srg.jar%23420!/:?]
	at net.minecraft.server.packs.resources.SimpleJsonResourceReloadListener.m_5944_(SimpleJsonResourceReloadListener.java:29) ~[server-1.20.1-20230612.114412-srg.jar%23420!/:?]
	at net.minecraft.server.packs.resources.SimpleJsonResourceReloadListener.m_5944_(SimpleJsonResourceReloadListener.java:17) ~[server-1.20.1-20230612.114412-srg.jar%23420!/:?]
	at net.minecraft.server.packs.resources.SimplePreparableReloadListener.m_10786_(SimplePreparableReloadListener.java:11) ~[server-1.20.1-20230612.114412-srg.jar%23420!/:?]
	at java.util.concurrent.CompletableFuture$AsyncSupply.run(CompletableFuture.java:1768) ~[?:?]
	at java.util.concurrent.CompletableFuture$AsyncSupply.exec(CompletableFuture.java:1760) ~[?:?]
	at java.util.concurrent.ForkJoinTask.doExec(ForkJoinTask.java:373) ~[?:?]
	at java.util.concurrent.ForkJoinPool$WorkQueue.topLevelExec(ForkJoinPool.java:1182) ~[?:?]
	at java.util.concurrent.ForkJoinPool.scan(ForkJoinPool.java:1655) ~[?:?]
	at java.util.concurrent.ForkJoinPool.runWorker(ForkJoinPool.java:1622) ~[?:?]
	at java.util.concurrent.ForkJoinWorkerThread.run(ForkJoinWorkerThread.java:165) ~[?:?]
Caused by: java.io.EOFException: End of input at line 1 column 1 path $
	at com.google.gson.stream.JsonReader.nextNonWhitespace(JsonReader.java:1455) ~[gson-2.10.jar%2372!/:?]
	at com.google.gson.stream.JsonReader.doPeek(JsonReader.java:558) ~[gson-2.10.jar%2372!/:?]
	at com.google.gson.stream.JsonReader.peek(JsonReader.java:433) ~[gson-2.10.jar%2372!/:?]
	at com.google.gson.internal.bind.TypeAdapters$28.read(TypeAdapters.java:769) ~[gson-2.10.jar%2372!/:?]
	at com.google.gson.internal.bind.TypeAdapters$28.read(TypeAdapters.java:725) ~[gson-2.10.jar%2372!/:?]
	at com.google.gson.internal.bind.TypeAdapters$34$1.read(TypeAdapters.java:1007) ~[gson-2.10.jar%2372!/:?]
	at net.minecraft.util.GsonHelper.m_13780_(GsonHelper.java:524) ~[server-1.20.1-20230612.114412-srg.jar%23420!/:?]
	... 13 more
[02Sep2026 01:02:01.324] [Worker-Main-1/ERROR] [net.minecraft.server.packs.resources.SimpleJsonResourceReloadListener/]: Couldn't parse data file irons_spellbooks:druidic_spell_book from irons_spellbooks:recipes/druidic_spell_book.json
com.google.gson.JsonParseException: java.io.EOFException: End of input at line 1 column 1 path $
	at net.minecraft.util.GsonHelper.m_13780_(GsonHelper.java:526) ~[server-1.20.1-20230612.114412-srg.jar%23420!/:?]
	at net.minecraft.util.GsonHelper.m_263475_(GsonHelper.java:531) ~[server-1.20.1-20230612.114412-srg.jar%23420!/:?]
	at net.minecraft.util.GsonHelper.m_13776_(GsonHelper.java:581) ~[server-1.20.1-20230612.114412-srg.jar%23420!/:?]
	at net.minecraft.server.packs.resources.SimpleJsonResourceReloadListener.m_278771_(SimpleJsonResourceReloadListener.java:41) ~[server-1.20.1-20230612.114412-srg.jar%23420!/:?]
	at net.minecraft.server.packs.resources.SimpleJsonResourceReloadListener.m_5944_(SimpleJsonResourceReloadListener.java:29) ~[server-1.20.1-20230612.114412-srg.jar%23420!/:?]
	at net.minecraft.server.packs.resources.SimpleJsonResourceReloadListener.m_5944_(SimpleJsonResourceReloadListener.java:17) ~[server-1.20.1-20230612.114412-srg.jar%23420!/:?]
	at net.minecraft.server.packs.resources.SimplePreparableReloadListener.m_10786_(SimplePreparableReloadListener.java:11) ~[server-1.20.1-20230612.114412-srg.jar%23420!/:?]
	at java.util.concurrent.CompletableFuture$AsyncSupply.run(CompletableFuture.java:1768) ~[?:?]
	at java.util.concurrent.CompletableFuture$AsyncSupply.exec(CompletableFuture.java:1760) ~[?:?]
	at java.util.concurrent.ForkJoinTask.doExec(ForkJoinTask.java:373) ~[?:?]
	at java.util.concurrent.ForkJoinPool$WorkQueue.topLevelExec(ForkJoinPool.java:1182) ~[?:?]
	at java.util.concurrent.ForkJoinPool.scan(ForkJoinPool.java:1655) ~[?:?]
	at java.util.concurrent.ForkJoinPool.runWorker(ForkJoinPool.java:1622) ~[?:?]
	at java.util.concurrent.ForkJoinWorkerThread.run(ForkJoinWorkerThread.java:165) ~[?:?]
Caused by: java.io.EOFException: End of input at line 1 column 1 path $
	at com.google.gson.stream.JsonReader.nextNonWhitespace(JsonReader.java:1455) ~[gson-2.10.jar%2372!/:?]
	at com.google.gson.stream.JsonReader.doPeek(JsonReader.java:558) ~[gson-2.10.jar%2372!/:?]
	at com.google.gson.stream.JsonReader.peek(JsonReader.java:433) ~[gson-2.10.jar%2372!/:?]
	at com.google.gson.internal.bind.TypeAdapters$28.read(TypeAdapters.java:769) ~[gson-2.10.jar%2372!/:?]
	at com.google.gson.internal.bind.TypeAdapters$28.read(TypeAdapters.java:725) ~[gson-2.10.jar%2372!/:?]
	at com.google.gson.internal.bind.TypeAdapters$34$1.read(TypeAdapters.java:1007) ~[gson-2.10.jar%2372!/:?]
	at net.minecraft.util.GsonHelper.m_13780_(GsonHelper.java:524) ~[server-1.20.1-20230612.114412-srg.jar%23420!/:?]
	... 13 more
[02Sep2026 01:02:01.325] [Worker-Main-1/ERROR] [net.minecraft.server.packs.resources.SimpleJsonResourceReloadListener/]: Couldn't parse data file efn:duskfire_boots from efn:recipes/duskfire_boots.json
com.google.gson.JsonParseException: java.io.EOFException: End of input at line 1 column 1 path $
	at net.minecraft.util.GsonHelper.m_13780_(GsonHelper.java:526) ~[server-1.20.1-20230612.114412-srg.jar%23420!/:?]
	at net.minecraft.util.GsonHelper.m_263475_(GsonHelper.java:531) ~[server-1.20.1-20230612.114412-srg.jar%23420!/:?]
	at net.minecraft.util.GsonHelper.m_13776_(GsonHelper.java:581) ~[server-1.20.1-20230612.114412-srg.jar%23420!/:?]
	at net.minecraft.server.packs.resources.SimpleJsonResourceReloadListener.m_278771_(SimpleJsonResourceReloadListener.java:41) ~[server-1.20.1-20230612.114412-srg.jar%23420!/:?]
	at net.minecraft.server.packs.resources.SimpleJsonResourceReloadListener.m_5944_(SimpleJsonResourceReloadListener.java:29) ~[server-1.20.1-20230612.114412-srg.jar%23420!/:?]
	at net.minecraft.server.packs.resources.SimpleJsonResourceReloadListener.m_5944_(SimpleJsonResourceReloadListener.java:17) ~[server-1.20.1-20230612.114412-srg.jar%23420!/:?]
	at net.minecraft.server.packs.resources.SimplePreparableReloadListener.m_10786_(SimplePreparableReloadListener.java:11) ~[server-1.20.1-20230612.114412-srg.jar%23420!/:?]
	at java.util.concurrent.CompletableFuture$AsyncSupply.run(CompletableFuture.java:1768) ~[?:?]
	at java.util.concurrent.CompletableFuture$AsyncSupply.exec(CompletableFuture.java:1760) ~[?:?]
	at java.util.concurrent.ForkJoinTask.doExec(ForkJoinTask.java:373) ~[?:?]
	at java.util.concurrent.ForkJoinPool$WorkQueue.topLevelExec(ForkJoinPool.java:1182) ~[?:?]
	at java.util.concurrent.ForkJoinPool.scan(ForkJoinPool.java:1655) ~[?:?]
	at java.util.concurrent.ForkJoinPool.runWorker(ForkJoinPool.java:1622) ~[?:?]
	at java.util.concurrent.ForkJoinWorkerThread.run(ForkJoinWorkerThread.java:165) ~[?:?]
Caused by: java.io.EOFException: End of input at line 1 column 1 path $
	at com.google.gson.stream.JsonReader.nextNonWhitespace(JsonReader.java:1455) ~[gson-2.10.jar%2372!/:?]
	at com.google.gson.stream.JsonReader.doPeek(JsonReader.java:558) ~[gson-2.10.jar%2372!/:?]
	at com.google.gson.stream.JsonReader.peek(JsonReader.java:433) ~[gson-2.10.jar%2372!/:?]
	at com.google.gson.internal.bind.TypeAdapters$28.read(TypeAdapters.java:769) ~[gson-2.10.jar%2372!/:?]
	at com.google.gson.internal.bind.TypeAdapters$28.read(TypeAdapters.java:725) ~[gson-2.10.jar%2372!/:?]
	at com.google.gson.internal.bind.TypeAdapters$34$1.read(TypeAdapters.java:1007) ~[gson-2.10.jar%2372!/:?]
	at net.minecraft.util.GsonHelper.m_13780_(GsonHelper.java:524) ~[server-1.20.1-20230612.114412-srg.jar%23420!/:?]
	... 13 more
[02Sep2026 01:02:01.327] [Worker-Main-1/ERROR] [net.minecraft.server.packs.resources.SimpleJsonResourceReloadListener/]: Couldn't parse data file efn:duskfire_chestplate from efn:recipes/duskfire_chestplate.json
com.google.gson.JsonParseException: java.io.EOFException: End of input at line 1 column 1 path $
	at net.minecraft.util.GsonHelper.m_13780_(GsonHelper.java:526) ~[server-1.20.1-20230612.114412-srg.jar%23420!/:?]
	at net.minecraft.util.GsonHelper.m_263475_(GsonHelper.java:531) ~[server-1.20.1-20230612.114412-srg.jar%23420!/:?]
	at net.minecraft.util.GsonHelper.m_13776_(GsonHelper.java:581) ~[server-1.20.1-20230612.114412-srg.jar%23420!/:?]
	at net.minecraft.server.packs.resources.SimpleJsonResourceReloadListener.m_278771_(SimpleJsonResourceReloadListener.java:41) ~[server-1.20.1-20230612.114412-srg.jar%23420!/:?]
	at net.minecraft.server.packs.resources.SimpleJsonResourceReloadListener.m_5944_(SimpleJsonResourceReloadListener.java:29) ~[server-1.20.1-20230612.114412-srg.jar%23420!/:?]
	at net.minecraft.server.packs.resources.SimpleJsonResourceReloadListener.m_5944_(SimpleJsonResourceReloadListener.java:17) ~[server-1.20.1-20230612.114412-srg.jar%23420!/:?]
	at net.minecraft.server.packs.resources.SimplePreparableReloadListener.m_10786_(SimplePreparableReloadListener.java:11) ~[server-1.20.1-20230612.114412-srg.jar%23420!/:?]
	at java.util.concurrent.CompletableFuture$AsyncSupply.run(CompletableFuture.java:1768) ~[?:?]
	at java.util.concurrent.CompletableFuture$AsyncSupply.exec(CompletableFuture.java:1760) ~[?:?]
	at java.util.concurrent.ForkJoinTask.doExec(ForkJoinTask.java:373) ~[?:?]
	at java.util.concurrent.ForkJoinPool$WorkQueue.topLevelExec(ForkJoinPool.java:1182) ~[?:?]
	at java.util.concurrent.ForkJoinPool.scan(ForkJoinPool.java:1655) ~[?:?]
	at java.util.concurrent.ForkJoinPool.runWorker(ForkJoinPool.java:1622) ~[?:?]
	at java.util.concurrent.ForkJoinWorkerThread.run(ForkJoinWorkerThread.java:165) ~[?:?]
Caused by: java.io.EOFException: End of input at line 1 column 1 path $
	at com.google.gson.stream.JsonReader.nextNonWhitespace(JsonReader.java:1455) ~[gson-2.10.jar%2372!/:?]
	at com.google.gson.stream.JsonReader.doPeek(JsonReader.java:558) ~[gson-2.10.jar%2372!/:?]
	at com.google.gson.stream.JsonReader.peek(JsonReader.java:433) ~[gson-2.10.jar%2372!/:?]
	at com.google.gson.internal.bind.TypeAdapters$28.read(TypeAdapters.java:769) ~[gson-2.10.jar%2372!/:?]
	at com.google.gson.internal.bind.TypeAdapters$28.read(TypeAdapters.java:725) ~[gson-2.10.jar%2372!/:?]
	at com.google.gson.internal.bind.TypeAdapters$34$1.read(TypeAdapters.java:1007) ~[gson-2.10.jar%2372!/:?]
	at net.minecraft.util.GsonHelper.m_13780_(GsonHelper.java:524) ~[server-1.20.1-20230612.114412-srg.jar%23420!/:?]
	... 13 more
[02Sep2026 01:02:01.329] [Worker-Main-1/ERROR] [net.minecraft.server.packs.resources.SimpleJsonResourceReloadListener/]: Couldn't parse data file efn:duskfire_helmet from efn:recipes/duskfire_helmet.json
com.google.gson.JsonParseException: java.io.EOFException: End of input at line 1 column 1 path $
	at net.minecraft.util.GsonHelper.m_13780_(GsonHelper.java:526) ~[server-1.20.1-20230612.114412-srg.jar%23420!/:?]
	at net.minecraft.util.GsonHelper.m_263475_(GsonHelper.java:531) ~[server-1.20.1-20230612.114412-srg.jar%23420!/:?]
	at net.minecraft.util.GsonHelper.m_13776_(GsonHelper.java:581) ~[server-1.20.1-20230612.114412-srg.jar%23420!/:?]
	at net.minecraft.server.packs.resources.SimpleJsonResourceReloadListener.m_278771_(SimpleJsonResourceReloadListener.java:41) ~[server-1.20.1-20230612.114412-srg.jar%23420!/:?]
	at net.minecraft.server.packs.resources.SimpleJsonResourceReloadListener.m_5944_(SimpleJsonResourceReloadListener.java:29) ~[server-1.20.1-20230612.114412-srg.jar%23420!/:?]
	at net.minecraft.server.packs.resources.SimpleJsonResourceReloadListener.m_5944_(SimpleJsonResourceReloadListener.java:17) ~[server-1.20.1-20230612.114412-srg.jar%23420!/:?]
	at net.minecraft.server.packs.resources.SimplePreparableReloadListener.m_10786_(SimplePreparableReloadListener.java:11) ~[server-1.20.1-20230612.114412-srg.jar%23420!/:?]
	at java.util.concurrent.CompletableFuture$AsyncSupply.run(CompletableFuture.java:1768) ~[?:?]
	at java.util.concurrent.CompletableFuture$AsyncSupply.exec(CompletableFuture.java:1760) ~[?:?]
	at java.util.concurrent.ForkJoinTask.doExec(ForkJoinTask.java:373) ~[?:?]
	at java.util.concurrent.ForkJoinPool$WorkQueue.topLevelExec(ForkJoinPool.java:1182) ~[?:?]
	at java.util.concurrent.ForkJoinPool.scan(ForkJoinPool.java:1655) ~[?:?]
	at java.util.concurrent.ForkJoinPool.runWorker(ForkJoinPool.java:1622) ~[?:?]
	at java.util.concurrent.ForkJoinWorkerThread.run(ForkJoinWorkerThread.java:165) ~[?:?]
Caused by: java.io.EOFException: End of input at line 1 column 1 path $
	at com.google.gson.stream.JsonReader.nextNonWhitespace(JsonReader.java:1455) ~[gson-2.10.jar%2372!/:?]
	at com.google.gson.stream.JsonReader.doPeek(JsonReader.java:558) ~[gson-2.10.jar%2372!/:?]
	at com.google.gson.stream.JsonReader.peek(JsonReader.java:433) ~[gson-2.10.jar%2372!/:?]
	at com.google.gson.internal.bind.TypeAdapters$28.read(TypeAdapters.java:769) ~[gson-2.10.jar%2372!/:?]
	at com.google.gson.internal.bind.TypeAdapters$28.read(TypeAdapters.java:725) ~[gson-2.10.jar%2372!/:?]
	at com.google.gson.internal.bind.TypeAdapters$34$1.read(TypeAdapters.java:1007) ~[gson-2.10.jar%2372!/:?]
	at net.minecraft.util.GsonHelper.m_13780_(GsonHelper.java:524) ~[server-1.20.1-20230612.114412-srg.jar%23420!/:?]
	... 13 more
[02Sep2026 01:02:01.330] [Worker-Main-1/ERROR] [net.minecraft.server.packs.resources.SimpleJsonResourceReloadListener/]: Couldn't parse data file efn:duskfire_leggings from efn:recipes/duskfire_leggings.json
com.google.gson.JsonParseException: java.io.EOFException: End of input at line 1 column 1 path $
	at net.minecraft.util.GsonHelper.m_13780_(GsonHelper.java:526) ~[server-1.20.1-20230612.114412-srg.jar%23420!/:?]
	at net.minecraft.util.GsonHelper.m_263475_(GsonHelper.java:531) ~[server-1.20.1-20230612.114412-srg.jar%23420!/:?]
	at net.minecraft.util.GsonHelper.m_13776_(GsonHelper.java:581) ~[server-1.20.1-20230612.114412-srg.jar%23420!/:?]
	at net.minecraft.server.packs.resources.SimpleJsonResourceReloadListener.m_278771_(SimpleJsonResourceReloadListener.java:41) ~[server-1.20.1-20230612.114412-srg.jar%23420!/:?]
	at net.minecraft.server.packs.resources.SimpleJsonResourceReloadListener.m_5944_(SimpleJsonResourceReloadListener.java:29) ~[server-1.20.1-20230612.114412-srg.jar%23420!/:?]
	at net.minecraft.server.packs.resources.SimpleJsonResourceReloadListener.m_5944_(SimpleJsonResourceReloadListener.java:17) ~[server-1.20.1-20230612.114412-srg.jar%23420!/:?]
	at net.minecraft.server.packs.resources.SimplePreparableReloadListener.m_10786_(SimplePreparableReloadListener.java:11) ~[server-1.20.1-20230612.114412-srg.jar%23420!/:?]
	at java.util.concurrent.CompletableFuture$AsyncSupply.run(CompletableFuture.java:1768) ~[?:?]
	at java.util.concurrent.CompletableFuture$AsyncSupply.exec(CompletableFuture.java:1760) ~[?:?]
	at java.util.concurrent.ForkJoinTask.doExec(ForkJoinTask.java:373) ~[?:?]
	at java.util.concurrent.ForkJoinPool$WorkQueue.topLevelExec(ForkJoinPool.java:1182) ~[?:?]
	at java.util.concurrent.ForkJoinPool.scan(ForkJoinPool.java:1655) ~[?:?]
	at java.util.concurrent.ForkJoinPool.runWorker(ForkJoinPool.java:1622) ~[?:?]
	at java.util.concurrent.ForkJoinWorkerThread.run(ForkJoinWorkerThread.java:165) ~[?:?]
Caused by: java.io.EOFException: End of input at line 1 column 1 path $
	at com.google.gson.stream.JsonReader.nextNonWhitespace(JsonReader.java:1455) ~[gson-2.10.jar%2372!/:?]
	at com.google.gson.stream.JsonReader.doPeek(JsonReader.java:558) ~[gson-2.10.jar%2372!/:?]
	at com.google.gson.stream.JsonReader.peek(JsonReader.java:433) ~[gson-2.10.jar%2372!/:?]
	at com.google.gson.internal.bind.TypeAdapters$28.read(TypeAdapters.java:769) ~[gson-2.10.jar%2372!/:?]
	at com.google.gson.internal.bind.TypeAdapters$28.read(TypeAdapters.java:725) ~[gson-2.10.jar%2372!/:?]
	at com.google.gson.internal.bind.TypeAdapters$34$1.read(TypeAdapters.java:1007) ~[gson-2.10.jar%2372!/:?]
	at net.minecraft.util.GsonHelper.m_13780_(GsonHelper.java:524) ~[server-1.20.1-20230612.114412-srg.jar%23420!/:?]
	... 13 more
[02Sep2026 01:02:01.333] [Worker-Main-1/ERROR] [net.minecraft.server.packs.resources.SimpleJsonResourceReloadListener/]: Couldn't parse data file efn:efn_dodge from efn:recipes/efn_dodge.json
com.google.gson.JsonParseException: java.io.EOFException: End of input at line 1 column 1 path $
	at net.minecraft.util.GsonHelper.m_13780_(GsonHelper.java:526) ~[server-1.20.1-20230612.114412-srg.jar%23420!/:?]
	at net.minecraft.util.GsonHelper.m_263475_(GsonHelper.java:531) ~[server-1.20.1-20230612.114412-srg.jar%23420!/:?]
	at net.minecraft.util.GsonHelper.m_13776_(GsonHelper.java:581) ~[server-1.20.1-20230612.114412-srg.jar%23420!/:?]
	at net.minecraft.server.packs.resources.SimpleJsonResourceReloadListener.m_278771_(SimpleJsonResourceReloadListener.java:41) ~[server-1.20.1-20230612.114412-srg.jar%23420!/:?]
	at net.minecraft.server.packs.resources.SimpleJsonResourceReloadListener.m_5944_(SimpleJsonResourceReloadListener.java:29) ~[server-1.20.1-20230612.114412-srg.jar%23420!/:?]
	at net.minecraft.server.packs.resources.SimpleJsonResourceReloadListener.m_5944_(SimpleJsonResourceReloadListener.java:17) ~[server-1.20.1-20230612.114412-srg.jar%23420!/:?]
	at net.minecraft.server.packs.resources.SimplePreparableReloadListener.m_10786_(SimplePreparableReloadListener.java:11) ~[server-1.20.1-20230612.114412-srg.jar%23420!/:?]
	at java.util.concurrent.CompletableFuture$AsyncSupply.run(CompletableFuture.java:1768) ~[?:?]
	at java.util.concurrent.CompletableFuture$AsyncSupply.exec(CompletableFuture.java:1760) ~[?:?]
	at java.util.concurrent.ForkJoinTask.doExec(ForkJoinTask.java:373) ~[?:?]
	at java.util.concurrent.ForkJoinPool$WorkQueue.topLevelExec(ForkJoinPool.java:1182) ~[?:?]
	at java.util.concurrent.ForkJoinPool.scan(ForkJoinPool.java:1655) ~[?:?]
	at java.util.concurrent.ForkJoinPool.runWorker(ForkJoinPool.java:1622) ~[?:?]
	at java.util.concurrent.ForkJoinWorkerThread.run(ForkJoinWorkerThread.java:165) ~[?:?]
Caused by: java.io.EOFException: End of input at line 1 column 1 path $
	at com.google.gson.stream.JsonReader.nextNonWhitespace(JsonReader.java:1455) ~[gson-2.10.jar%2372!/:?]
	at com.google.gson.stream.JsonReader.doPeek(JsonReader.java:558) ~[gson-2.10.jar%2372!/:?]
	at com.google.gson.stream.JsonReader.peek(JsonReader.java:433) ~[gson-2.10.jar%2372!/:?]
	at com.google.gson.internal.bind.TypeAdapters$28.read(TypeAdapters.java:769) ~[gson-2.10.jar%2372!/:?]
	at com.google.gson.internal.bind.TypeAdapters$28.read(TypeAdapters.java:725) ~[gson-2.10.jar%2372!/:?]
	at com.google.gson.internal.bind.TypeAdapters$34$1.read(TypeAdapters.java:1007) ~[gson-2.10.jar%2372!/:?]
	at net.minecraft.util.GsonHelper.m_13780_(GsonHelper.java:524) ~[server-1.20.1-20230612.114412-srg.jar%23420!/:?]
	... 13 more
[02Sep2026 01:02:01.334] [Worker-Main-1/ERROR] [net.minecraft.server.packs.resources.SimpleJsonResourceReloadListener/]: Couldn't parse data file efn:efn_step from efn:recipes/efn_step.json
com.google.gson.JsonParseException: java.io.EOFException: End of input at line 1 column 1 path $
	at net.minecraft.util.GsonHelper.m_13780_(GsonHelper.java:526) ~[server-1.20.1-20230612.114412-srg.jar%23420!/:?]
	at net.minecraft.util.GsonHelper.m_263475_(GsonHelper.java:531) ~[server-1.20.1-20230612.114412-srg.jar%23420!/:?]
	at net.minecraft.util.GsonHelper.m_13776_(GsonHelper.java:581) ~[server-1.20.1-20230612.114412-srg.jar%23420!/:?]
	at net.minecraft.server.packs.resources.SimpleJsonResourceReloadListener.m_278771_(SimpleJsonResourceReloadListener.java:41) ~[server-1.20.1-20230612.114412-srg.jar%23420!/:?]
	at net.minecraft.server.packs.resources.SimpleJsonResourceReloadListener.m_5944_(SimpleJsonResourceReloadListener.java:29) ~[server-1.20.1-20230612.114412-srg.jar%23420!/:?]
	at net.minecraft.server.packs.resources.SimpleJsonResourceReloadListener.m_5944_(SimpleJsonResourceReloadListener.java:17) ~[server-1.20.1-20230612.114412-srg.jar%23420!/:?]
	at net.minecraft.server.packs.resources.SimplePreparableReloadListener.m_10786_(SimplePreparableReloadListener.java:11) ~[server-1.20.1-20230612.114412-srg.jar%23420!/:?]
	at java.util.concurrent.CompletableFuture$AsyncSupply.run(CompletableFuture.java:1768) ~[?:?]
	at java.util.concurrent.CompletableFuture$AsyncSupply.exec(CompletableFuture.java:1760) ~[?:?]
	at java.util.concurrent.ForkJoinTask.doExec(ForkJoinTask.java:373) ~[?:?]
	at java.util.concurrent.ForkJoinPool$WorkQueue.topLevelExec(ForkJoinPool.java:1182) ~[?:?]
	at java.util.concurrent.ForkJoinPool.scan(ForkJoinPool.java:1655) ~[?:?]
	at java.util.concurrent.ForkJoinPool.runWorker(ForkJoinPool.java:1622) ~[?:?]
	at java.util.concurrent.ForkJoinWorkerThread.run(ForkJoinWorkerThread.java:165) ~[?:?]
Caused by: java.io.EOFException: End of input at line 1 column 1 path $
	at com.google.gson.stream.JsonReader.nextNonWhitespace(JsonReader.java:1455) ~[gson-2.10.jar%2372!/:?]
	at com.google.gson.stream.JsonReader.doPeek(JsonReader.java:558) ~[gson-2.10.jar%2372!/:?]
	at com.google.gson.stream.JsonReader.peek(JsonReader.java:433) ~[gson-2.10.jar%2372!/:?]
	at com.google.gson.internal.bind.TypeAdapters$28.read(TypeAdapters.java:769) ~[gson-2.10.jar%2372!/:?]
	at com.google.gson.internal.bind.TypeAdapters$28.read(TypeAdapters.java:725) ~[gson-2.10.jar%2372!/:?]
	at com.google.gson.internal.bind.TypeAdapters$34$1.read(TypeAdapters.java:1007) ~[gson-2.10.jar%2372!/:?]
	at net.minecraft.util.GsonHelper.m_13780_(GsonHelper.java:524) ~[server-1.20.1-20230612.114412-srg.jar%23420!/:?]
	... 13 more
[02Sep2026 01:02:01.335] [Worker-Main-1/ERROR] [net.minecraft.server.packs.resources.SimpleJsonResourceReloadListener/]: Couldn't parse data file irons_spellbooks:eldritch_manuscript from irons_spellbooks:recipes/eldritch_manuscript.json
com.google.gson.JsonParseException: java.io.EOFException: End of input at line 1 column 1 path $
	at net.minecraft.util.GsonHelper.m_13780_(GsonHelper.java:526) ~[server-1.20.1-20230612.114412-srg.jar%23420!/:?]
	at net.minecraft.util.GsonHelper.m_263475_(GsonHelper.java:531) ~[server-1.20.1-20230612.114412-srg.jar%23420!/:?]
	at net.minecraft.util.GsonHelper.m_13776_(GsonHelper.java:581) ~[server-1.20.1-20230612.114412-srg.jar%23420!/:?]
	at net.minecraft.server.packs.resources.SimpleJsonResourceReloadListener.m_278771_(SimpleJsonResourceReloadListener.java:41) ~[server-1.20.1-20230612.114412-srg.jar%23420!/:?]
	at net.minecraft.server.packs.resources.SimpleJsonResourceReloadListener.m_5944_(SimpleJsonResourceReloadListener.java:29) ~[server-1.20.1-20230612.114412-srg.jar%23420!/:?]
	at net.minecraft.server.packs.resources.SimpleJsonResourceReloadListener.m_5944_(SimpleJsonResourceReloadListener.java:17) ~[server-1.20.1-20230612.114412-srg.jar%23420!/:?]
	at net.minecraft.server.packs.resources.SimplePreparableReloadListener.m_10786_(SimplePreparableReloadListener.java:11) ~[server-1.20.1-20230612.114412-srg.jar%23420!/:?]
	at java.util.concurrent.CompletableFuture$AsyncSupply.run(CompletableFuture.java:1768) ~[?:?]
	at java.util.concurrent.CompletableFuture$AsyncSupply.exec(CompletableFuture.java:1760) ~[?:?]
	at java.util.concurrent.ForkJoinTask.doExec(ForkJoinTask.java:373) ~[?:?]
	at java.util.concurrent.ForkJoinPool$WorkQueue.topLevelExec(ForkJoinPool.java:1182) ~[?:?]
	at java.util.concurrent.ForkJoinPool.scan(ForkJoinPool.java:1655) ~[?:?]
	at java.util.concurrent.ForkJoinPool.runWorker(ForkJoinPool.java:1622) ~[?:?]
	at java.util.concurrent.ForkJoinWorkerThread.run(ForkJoinWorkerThread.java:165) ~[?:?]
Caused by: java.io.EOFException: End of input at line 1 column 1 path $
	at com.google.gson.stream.JsonReader.nextNonWhitespace(JsonReader.java:1455) ~[gson-2.10.jar%2372!/:?]
	at com.google.gson.stream.JsonReader.doPeek(JsonReader.java:558) ~[gson-2.10.jar%2372!/:?]
	at com.google.gson.stream.JsonReader.peek(JsonReader.java:433) ~[gson-2.10.jar%2372!/:?]
	at com.google.gson.internal.bind.TypeAdapters$28.read(TypeAdapters.java:769) ~[gson-2.10.jar%2372!/:?]
	at com.google.gson.internal.bind.TypeAdapters$28.read(TypeAdapters.java:725) ~[gson-2.10.jar%2372!/:?]
	at com.google.gson.internal.bind.TypeAdapters$34$1.read(TypeAdapters.java:1007) ~[gson-2.10.jar%2372!/:?]
	at net.minecraft.util.GsonHelper.m_13780_(GsonHelper.java:524) ~[server-1.20.1-20230612.114412-srg.jar%23420!/:?]
	... 13 more
[02Sep2026 01:02:01.353] [Worker-Main-1/ERROR] [net.minecraft.server.packs.resources.SimpleJsonResourceReloadListener/]: Couldn't parse data file irons_spellbooks:energized_core from irons_spellbooks:recipes/energized_core.json
com.google.gson.JsonParseException: java.io.EOFException: End of input at line 1 column 1 path $
	at net.minecraft.util.GsonHelper.m_13780_(GsonHelper.java:526) ~[server-1.20.1-20230612.114412-srg.jar%23420!/:?]
	at net.minecraft.util.GsonHelper.m_263475_(GsonHelper.java:531) ~[server-1.20.1-20230612.114412-srg.jar%23420!/:?]
	at net.minecraft.util.GsonHelper.m_13776_(GsonHelper.java:581) ~[server-1.20.1-20230612.114412-srg.jar%23420!/:?]
	at net.minecraft.server.packs.resources.SimpleJsonResourceReloadListener.m_278771_(SimpleJsonResourceReloadListener.java:41) ~[server-1.20.1-20230612.114412-srg.jar%23420!/:?]
	at net.minecraft.server.packs.resources.SimpleJsonResourceReloadListener.m_5944_(SimpleJsonResourceReloadListener.java:29) ~[server-1.20.1-20230612.114412-srg.jar%23420!/:?]
	at net.minecraft.server.packs.resources.SimpleJsonResourceReloadListener.m_5944_(SimpleJsonResourceReloadListener.java:17) ~[server-1.20.1-20230612.114412-srg.jar%23420!/:?]
	at net.minecraft.server.packs.resources.SimplePreparableReloadListener.m_10786_(SimplePreparableReloadListener.java:11) ~[server-1.20.1-20230612.114412-srg.jar%23420!/:?]
	at java.util.concurrent.CompletableFuture$AsyncSupply.run(CompletableFuture.java:1768) ~[?:?]
	at java.util.concurrent.CompletableFuture$AsyncSupply.exec(CompletableFuture.java:1760) ~[?:?]
	at java.util.concurrent.ForkJoinTask.doExec(ForkJoinTask.java:373) ~[?:?]
	at java.util.concurrent.ForkJoinPool$WorkQueue.topLevelExec(ForkJoinPool.java:1182) ~[?:?]
	at java.util.concurrent.ForkJoinPool.scan(ForkJoinPool.java:1655) ~[?:?]
	at java.util.concurrent.ForkJoinPool.runWorker(ForkJoinPool.java:1622) ~[?:?]
	at java.util.concurrent.ForkJoinWorkerThread.run(ForkJoinWorkerThread.java:165) ~[?:?]
Caused by: java.io.EOFException: End of input at line 1 column 1 path $
	at com.google.gson.stream.JsonReader.nextNonWhitespace(JsonReader.java:1455) ~[gson-2.10.jar%2372!/:?]
	at com.google.gson.stream.JsonReader.doPeek(JsonReader.java:558) ~[gson-2.10.jar%2372!/:?]
	at com.google.gson.stream.JsonReader.peek(JsonReader.java:433) ~[gson-2.10.jar%2372!/:?]
	at com.google.gson.internal.bind.TypeAdapters$28.read(TypeAdapters.java:769) ~[gson-2.10.jar%2372!/:?]
	at com.google.gson.internal.bind.TypeAdapters$28.read(TypeAdapters.java:725) ~[gson-2.10.jar%2372!/:?]
	at com.google.gson.internal.bind.TypeAdapters$34$1.read(TypeAdapters.java:1007) ~[gson-2.10.jar%2372!/:?]
	at net.minecraft.util.GsonHelper.m_13780_(GsonHelper.java:524) ~[server-1.20.1-20230612.114412-srg.jar%23420!/:?]
	... 13 more
[02Sep2026 01:02:01.355] [Worker-Main-1/ERROR] [net.minecraft.server.packs.resources.SimpleJsonResourceReloadListener/]: Couldn't parse data file efn:exsiliumgladius from efn:recipes/exsiliumgladius.json
com.google.gson.JsonParseException: java.io.EOFException: End of input at line 1 column 1 path $
	at net.minecraft.util.GsonHelper.m_13780_(GsonHelper.java:526) ~[server-1.20.1-20230612.114412-srg.jar%23420!/:?]
	at net.minecraft.util.GsonHelper.m_263475_(GsonHelper.java:531) ~[server-1.20.1-20230612.114412-srg.jar%23420!/:?]
	at net.minecraft.util.GsonHelper.m_13776_(GsonHelper.java:581) ~[server-1.20.1-20230612.114412-srg.jar%23420!/:?]
	at net.minecraft.server.packs.resources.SimpleJsonResourceReloadListener.m_278771_(SimpleJsonResourceReloadListener.java:41) ~[server-1.20.1-20230612.114412-srg.jar%23420!/:?]
	at net.minecraft.server.packs.resources.SimpleJsonResourceReloadListener.m_5944_(SimpleJsonResourceReloadListener.java:29) ~[server-1.20.1-20230612.114412-srg.jar%23420!/:?]
	at net.minecraft.server.packs.resources.SimpleJsonResourceReloadListener.m_5944_(SimpleJsonResourceReloadListener.java:17) ~[server-1.20.1-20230612.114412-srg.jar%23420!/:?]
	at net.minecraft.server.packs.resources.SimplePreparableReloadListener.m_10786_(SimplePreparableReloadListener.java:11) ~[server-1.20.1-20230612.114412-srg.jar%23420!/:?]
	at java.util.concurrent.CompletableFuture$AsyncSupply.run(CompletableFuture.java:1768) ~[?:?]
	at java.util.concurrent.CompletableFuture$AsyncSupply.exec(CompletableFuture.java:1760) ~[?:?]
	at java.util.concurrent.ForkJoinTask.doExec(ForkJoinTask.java:373) ~[?:?]
	at java.util.concurrent.ForkJoinPool$WorkQueue.topLevelExec(ForkJoinPool.java:1182) ~[?:?]
	at java.util.concurrent.ForkJoinPool.scan(ForkJoinPool.java:1655) ~[?:?]
	at java.util.concurrent.ForkJoinPool.runWorker(ForkJoinPool.java:1622) ~[?:?]
	at java.util.concurrent.ForkJoinWorkerThread.run(ForkJoinWorkerThread.java:165) ~[?:?]
Caused by: java.io.EOFException: End of input at line 1 column 1 path $
	at com.google.gson.stream.JsonReader.nextNonWhitespace(JsonReader.java:1455) ~[gson-2.10.jar%2372!/:?]
	at com.google.gson.stream.JsonReader.doPeek(JsonReader.java:558) ~[gson-2.10.jar%2372!/:?]
	at com.google.gson.stream.JsonReader.peek(JsonReader.java:433) ~[gson-2.10.jar%2372!/:?]
	at com.google.gson.internal.bind.TypeAdapters$28.read(TypeAdapters.java:769) ~[gson-2.10.jar%2372!/:?]
	at com.google.gson.internal.bind.TypeAdapters$28.read(TypeAdapters.java:725) ~[gson-2.10.jar%2372!/:?]
	at com.google.gson.internal.bind.TypeAdapters$34$1.read(TypeAdapters.java:1007) ~[gson-2.10.jar%2372!/:?]
	at net.minecraft.util.GsonHelper.m_13780_(GsonHelper.java:524) ~[server-1.20.1-20230612.114412-srg.jar%23420!/:?]
	... 13 more
[02Sep2026 01:02:01.357] [Worker-Main-1/ERROR] [net.minecraft.server.packs.resources.SimpleJsonResourceReloadListener/]: Couldn't parse data file efn:fire_exsiliumgladius from efn:recipes/fire_exsiliumgladius.json
com.google.gson.JsonParseException: java.io.EOFException: End of input at line 1 column 1 path $
	at net.minecraft.util.GsonHelper.m_13780_(GsonHelper.java:526) ~[server-1.20.1-20230612.114412-srg.jar%23420!/:?]
	at net.minecraft.util.GsonHelper.m_263475_(GsonHelper.java:531) ~[server-1.20.1-20230612.114412-srg.jar%23420!/:?]
	at net.minecraft.util.GsonHelper.m_13776_(GsonHelper.java:581) ~[server-1.20.1-20230612.114412-srg.jar%23420!/:?]
	at net.minecraft.server.packs.resources.SimpleJsonResourceReloadListener.m_278771_(SimpleJsonResourceReloadListener.java:41) ~[server-1.20.1-20230612.114412-srg.jar%23420!/:?]
	at net.minecraft.server.packs.resources.SimpleJsonResourceReloadListener.m_5944_(SimpleJsonResourceReloadListener.java:29) ~[server-1.20.1-20230612.114412-srg.jar%23420!/:?]
	at net.minecraft.server.packs.resources.SimpleJsonResourceReloadListener.m_5944_(SimpleJsonResourceReloadListener.java:17) ~[server-1.20.1-20230612.114412-srg.jar%23420!/:?]
	at net.minecraft.server.packs.resources.SimplePreparableReloadListener.m_10786_(SimplePreparableReloadListener.java:11) ~[server-1.20.1-20230612.114412-srg.jar%23420!/:?]
	at java.util.concurrent.CompletableFuture$AsyncSupply.run(CompletableFuture.java:1768) ~[?:?]
	at java.util.concurrent.CompletableFuture$AsyncSupply.exec(CompletableFuture.java:1760) ~[?:?]
	at java.util.concurrent.ForkJoinTask.doExec(ForkJoinTask.java:373) ~[?:?]
	at java.util.concurrent.ForkJoinPool$WorkQueue.topLevelExec(ForkJoinPool.java:1182) ~[?:?]
	at java.util.concurrent.ForkJoinPool.scan(ForkJoinPool.java:1655) ~[?:?]
	at java.util.concurrent.ForkJoinPool.runWorker(ForkJoinPool.java:1622) ~[?:?]
	at java.util.concurrent.ForkJoinWorkerThread.run(ForkJoinWorkerThread.java:165) ~[?:?]
Caused by: java.io.EOFException: End of input at line 1 column 1 path $
	at com.google.gson.stream.JsonReader.nextNonWhitespace(JsonReader.java:1455) ~[gson-2.10.jar%2372!/:?]
	at com.google.gson.stream.JsonReader.doPeek(JsonReader.java:558) ~[gson-2.10.jar%2372!/:?]
	at com.google.gson.stream.JsonReader.peek(JsonReader.java:433) ~[gson-2.10.jar%2372!/:?]
	at com.google.gson.internal.bind.TypeAdapters$28.read(TypeAdapters.java:769) ~[gson-2.10.jar%2372!/:?]
	at com.google.gson.internal.bind.TypeAdapters$28.read(TypeAdapters.java:725) ~[gson-2.10.jar%2372!/:?]
	at com.google.gson.internal.bind.TypeAdapters$34$1.read(TypeAdapters.java:1007) ~[gson-2.10.jar%2372!/:?]
	at net.minecraft.util.GsonHelper.m_13780_(GsonHelper.java:524) ~[server-1.20.1-20230612.114412-srg.jar%23420!/:?]
	... 13 more
[02Sep2026 01:02:01.364] [Worker-Main-1/ERROR] [net.minecraft.server.packs.resources.SimpleJsonResourceReloadListener/]: Couldn't parse data file irons_spellbooks:gold_spell_book from irons_spellbooks:recipes/gold_spell_book.json
com.google.gson.JsonParseException: java.io.EOFException: End of input at line 1 column 1 path $
	at net.minecraft.util.GsonHelper.m_13780_(GsonHelper.java:526) ~[server-1.20.1-20230612.114412-srg.jar%23420!/:?]
	at net.minecraft.util.GsonHelper.m_263475_(GsonHelper.java:531) ~[server-1.20.1-20230612.114412-srg.jar%23420!/:?]
	at net.minecraft.util.GsonHelper.m_13776_(GsonHelper.java:581) ~[server-1.20.1-20230612.114412-srg.jar%23420!/:?]
	at net.minecraft.server.packs.resources.SimpleJsonResourceReloadListener.m_278771_(SimpleJsonResourceReloadListener.java:41) ~[server-1.20.1-20230612.114412-srg.jar%23420!/:?]
	at net.minecraft.server.packs.resources.SimpleJsonResourceReloadListener.m_5944_(SimpleJsonResourceReloadListener.java:29) ~[server-1.20.1-20230612.114412-srg.jar%23420!/:?]
	at net.minecraft.server.packs.resources.SimpleJsonResourceReloadListener.m_5944_(SimpleJsonResourceReloadListener.java:17) ~[server-1.20.1-20230612.114412-srg.jar%23420!/:?]
	at net.minecraft.server.packs.resources.SimplePreparableReloadListener.m_10786_(SimplePreparableReloadListener.java:11) ~[server-1.20.1-20230612.114412-srg.jar%23420!/:?]
	at java.util.concurrent.CompletableFuture$AsyncSupply.run(CompletableFuture.java:1768) ~[?:?]
	at java.util.concurrent.CompletableFuture$AsyncSupply.exec(CompletableFuture.java:1760) ~[?:?]
	at java.util.concurrent.ForkJoinTask.doExec(ForkJoinTask.java:373) ~[?:?]
	at java.util.concurrent.ForkJoinPool$WorkQueue.topLevelExec(ForkJoinPool.java:1182) ~[?:?]
	at java.util.concurrent.ForkJoinPool.scan(ForkJoinPool.java:1655) ~[?:?]
	at java.util.concurrent.ForkJoinPool.runWorker(ForkJoinPool.java:1622) ~[?:?]
	at java.util.concurrent.ForkJoinWorkerThread.run(ForkJoinWorkerThread.java:165) ~[?:?]
Caused by: java.io.EOFException: End of input at line 1 column 1 path $
	at com.google.gson.stream.JsonReader.nextNonWhitespace(JsonReader.java:1455) ~[gson-2.10.jar%2372!/:?]
	at com.google.gson.stream.JsonReader.doPeek(JsonReader.java:558) ~[gson-2.10.jar%2372!/:?]
	at com.google.gson.stream.JsonReader.peek(JsonReader.java:433) ~[gson-2.10.jar%2372!/:?]
	at com.google.gson.internal.bind.TypeAdapters$28.read(TypeAdapters.java:769) ~[gson-2.10.jar%2372!/:?]
	at com.google.gson.internal.bind.TypeAdapters$28.read(TypeAdapters.java:725) ~[gson-2.10.jar%2372!/:?]
	at com.google.gson.internal.bind.TypeAdapters$34$1.read(TypeAdapters.java:1007) ~[gson-2.10.jar%2372!/:?]
	at net.minecraft.util.GsonHelper.m_13780_(GsonHelper.java:524) ~[server-1.20.1-20230612.114412-srg.jar%23420!/:?]
	... 13 more
[02Sep2026 01:02:01.368] [Worker-Main-1/ERROR] [net.minecraft.server.packs.resources.SimpleJsonResourceReloadListener/]: Couldn't parse data file irons_spellbooks:graybeard_staff from irons_spellbooks:recipes/graybeard_staff.json
com.google.gson.JsonParseException: java.io.EOFException: End of input at line 1 column 1 path $
	at net.minecraft.util.GsonHelper.m_13780_(GsonHelper.java:526) ~[server-1.20.1-20230612.114412-srg.jar%23420!/:?]
	at net.minecraft.util.GsonHelper.m_263475_(GsonHelper.java:531) ~[server-1.20.1-20230612.114412-srg.jar%23420!/:?]
	at net.minecraft.util.GsonHelper.m_13776_(GsonHelper.java:581) ~[server-1.20.1-20230612.114412-srg.jar%23420!/:?]
	at net.minecraft.server.packs.resources.SimpleJsonResourceReloadListener.m_278771_(SimpleJsonResourceReloadListener.java:41) ~[server-1.20.1-20230612.114412-srg.jar%23420!/:?]
	at net.minecraft.server.packs.resources.SimpleJsonResourceReloadListener.m_5944_(SimpleJsonResourceReloadListener.java:29) ~[server-1.20.1-20230612.114412-srg.jar%23420!/:?]
	at net.minecraft.server.packs.resources.SimpleJsonResourceReloadListener.m_5944_(SimpleJsonResourceReloadListener.java:17) ~[server-1.20.1-20230612.114412-srg.jar%23420!/:?]
	at net.minecraft.server.packs.resources.SimplePreparableReloadListener.m_10786_(SimplePreparableReloadListener.java:11) ~[server-1.20.1-20230612.114412-srg.jar%23420!/:?]
	at java.util.concurrent.CompletableFuture$AsyncSupply.run(CompletableFuture.java:1768) ~[?:?]
	at java.util.concurrent.CompletableFuture$AsyncSupply.exec(CompletableFuture.java:1760) ~[?:?]
	at java.util.concurrent.ForkJoinTask.doExec(ForkJoinTask.java:373) ~[?:?]
	at java.util.concurrent.ForkJoinPool$WorkQueue.topLevelExec(ForkJoinPool.java:1182) ~[?:?]
	at java.util.concurrent.ForkJoinPool.scan(ForkJoinPool.java:1655) ~[?:?]
	at java.util.concurrent.ForkJoinPool.runWorker(ForkJoinPool.java:1622) ~[?:?]
	at java.util.concurrent.ForkJoinWorkerThread.run(ForkJoinWorkerThread.java:165) ~[?:?]
Caused by: java.io.EOFException: End of input at line 1 column 1 path $
	at com.google.gson.stream.JsonReader.nextNonWhitespace(JsonReader.java:1455) ~[gson-2.10.jar%2372!/:?]
	at com.google.gson.stream.JsonReader.doPeek(JsonReader.java:558) ~[gson-2.10.jar%2372!/:?]
	at com.google.gson.stream.JsonReader.peek(JsonReader.java:433) ~[gson-2.10.jar%2372!/:?]
	at com.google.gson.internal.bind.TypeAdapters$28.read(TypeAdapters.java:769) ~[gson-2.10.jar%2372!/:?]
	at com.google.gson.internal.bind.TypeAdapters$28.read(TypeAdapters.java:725) ~[gson-2.10.jar%2372!/:?]
	at com.google.gson.internal.bind.TypeAdapters$34$1.read(TypeAdapters.java:1007) ~[gson-2.10.jar%2372!/:?]
	at net.minecraft.util.GsonHelper.m_13780_(GsonHelper.java:524) ~[server-1.20.1-20230612.114412-srg.jar%23420!/:?]
	... 13 more
[02Sep2026 01:02:01.373] [Worker-Main-1/ERROR] [net.minecraft.server.packs.resources.SimpleJsonResourceReloadListener/]: Couldn't parse data file irons_spellbooks:ice_spell_book from irons_spellbooks:recipes/ice_spell_book.json
com.google.gson.JsonParseException: java.io.EOFException: End of input at line 1 column 1 path $
	at net.minecraft.util.GsonHelper.m_13780_(GsonHelper.java:526) ~[server-1.20.1-20230612.114412-srg.jar%23420!/:?]
	at net.minecraft.util.GsonHelper.m_263475_(GsonHelper.java:531) ~[server-1.20.1-20230612.114412-srg.jar%23420!/:?]
	at net.minecraft.util.GsonHelper.m_13776_(GsonHelper.java:581) ~[server-1.20.1-20230612.114412-srg.jar%23420!/:?]
	at net.minecraft.server.packs.resources.SimpleJsonResourceReloadListener.m_278771_(SimpleJsonResourceReloadListener.java:41) ~[server-1.20.1-20230612.114412-srg.jar%23420!/:?]
	at net.minecraft.server.packs.resources.SimpleJsonResourceReloadListener.m_5944_(SimpleJsonResourceReloadListener.java:29) ~[server-1.20.1-20230612.114412-srg.jar%23420!/:?]
	at net.minecraft.server.packs.resources.SimpleJsonResourceReloadListener.m_5944_(SimpleJsonResourceReloadListener.java:17) ~[server-1.20.1-20230612.114412-srg.jar%23420!/:?]
	at net.minecraft.server.packs.resources.SimplePreparableReloadListener.m_10786_(SimplePreparableReloadListener.java:11) ~[server-1.20.1-20230612.114412-srg.jar%23420!/:?]
	at java.util.concurrent.CompletableFuture$AsyncSupply.run(CompletableFuture.java:1768) ~[?:?]
	at java.util.concurrent.CompletableFuture$AsyncSupply.exec(CompletableFuture.java:1760) ~[?:?]
	at java.util.concurrent.ForkJoinTask.doExec(ForkJoinTask.java:373) ~[?:?]
	at java.util.concurrent.ForkJoinPool$WorkQueue.topLevelExec(ForkJoinPool.java:1182) ~[?:?]
	at java.util.concurrent.ForkJoinPool.scan(ForkJoinPool.java:1655) ~[?:?]
	at java.util.concurrent.ForkJoinPool.runWorker(ForkJoinPool.java:1622) ~[?:?]
	at java.util.concurrent.ForkJoinWorkerThread.run(ForkJoinWorkerThread.java:165) ~[?:?]
Caused by: java.io.EOFException: End of input at line 1 column 1 path $
	at com.google.gson.stream.JsonReader.nextNonWhitespace(JsonReader.java:1455) ~[gson-2.10.jar%2372!/:?]
	at com.google.gson.stream.JsonReader.doPeek(JsonReader.java:558) ~[gson-2.10.jar%2372!/:?]
	at com.google.gson.stream.JsonReader.peek(JsonReader.java:433) ~[gson-2.10.jar%2372!/:?]
	at com.google.gson.internal.bind.TypeAdapters$28.read(TypeAdapters.java:769) ~[gson-2.10.jar%2372!/:?]
	at com.google.gson.internal.bind.TypeAdapters$28.read(TypeAdapters.java:725) ~[gson-2.10.jar%2372!/:?]
	at com.google.gson.internal.bind.TypeAdapters$34$1.read(TypeAdapters.java:1007) ~[gson-2.10.jar%2372!/:?]
	at net.minecraft.util.GsonHelper.m_13780_(GsonHelper.java:524) ~[server-1.20.1-20230612.114412-srg.jar%23420!/:?]
	... 13 more
[02Sep2026 01:02:01.374] [Worker-Main-1/ERROR] [net.minecraft.server.packs.resources.SimpleJsonResourceReloadListener/]: Couldn't parse data file irons_spellbooks:ice_staff from irons_spellbooks:recipes/ice_staff.json
com.google.gson.JsonParseException: java.io.EOFException: End of input at line 1 column 1 path $
	at net.minecraft.util.GsonHelper.m_13780_(GsonHelper.java:526) ~[server-1.20.1-20230612.114412-srg.jar%23420!/:?]
	at net.minecraft.util.GsonHelper.m_263475_(GsonHelper.java:531) ~[server-1.20.1-20230612.114412-srg.jar%23420!/:?]
	at net.minecraft.util.GsonHelper.m_13776_(GsonHelper.java:581) ~[server-1.20.1-20230612.114412-srg.jar%23420!/:?]
	at net.minecraft.server.packs.resources.SimpleJsonResourceReloadListener.m_278771_(SimpleJsonResourceReloadListener.java:41) ~[server-1.20.1-20230612.114412-srg.jar%23420!/:?]
	at net.minecraft.server.packs.resources.SimpleJsonResourceReloadListener.m_5944_(SimpleJsonResourceReloadListener.java:29) ~[server-1.20.1-20230612.114412-srg.jar%23420!/:?]
	at net.minecraft.server.packs.resources.SimpleJsonResourceReloadListener.m_5944_(SimpleJsonResourceReloadListener.java:17) ~[server-1.20.1-20230612.114412-srg.jar%23420!/:?]
	at net.minecraft.server.packs.resources.SimplePreparableReloadListener.m_10786_(SimplePreparableReloadListener.java:11) ~[server-1.20.1-20230612.114412-srg.jar%23420!/:?]
	at java.util.concurrent.CompletableFuture$AsyncSupply.run(CompletableFuture.java:1768) ~[?:?]
	at java.util.concurrent.CompletableFuture$AsyncSupply.exec(CompletableFuture.java:1760) ~[?:?]
	at java.util.concurrent.ForkJoinTask.doExec(ForkJoinTask.java:373) ~[?:?]
	at java.util.concurrent.ForkJoinPool$WorkQueue.topLevelExec(ForkJoinPool.java:1182) ~[?:?]
	at java.util.concurrent.ForkJoinPool.scan(ForkJoinPool.java:1655) ~[?:?]
	at java.util.concurrent.ForkJoinPool.runWorker(ForkJoinPool.java:1622) ~[?:?]
	at java.util.concurrent.ForkJoinWorkerThread.run(ForkJoinWorkerThread.java:165) ~[?:?]
Caused by: java.io.EOFException: End of input at line 1 column 1 path $
	at com.google.gson.stream.JsonReader.nextNonWhitespace(JsonReader.java:1455) ~[gson-2.10.jar%2372!/:?]
	at com.google.gson.stream.JsonReader.doPeek(JsonReader.java:558) ~[gson-2.10.jar%2372!/:?]
	at com.google.gson.stream.JsonReader.peek(JsonReader.java:433) ~[gson-2.10.jar%2372!/:?]
	at com.google.gson.internal.bind.TypeAdapters$28.read(TypeAdapters.java:769) ~[gson-2.10.jar%2372!/:?]
	at com.google.gson.internal.bind.TypeAdapters$28.read(TypeAdapters.java:725) ~[gson-2.10.jar%2372!/:?]
	at com.google.gson.internal.bind.TypeAdapters$34$1.read(TypeAdapters.java:1007) ~[gson-2.10.jar%2372!/:?]
	at net.minecraft.util.GsonHelper.m_13780_(GsonHelper.java:524) ~[server-1.20.1-20230612.114412-srg.jar%23420!/:?]
	... 13 more
[02Sep2026 01:02:01.376] [Worker-Main-1/ERROR] [net.minecraft.server.packs.resources.SimpleJsonResourceReloadListener/]: Couldn't parse data file irons_spellbooks:inscription_table from irons_spellbooks:recipes/inscription_table.json
com.google.gson.JsonParseException: java.io.EOFException: End of input at line 1 column 1 path $
	at net.minecraft.util.GsonHelper.m_13780_(GsonHelper.java:526) ~[server-1.20.1-20230612.114412-srg.jar%23420!/:?]
	at net.minecraft.util.GsonHelper.m_263475_(GsonHelper.java:531) ~[server-1.20.1-20230612.114412-srg.jar%23420!/:?]
	at net.minecraft.util.GsonHelper.m_13776_(GsonHelper.java:581) ~[server-1.20.1-20230612.114412-srg.jar%23420!/:?]
	at net.minecraft.server.packs.resources.SimpleJsonResourceReloadListener.m_278771_(SimpleJsonResourceReloadListener.java:41) ~[server-1.20.1-20230612.114412-srg.jar%23420!/:?]
	at net.minecraft.server.packs.resources.SimpleJsonResourceReloadListener.m_5944_(SimpleJsonResourceReloadListener.java:29) ~[server-1.20.1-20230612.114412-srg.jar%23420!/:?]
	at net.minecraft.server.packs.resources.SimpleJsonResourceReloadListener.m_5944_(SimpleJsonResourceReloadListener.java:17) ~[server-1.20.1-20230612.114412-srg.jar%23420!/:?]
	at net.minecraft.server.packs.resources.SimplePreparableReloadListener.m_10786_(SimplePreparableReloadListener.java:11) ~[server-1.20.1-20230612.114412-srg.jar%23420!/:?]
	at java.util.concurrent.CompletableFuture$AsyncSupply.run(CompletableFuture.java:1768) ~[?:?]
	at java.util.concurrent.CompletableFuture$AsyncSupply.exec(CompletableFuture.java:1760) ~[?:?]
	at java.util.concurrent.ForkJoinTask.doExec(ForkJoinTask.java:373) ~[?:?]
	at java.util.concurrent.ForkJoinPool$WorkQueue.topLevelExec(ForkJoinPool.java:1182) ~[?:?]
	at java.util.concurrent.ForkJoinPool.scan(ForkJoinPool.java:1655) ~[?:?]
	at java.util.concurrent.ForkJoinPool.runWorker(ForkJoinPool.java:1622) ~[?:?]
	at java.util.concurrent.ForkJoinWorkerThread.run(ForkJoinWorkerThread.java:165) ~[?:?]
Caused by: java.io.EOFException: End of input at line 1 column 1 path $
	at com.google.gson.stream.JsonReader.nextNonWhitespace(JsonReader.java:1455) ~[gson-2.10.jar%2372!/:?]
	at com.google.gson.stream.JsonReader.doPeek(JsonReader.java:558) ~[gson-2.10.jar%2372!/:?]
	at com.google.gson.stream.JsonReader.peek(JsonReader.java:433) ~[gson-2.10.jar%2372!/:?]
	at com.google.gson.internal.bind.TypeAdapters$28.read(TypeAdapters.java:769) ~[gson-2.10.jar%2372!/:?]
	at com.google.gson.internal.bind.TypeAdapters$28.read(TypeAdapters.java:725) ~[gson-2.10.jar%2372!/:?]
	at com.google.gson.internal.bind.TypeAdapters$34$1.read(TypeAdapters.java:1007) ~[gson-2.10.jar%2372!/:?]
	at net.minecraft.util.GsonHelper.m_13780_(GsonHelper.java:524) ~[server-1.20.1-20230612.114412-srg.jar%23420!/:?]
	... 13 more
[02Sep2026 01:02:01.379] [Worker-Main-1/ERROR] [net.minecraft.server.packs.resources.SimpleJsonResourceReloadListener/]: Couldn't parse data file irons_spellbooks:iron_spell_book from irons_spellbooks:recipes/iron_spell_book.json
com.google.gson.JsonParseException: java.io.EOFException: End of input at line 1 column 1 path $
	at net.minecraft.util.GsonHelper.m_13780_(GsonHelper.java:526) ~[server-1.20.1-20230612.114412-srg.jar%23420!/:?]
	at net.minecraft.util.GsonHelper.m_263475_(GsonHelper.java:531) ~[server-1.20.1-20230612.114412-srg.jar%23420!/:?]
	at net.minecraft.util.GsonHelper.m_13776_(GsonHelper.java:581) ~[server-1.20.1-20230612.114412-srg.jar%23420!/:?]
	at net.minecraft.server.packs.resources.SimpleJsonResourceReloadListener.m_278771_(SimpleJsonResourceReloadListener.java:41) ~[server-1.20.1-20230612.114412-srg.jar%23420!/:?]
	at net.minecraft.server.packs.resources.SimpleJsonResourceReloadListener.m_5944_(SimpleJsonResourceReloadListener.java:29) ~[server-1.20.1-20230612.114412-srg.jar%23420!/:?]
	at net.minecraft.server.packs.resources.SimpleJsonResourceReloadListener.m_5944_(SimpleJsonResourceReloadListener.java:17) ~[server-1.20.1-20230612.114412-srg.jar%23420!/:?]
	at net.minecraft.server.packs.resources.SimplePreparableReloadListener.m_10786_(SimplePreparableReloadListener.java:11) ~[server-1.20.1-20230612.114412-srg.jar%23420!/:?]
	at java.util.concurrent.CompletableFuture$AsyncSupply.run(CompletableFuture.java:1768) ~[?:?]
	at java.util.concurrent.CompletableFuture$AsyncSupply.exec(CompletableFuture.java:1760) ~[?:?]
	at java.util.concurrent.ForkJoinTask.doExec(ForkJoinTask.java:373) ~[?:?]
	at java.util.concurrent.ForkJoinPool$WorkQueue.topLevelExec(ForkJoinPool.java:1182) ~[?:?]
	at java.util.concurrent.ForkJoinPool.scan(ForkJoinPool.java:1655) ~[?:?]
	at java.util.concurrent.ForkJoinPool.runWorker(ForkJoinPool.java:1622) ~[?:?]
	at java.util.concurrent.ForkJoinWorkerThread.run(ForkJoinWorkerThread.java:165) ~[?:?]
Caused by: java.io.EOFException: End of input at line 1 column 1 path $
	at com.google.gson.stream.JsonReader.nextNonWhitespace(JsonReader.java:1455) ~[gson-2.10.jar%2372!/:?]
	at com.google.gson.stream.JsonReader.doPeek(JsonReader.java:558) ~[gson-2.10.jar%2372!/:?]
	at com.google.gson.stream.JsonReader.peek(JsonReader.java:433) ~[gson-2.10.jar%2372!/:?]
	at com.google.gson.internal.bind.TypeAdapters$28.read(TypeAdapters.java:769) ~[gson-2.10.jar%2372!/:?]
	at com.google.gson.internal.bind.TypeAdapters$28.read(TypeAdapters.java:725) ~[gson-2.10.jar%2372!/:?]
	at com.google.gson.internal.bind.TypeAdapters$34$1.read(TypeAdapters.java:1007) ~[gson-2.10.jar%2372!/:?]
	at net.minecraft.util.GsonHelper.m_13780_(GsonHelper.java:524) ~[server-1.20.1-20230612.114412-srg.jar%23420!/:?]
	... 13 more
[02Sep2026 01:02:01.383] [Worker-Main-1/ERROR] [net.minecraft.server.packs.resources.SimpleJsonResourceReloadListener/]: Couldn't parse data file efn:kusabimaru from efn:recipes/kusabimaru.json
com.google.gson.JsonParseException: java.io.EOFException: End of input at line 1 column 1 path $
	at net.minecraft.util.GsonHelper.m_13780_(GsonHelper.java:526) ~[server-1.20.1-20230612.114412-srg.jar%23420!/:?]
	at net.minecraft.util.GsonHelper.m_263475_(GsonHelper.java:531) ~[server-1.20.1-20230612.114412-srg.jar%23420!/:?]
	at net.minecraft.util.GsonHelper.m_13776_(GsonHelper.java:581) ~[server-1.20.1-20230612.114412-srg.jar%23420!/:?]
	at net.minecraft.server.packs.resources.SimpleJsonResourceReloadListener.m_278771_(SimpleJsonResourceReloadListener.java:41) ~[server-1.20.1-20230612.114412-srg.jar%23420!/:?]
	at net.minecraft.server.packs.resources.SimpleJsonResourceReloadListener.m_5944_(SimpleJsonResourceReloadListener.java:29) ~[server-1.20.1-20230612.114412-srg.jar%23420!/:?]
	at net.minecraft.server.packs.resources.SimpleJsonResourceReloadListener.m_5944_(SimpleJsonResourceReloadListener.java:17) ~[server-1.20.1-20230612.114412-srg.jar%23420!/:?]
	at net.minecraft.server.packs.resources.SimplePreparableReloadListener.m_10786_(SimplePreparableReloadListener.java:11) ~[server-1.20.1-20230612.114412-srg.jar%23420!/:?]
	at java.util.concurrent.CompletableFuture$AsyncSupply.run(CompletableFuture.java:1768) ~[?:?]
	at java.util.concurrent.CompletableFuture$AsyncSupply.exec(CompletableFuture.java:1760) ~[?:?]
	at java.util.concurrent.ForkJoinTask.doExec(ForkJoinTask.java:373) ~[?:?]
	at java.util.concurrent.ForkJoinPool$WorkQueue.topLevelExec(ForkJoinPool.java:1182) ~[?:?]
	at java.util.concurrent.ForkJoinPool.scan(ForkJoinPool.java:1655) ~[?:?]
	at java.util.concurrent.ForkJoinPool.runWorker(ForkJoinPool.java:1622) ~[?:?]
	at java.util.concurrent.ForkJoinWorkerThread.run(ForkJoinWorkerThread.java:165) ~[?:?]
Caused by: java.io.EOFException: End of input at line 1 column 1 path $
	at com.google.gson.stream.JsonReader.nextNonWhitespace(JsonReader.java:1455) ~[gson-2.10.jar%2372!/:?]
	at com.google.gson.stream.JsonReader.doPeek(JsonReader.java:558) ~[gson-2.10.jar%2372!/:?]
	at com.google.gson.stream.JsonReader.peek(JsonReader.java:433) ~[gson-2.10.jar%2372!/:?]
	at com.google.gson.internal.bind.TypeAdapters$28.read(TypeAdapters.java:769) ~[gson-2.10.jar%2372!/:?]
	at com.google.gson.internal.bind.TypeAdapters$28.read(TypeAdapters.java:725) ~[gson-2.10.jar%2372!/:?]
	at com.google.gson.internal.bind.TypeAdapters$34$1.read(TypeAdapters.java:1007) ~[gson-2.10.jar%2372!/:?]
	at net.minecraft.util.GsonHelper.m_13780_(GsonHelper.java:524) ~[server-1.20.1-20230612.114412-srg.jar%23420!/:?]
	... 13 more
[02Sep2026 01:02:01.387] [Worker-Main-1/ERROR] [net.minecraft.server.packs.resources.SimpleJsonResourceReloadListener/]: Couldn't parse data file cataclysm:laser_gatling from cataclysm:recipes/laser_gatling.json
com.google.gson.JsonParseException: java.io.EOFException: End of input at line 1 column 1 path $
	at net.minecraft.util.GsonHelper.m_13780_(GsonHelper.java:526) ~[server-1.20.1-20230612.114412-srg.jar%23420!/:?]
	at net.minecraft.util.GsonHelper.m_263475_(GsonHelper.java:531) ~[server-1.20.1-20230612.114412-srg.jar%23420!/:?]
	at net.minecraft.util.GsonHelper.m_13776_(GsonHelper.java:581) ~[server-1.20.1-20230612.114412-srg.jar%23420!/:?]
	at net.minecraft.server.packs.resources.SimpleJsonResourceReloadListener.m_278771_(SimpleJsonResourceReloadListener.java:41) ~[server-1.20.1-20230612.114412-srg.jar%23420!/:?]
	at net.minecraft.server.packs.resources.SimpleJsonResourceReloadListener.m_5944_(SimpleJsonResourceReloadListener.java:29) ~[server-1.20.1-20230612.114412-srg.jar%23420!/:?]
	at net.minecraft.server.packs.resources.SimpleJsonResourceReloadListener.m_5944_(SimpleJsonResourceReloadListener.java:17) ~[server-1.20.1-20230612.114412-srg.jar%23420!/:?]
	at net.minecraft.server.packs.resources.SimplePreparableReloadListener.m_10786_(SimplePreparableReloadListener.java:11) ~[server-1.20.1-20230612.114412-srg.jar%23420!/:?]
	at java.util.concurrent.CompletableFuture$AsyncSupply.run(CompletableFuture.java:1768) ~[?:?]
	at java.util.concurrent.CompletableFuture$AsyncSupply.exec(CompletableFuture.java:1760) ~[?:?]
	at java.util.concurrent.ForkJoinTask.doExec(ForkJoinTask.java:373) ~[?:?]
	at java.util.concurrent.ForkJoinPool$WorkQueue.topLevelExec(ForkJoinPool.java:1182) ~[?:?]
	at java.util.concurrent.ForkJoinPool.scan(ForkJoinPool.java:1655) ~[?:?]
	at java.util.concurrent.ForkJoinPool.runWorker(ForkJoinPool.java:1622) ~[?:?]
	at java.util.concurrent.ForkJoinWorkerThread.run(ForkJoinWorkerThread.java:165) ~[?:?]
Caused by: java.io.EOFException: End of input at line 1 column 1 path $
	at com.google.gson.stream.JsonReader.nextNonWhitespace(JsonReader.java:1455) ~[gson-2.10.jar%2372!/:?]
	at com.google.gson.stream.JsonReader.doPeek(JsonReader.java:558) ~[gson-2.10.jar%2372!/:?]
	at com.google.gson.stream.JsonReader.peek(JsonReader.java:433) ~[gson-2.10.jar%2372!/:?]
	at com.google.gson.internal.bind.TypeAdapters$28.read(TypeAdapters.java:769) ~[gson-2.10.jar%2372!/:?]
	at com.google.gson.internal.bind.TypeAdapters$28.read(TypeAdapters.java:725) ~[gson-2.10.jar%2372!/:?]
	at com.google.gson.internal.bind.TypeAdapters$34$1.read(TypeAdapters.java:1007) ~[gson-2.10.jar%2372!/:?]
	at net.minecraft.util.GsonHelper.m_13780_(GsonHelper.java:524) ~[server-1.20.1-20230612.114412-srg.jar%23420!/:?]
	... 13 more
[02Sep2026 01:02:01.387] [Worker-Main-3/ERROR] [net.minecraft.server.packs.resources.SimpleJsonResourceReloadListener/]: Couldn't parse data file irons_spellbooks:chests/trial_chambers/pot_replacement from irons_spellbooks:loot_tables/chests/trial_chambers/pot_replacement.json
com.google.gson.JsonParseException: com.google.gson.stream.MalformedJsonException: Use JsonReader.setLenient(true) to accept malformed JSON at line 21 column 8 path $.pools[0].entries[1]
	at net.minecraft.util.GsonHelper.m_13780_(GsonHelper.java:526) ~[server-1.20.1-20230612.114412-srg.jar%23420!/:?]
	at net.minecraft.util.GsonHelper.m_263475_(GsonHelper.java:531) ~[server-1.20.1-20230612.114412-srg.jar%23420!/:?]
	at net.minecraft.util.GsonHelper.m_13776_(GsonHelper.java:581) ~[server-1.20.1-20230612.114412-srg.jar%23420!/:?]
	at net.minecraft.server.packs.resources.SimpleJsonResourceReloadListener.m_278771_(SimpleJsonResourceReloadListener.java:41) ~[server-1.20.1-20230612.114412-srg.jar%23420!/:?]
	at net.minecraft.world.level.storage.loot.LootDataManager.m_278660_(LootDataManager.java:54) ~[server-1.20.1-20230612.114412-srg.jar%23420!/:?]
	at java.util.concurrent.CompletableFuture$AsyncRun.run(CompletableFuture.java:1804) ~[?:?]
	at java.util.concurrent.CompletableFuture$AsyncRun.exec(CompletableFuture.java:1796) ~[?:?]
	at java.util.concurrent.ForkJoinTask.doExec(ForkJoinTask.java:373) ~[?:?]
	at java.util.concurrent.ForkJoinPool$WorkQueue.topLevelExec(ForkJoinPool.java:1182) ~[?:?]
	at java.util.concurrent.ForkJoinPool.scan(ForkJoinPool.java:1655) ~[?:?]
	at java.util.concurrent.ForkJoinPool.runWorker(ForkJoinPool.java:1622) ~[?:?]
	at java.util.concurrent.ForkJoinWorkerThread.run(ForkJoinWorkerThread.java:165) ~[?:?]
Caused by: com.google.gson.stream.MalformedJsonException: Use JsonReader.setLenient(true) to accept malformed JSON at line 21 column 8 path $.pools[0].entries[1]
	at com.google.gson.stream.JsonReader.syntaxError(JsonReader.java:1657) ~[gson-2.10.jar%2372!/:?]
	at com.google.gson.stream.JsonReader.checkLenient(JsonReader.java:1463) ~[gson-2.10.jar%2372!/:?]
	at com.google.gson.stream.JsonReader.doPeek(JsonReader.java:569) ~[gson-2.10.jar%2372!/:?]
	at com.google.gson.stream.JsonReader.hasNext(JsonReader.java:422) ~[gson-2.10.jar%2372!/:?]
	at com.google.gson.internal.bind.TypeAdapters$28.read(TypeAdapters.java:779) ~[gson-2.10.jar%2372!/:?]
	at com.google.gson.internal.bind.TypeAdapters$28.read(TypeAdapters.java:725) ~[gson-2.10.jar%2372!/:?]
	at com.google.gson.internal.bind.TypeAdapters$34$1.read(TypeAdapters.java:1007) ~[gson-2.10.jar%2372!/:?]
	at net.minecraft.util.GsonHelper.m_13780_(GsonHelper.java:524) ~[server-1.20.1-20230612.114412-srg.jar%23420!/:?]
	... 11 more
[02Sep2026 01:02:01.391] [Worker-Main-1/ERROR] [net.minecraft.server.packs.resources.SimpleJsonResourceReloadListener/]: Couldn't parse data file irons_spellbooks:legionnaire_flamberge_repair from irons_spellbooks:recipes/legionnaire_flamberge_repair.json
com.google.gson.JsonParseException: java.io.EOFException: End of input at line 1 column 1 path $
	at net.minecraft.util.GsonHelper.m_13780_(GsonHelper.java:526) ~[server-1.20.1-20230612.114412-srg.jar%23420!/:?]
	at net.minecraft.util.GsonHelper.m_263475_(GsonHelper.java:531) ~[server-1.20.1-20230612.114412-srg.jar%23420!/:?]
	at net.minecraft.util.GsonHelper.m_13776_(GsonHelper.java:581) ~[server-1.20.1-20230612.114412-srg.jar%23420!/:?]
	at net.minecraft.server.packs.resources.SimpleJsonResourceReloadListener.m_278771_(SimpleJsonResourceReloadListener.java:41) ~[server-1.20.1-20230612.114412-srg.jar%23420!/:?]
	at net.minecraft.server.packs.resources.SimpleJsonResourceReloadListener.m_5944_(SimpleJsonResourceReloadListener.java:29) ~[server-1.20.1-20230612.114412-srg.jar%23420!/:?]
	at net.minecraft.server.packs.resources.SimpleJsonResourceReloadListener.m_5944_(SimpleJsonResourceReloadListener.java:17) ~[server-1.20.1-20230612.114412-srg.jar%23420!/:?]
	at net.minecraft.server.packs.resources.SimplePreparableReloadListener.m_10786_(SimplePreparableReloadListener.java:11) ~[server-1.20.1-20230612.114412-srg.jar%23420!/:?]
	at java.util.concurrent.CompletableFuture$AsyncSupply.run(CompletableFuture.java:1768) ~[?:?]
	at java.util.concurrent.CompletableFuture$AsyncSupply.exec(CompletableFuture.java:1760) ~[?:?]
	at java.util.concurrent.ForkJoinTask.doExec(ForkJoinTask.java:373) ~[?:?]
	at java.util.concurrent.ForkJoinPool$WorkQueue.topLevelExec(ForkJoinPool.java:1182) ~[?:?]
	at java.util.concurrent.ForkJoinPool.scan(ForkJoinPool.java:1655) ~[?:?]
	at java.util.concurrent.ForkJoinPool.runWorker(ForkJoinPool.java:1622) ~[?:?]
	at java.util.concurrent.ForkJoinWorkerThread.run(ForkJoinWorkerThread.java:165) ~[?:?]
Caused by: java.io.EOFException: End of input at line 1 column 1 path $
	at com.google.gson.stream.JsonReader.nextNonWhitespace(JsonReader.java:1455) ~[gson-2.10.jar%2372!/:?]
	at com.google.gson.stream.JsonReader.doPeek(JsonReader.java:558) ~[gson-2.10.jar%2372!/:?]
	at com.google.gson.stream.JsonReader.peek(JsonReader.java:433) ~[gson-2.10.jar%2372!/:?]
	at com.google.gson.internal.bind.TypeAdapters$28.read(TypeAdapters.java:769) ~[gson-2.10.jar%2372!/:?]
	at com.google.gson.internal.bind.TypeAdapters$28.read(TypeAdapters.java:725) ~[gson-2.10.jar%2372!/:?]
	at com.google.gson.internal.bind.TypeAdapters$34$1.read(TypeAdapters.java:1007) ~[gson-2.10.jar%2372!/:?]
	at net.minecraft.util.GsonHelper.m_13780_(GsonHelper.java:524) ~[server-1.20.1-20230612.114412-srg.jar%23420!/:?]
	... 13 more
[02Sep2026 01:02:01.392] [Worker-Main-3/ERROR] [net.minecraft.server.packs.resources.SimpleJsonResourceReloadListener/]: Couldn't parse data file irons_spellbooks:entities/additional_blaze_loot from irons_spellbooks:loot_tables/entities/additional_blaze_loot.json
com.google.gson.JsonParseException: java.io.EOFException: End of input at line 1 column 1 path $
	at net.minecraft.util.GsonHelper.m_13780_(GsonHelper.java:526) ~[server-1.20.1-20230612.114412-srg.jar%23420!/:?]
	at net.minecraft.util.GsonHelper.m_263475_(GsonHelper.java:531) ~[server-1.20.1-20230612.114412-srg.jar%23420!/:?]
	at net.minecraft.util.GsonHelper.m_13776_(GsonHelper.java:581) ~[server-1.20.1-20230612.114412-srg.jar%23420!/:?]
	at net.minecraft.server.packs.resources.SimpleJsonResourceReloadListener.m_278771_(SimpleJsonResourceReloadListener.java:41) ~[server-1.20.1-20230612.114412-srg.jar%23420!/:?]
	at net.minecraft.world.level.storage.loot.LootDataManager.m_278660_(LootDataManager.java:54) ~[server-1.20.1-20230612.114412-srg.jar%23420!/:?]
	at java.util.concurrent.CompletableFuture$AsyncRun.run(CompletableFuture.java:1804) ~[?:?]
	at java.util.concurrent.CompletableFuture$AsyncRun.exec(CompletableFuture.java:1796) ~[?:?]
	at java.util.concurrent.ForkJoinTask.doExec(ForkJoinTask.java:373) ~[?:?]
	at java.util.concurrent.ForkJoinPool$WorkQueue.topLevelExec(ForkJoinPool.java:1182) ~[?:?]
	at java.util.concurrent.ForkJoinPool.scan(ForkJoinPool.java:1655) ~[?:?]
	at java.util.concurrent.ForkJoinPool.runWorker(ForkJoinPool.java:1622) ~[?:?]
	at java.util.concurrent.ForkJoinWorkerThread.run(ForkJoinWorkerThread.java:165) ~[?:?]
Caused by: java.io.EOFException: End of input at line 1 column 1 path $
	at com.google.gson.stream.JsonReader.nextNonWhitespace(JsonReader.java:1455) ~[gson-2.10.jar%2372!/:?]
	at com.google.gson.stream.JsonReader.doPeek(JsonReader.java:558) ~[gson-2.10.jar%2372!/:?]
	at com.google.gson.stream.JsonReader.peek(JsonReader.java:433) ~[gson-2.10.jar%2372!/:?]
	at com.google.gson.internal.bind.TypeAdapters$28.read(TypeAdapters.java:769) ~[gson-2.10.jar%2372!/:?]
	at com.google.gson.internal.bind.TypeAdapters$28.read(TypeAdapters.java:725) ~[gson-2.10.jar%2372!/:?]
	at com.google.gson.internal.bind.TypeAdapters$34$1.read(TypeAdapters.java:1007) ~[gson-2.10.jar%2372!/:?]
	at net.minecraft.util.GsonHelper.m_13780_(GsonHelper.java:524) ~[server-1.20.1-20230612.114412-srg.jar%23420!/:?]
	... 11 more
[02Sep2026 01:02:01.393] [Worker-Main-3/ERROR] [net.minecraft.server.packs.resources.SimpleJsonResourceReloadListener/]: Couldn't parse data file irons_spellbooks:entities/additional_evoker_loot from irons_spellbooks:loot_tables/entities/additional_evoker_loot.json
com.google.gson.JsonParseException: java.io.EOFException: End of input at line 1 column 1 path $
	at net.minecraft.util.GsonHelper.m_13780_(GsonHelper.java:526) ~[server-1.20.1-20230612.114412-srg.jar%23420!/:?]
	at net.minecraft.util.GsonHelper.m_263475_(GsonHelper.java:531) ~[server-1.20.1-20230612.114412-srg.jar%23420!/:?]
	at net.minecraft.util.GsonHelper.m_13776_(GsonHelper.java:581) ~[server-1.20.1-20230612.114412-srg.jar%23420!/:?]
	at net.minecraft.server.packs.resources.SimpleJsonResourceReloadListener.m_278771_(SimpleJsonResourceReloadListener.java:41) ~[server-1.20.1-20230612.114412-srg.jar%23420!/:?]
	at net.minecraft.world.level.storage.loot.LootDataManager.m_278660_(LootDataManager.java:54) ~[server-1.20.1-20230612.114412-srg.jar%23420!/:?]
	at java.util.concurrent.CompletableFuture$AsyncRun.run(CompletableFuture.java:1804) ~[?:?]
	at java.util.concurrent.CompletableFuture$AsyncRun.exec(CompletableFuture.java:1796) ~[?:?]
	at java.util.concurrent.ForkJoinTask.doExec(ForkJoinTask.java:373) ~[?:?]
	at java.util.concurrent.ForkJoinPool$WorkQueue.topLevelExec(ForkJoinPool.java:1182) ~[?:?]
	at java.util.concurrent.ForkJoinPool.scan(ForkJoinPool.java:1655) ~[?:?]
	at java.util.concurrent.ForkJoinPool.runWorker(ForkJoinPool.java:1622) ~[?:?]
	at java.util.concurrent.ForkJoinWorkerThread.run(ForkJoinWorkerThread.java:165) ~[?:?]
Caused by: java.io.EOFException: End of input at line 1 column 1 path $
	at com.google.gson.stream.JsonReader.nextNonWhitespace(JsonReader.java:1455) ~[gson-2.10.jar%2372!/:?]
	at com.google.gson.stream.JsonReader.doPeek(JsonReader.java:558) ~[gson-2.10.jar%2372!/:?]
	at com.google.gson.stream.JsonReader.peek(JsonReader.java:433) ~[gson-2.10.jar%2372!/:?]
	at com.google.gson.internal.bind.TypeAdapters$28.read(TypeAdapters.java:769) ~[gson-2.10.jar%2372!/:?]
	at com.google.gson.internal.bind.TypeAdapters$28.read(TypeAdapters.java:725) ~[gson-2.10.jar%2372!/:?]
	at com.google.gson.internal.bind.TypeAdapters$34$1.read(TypeAdapters.java:1007) ~[gson-2.10.jar%2372!/:?]
	at net.minecraft.util.GsonHelper.m_13780_(GsonHelper.java:524) ~[server-1.20.1-20230612.114412-srg.jar%23420!/:?]
	... 11 more
[02Sep2026 01:02:01.399] [Worker-Main-1/ERROR] [net.minecraft.server.packs.resources.SimpleJsonResourceReloadListener/]: Couldn't parse data file cataclysm:meat_shredder from cataclysm:recipes/meat_shredder.json
com.google.gson.JsonParseException: java.io.EOFException: End of input at line 1 column 1 path $
	at net.minecraft.util.GsonHelper.m_13780_(GsonHelper.java:526) ~[server-1.20.1-20230612.114412-srg.jar%23420!/:?]
	at net.minecraft.util.GsonHelper.m_263475_(GsonHelper.java:531) ~[server-1.20.1-20230612.114412-srg.jar%23420!/:?]
	at net.minecraft.util.GsonHelper.m_13776_(GsonHelper.java:581) ~[server-1.20.1-20230612.114412-srg.jar%23420!/:?]
	at net.minecraft.server.packs.resources.SimpleJsonResourceReloadListener.m_278771_(SimpleJsonResourceReloadListener.java:41) ~[server-1.20.1-20230612.114412-srg.jar%23420!/:?]
	at net.minecraft.server.packs.resources.SimpleJsonResourceReloadListener.m_5944_(SimpleJsonResourceReloadListener.java:29) ~[server-1.20.1-20230612.114412-srg.jar%23420!/:?]
	at net.minecraft.server.packs.resources.SimpleJsonResourceReloadListener.m_5944_(SimpleJsonResourceReloadListener.java:17) ~[server-1.20.1-20230612.114412-srg.jar%23420!/:?]
	at net.minecraft.server.packs.resources.SimplePreparableReloadListener.m_10786_(SimplePreparableReloadListener.java:11) ~[server-1.20.1-20230612.114412-srg.jar%23420!/:?]
	at java.util.concurrent.CompletableFuture$AsyncSupply.run(CompletableFuture.java:1768) ~[?:?]
	at java.util.concurrent.CompletableFuture$AsyncSupply.exec(CompletableFuture.java:1760) ~[?:?]
	at java.util.concurrent.ForkJoinTask.doExec(ForkJoinTask.java:373) ~[?:?]
	at java.util.concurrent.ForkJoinPool$WorkQueue.topLevelExec(ForkJoinPool.java:1182) ~[?:?]
	at java.util.concurrent.ForkJoinPool.scan(ForkJoinPool.java:1655) ~[?:?]
	at java.util.concurrent.ForkJoinPool.runWorker(ForkJoinPool.java:1622) ~[?:?]
	at java.util.concurrent.ForkJoinWorkerThread.run(ForkJoinWorkerThread.java:165) ~[?:?]
Caused by: java.io.EOFException: End of input at line 1 column 1 path $
	at com.google.gson.stream.JsonReader.nextNonWhitespace(JsonReader.java:1455) ~[gson-2.10.jar%2372!/:?]
	at com.google.gson.stream.JsonReader.doPeek(JsonReader.java:558) ~[gson-2.10.jar%2372!/:?]
	at com.google.gson.stream.JsonReader.peek(JsonReader.java:433) ~[gson-2.10.jar%2372!/:?]
	at com.google.gson.internal.bind.TypeAdapters$28.read(TypeAdapters.java:769) ~[gson-2.10.jar%2372!/:?]
	at com.google.gson.internal.bind.TypeAdapters$28.read(TypeAdapters.java:725) ~[gson-2.10.jar%2372!/:?]
	at com.google.gson.internal.bind.TypeAdapters$34$1.read(TypeAdapters.java:1007) ~[gson-2.10.jar%2372!/:?]
	at net.minecraft.util.GsonHelper.m_13780_(GsonHelper.java:524) ~[server-1.20.1-20230612.114412-srg.jar%23420!/:?]
	... 13 more
[02Sep2026 01:02:01.401] [Worker-Main-1/ERROR] [net.minecraft.server.packs.resources.SimpleJsonResourceReloadListener/]: Couldn't parse data file efn:meen_spear from efn:recipes/meen_spear.json
com.google.gson.JsonParseException: java.io.EOFException: End of input at line 1 column 1 path $
	at net.minecraft.util.GsonHelper.m_13780_(GsonHelper.java:526) ~[server-1.20.1-20230612.114412-srg.jar%23420!/:?]
	at net.minecraft.util.GsonHelper.m_263475_(GsonHelper.java:531) ~[server-1.20.1-20230612.114412-srg.jar%23420!/:?]
	at net.minecraft.util.GsonHelper.m_13776_(GsonHelper.java:581) ~[server-1.20.1-20230612.114412-srg.jar%23420!/:?]
	at net.minecraft.server.packs.resources.SimpleJsonResourceReloadListener.m_278771_(SimpleJsonResourceReloadListener.java:41) ~[server-1.20.1-20230612.114412-srg.jar%23420!/:?]
	at net.minecraft.server.packs.resources.SimpleJsonResourceReloadListener.m_5944_(SimpleJsonResourceReloadListener.java:29) ~[server-1.20.1-20230612.114412-srg.jar%23420!/:?]
	at net.minecraft.server.packs.resources.SimpleJsonResourceReloadListener.m_5944_(SimpleJsonResourceReloadListener.java:17) ~[server-1.20.1-20230612.114412-srg.jar%23420!/:?]
	at net.minecraft.server.packs.resources.SimplePreparableReloadListener.m_10786_(SimplePreparableReloadListener.java:11) ~[server-1.20.1-20230612.114412-srg.jar%23420!/:?]
	at java.util.concurrent.CompletableFuture$AsyncSupply.run(CompletableFuture.java:1768) ~[?:?]
	at java.util.concurrent.CompletableFuture$AsyncSupply.exec(CompletableFuture.java:1760) ~[?:?]
	at java.util.concurrent.ForkJoinTask.doExec(ForkJoinTask.java:373) ~[?:?]
	at java.util.concurrent.ForkJoinPool$WorkQueue.topLevelExec(ForkJoinPool.java:1182) ~[?:?]
	at java.util.concurrent.ForkJoinPool.scan(ForkJoinPool.java:1655) ~[?:?]
	at java.util.concurrent.ForkJoinPool.runWorker(ForkJoinPool.java:1622) ~[?:?]
	at java.util.concurrent.ForkJoinWorkerThread.run(ForkJoinWorkerThread.java:165) ~[?:?]
Caused by: java.io.EOFException: End of input at line 1 column 1 path $
	at com.google.gson.stream.JsonReader.nextNonWhitespace(JsonReader.java:1455) ~[gson-2.10.jar%2372!/:?]
	at com.google.gson.stream.JsonReader.doPeek(JsonReader.java:558) ~[gson-2.10.jar%2372!/:?]
	at com.google.gson.stream.JsonReader.peek(JsonReader.java:433) ~[gson-2.10.jar%2372!/:?]
	at com.google.gson.internal.bind.TypeAdapters$28.read(TypeAdapters.java:769) ~[gson-2.10.jar%2372!/:?]
	at com.google.gson.internal.bind.TypeAdapters$28.read(TypeAdapters.java:725) ~[gson-2.10.jar%2372!/:?]
	at com.google.gson.internal.bind.TypeAdapters$34$1.read(TypeAdapters.java:1007) ~[gson-2.10.jar%2372!/:?]
	at net.minecraft.util.GsonHelper.m_13780_(GsonHelper.java:524) ~[server-1.20.1-20230612.114412-srg.jar%23420!/:?]
	... 13 more
[02Sep2026 01:02:01.403] [Worker-Main-1/ERROR] [net.minecraft.server.packs.resources.SimpleJsonResourceReloadListener/]: Couldn't parse data file efn:mortal_blade from efn:recipes/mortal_blade.json
com.google.gson.JsonParseException: java.io.EOFException: End of input at line 1 column 1 path $
	at net.minecraft.util.GsonHelper.m_13780_(GsonHelper.java:526) ~[server-1.20.1-20230612.114412-srg.jar%23420!/:?]
	at net.minecraft.util.GsonHelper.m_263475_(GsonHelper.java:531) ~[server-1.20.1-20230612.114412-srg.jar%23420!/:?]
	at net.minecraft.util.GsonHelper.m_13776_(GsonHelper.java:581) ~[server-1.20.1-20230612.114412-srg.jar%23420!/:?]
	at net.minecraft.server.packs.resources.SimpleJsonResourceReloadListener.m_278771_(SimpleJsonResourceReloadListener.java:41) ~[server-1.20.1-20230612.114412-srg.jar%23420!/:?]
	at net.minecraft.server.packs.resources.SimpleJsonResourceReloadListener.m_5944_(SimpleJsonResourceReloadListener.java:29) ~[server-1.20.1-20230612.114412-srg.jar%23420!/:?]
	at net.minecraft.server.packs.resources.SimpleJsonResourceReloadListener.m_5944_(SimpleJsonResourceReloadListener.java:17) ~[server-1.20.1-20230612.114412-srg.jar%23420!/:?]
	at net.minecraft.server.packs.resources.SimplePreparableReloadListener.m_10786_(SimplePreparableReloadListener.java:11) ~[server-1.20.1-20230612.114412-srg.jar%23420!/:?]
	at java.util.concurrent.CompletableFuture$AsyncSupply.run(CompletableFuture.java:1768) ~[?:?]
	at java.util.concurrent.CompletableFuture$AsyncSupply.exec(CompletableFuture.java:1760) ~[?:?]
	at java.util.concurrent.ForkJoinTask.doExec(ForkJoinTask.java:373) ~[?:?]
	at java.util.concurrent.ForkJoinPool$WorkQueue.topLevelExec(ForkJoinPool.java:1182) ~[?:?]
	at java.util.concurrent.ForkJoinPool.scan(ForkJoinPool.java:1655) ~[?:?]
	at java.util.concurrent.ForkJoinPool.runWorker(ForkJoinPool.java:1622) ~[?:?]
	at java.util.concurrent.ForkJoinWorkerThread.run(ForkJoinWorkerThread.java:165) ~[?:?]
Caused by: java.io.EOFException: End of input at line 1 column 1 path $
	at com.google.gson.stream.JsonReader.nextNonWhitespace(JsonReader.java:1455) ~[gson-2.10.jar%2372!/:?]
	at com.google.gson.stream.JsonReader.doPeek(JsonReader.java:558) ~[gson-2.10.jar%2372!/:?]
	at com.google.gson.stream.JsonReader.peek(JsonReader.java:433) ~[gson-2.10.jar%2372!/:?]
	at com.google.gson.internal.bind.TypeAdapters$28.read(TypeAdapters.java:769) ~[gson-2.10.jar%2372!/:?]
	at com.google.gson.internal.bind.TypeAdapters$28.read(TypeAdapters.java:725) ~[gson-2.10.jar%2372!/:?]
	at com.google.gson.internal.bind.TypeAdapters$34$1.read(TypeAdapters.java:1007) ~[gson-2.10.jar%2372!/:?]
	at net.minecraft.util.GsonHelper.m_13780_(GsonHelper.java:524) ~[server-1.20.1-20230612.114412-srg.jar%23420!/:?]
	... 13 more
[02Sep2026 01:02:01.405] [Worker-Main-1/ERROR] [net.minecraft.server.packs.resources.SimpleJsonResourceReloadListener/]: Couldn't parse data file p1nero_bow:mortis_bow from p1nero_bow:recipes/mortis_bow.json
com.google.gson.JsonParseException: java.io.EOFException: End of input at line 1 column 1 path $
	at net.minecraft.util.GsonHelper.m_13780_(GsonHelper.java:526) ~[server-1.20.1-20230612.114412-srg.jar%23420!/:?]
	at net.minecraft.util.GsonHelper.m_263475_(GsonHelper.java:531) ~[server-1.20.1-20230612.114412-srg.jar%23420!/:?]
	at net.minecraft.util.GsonHelper.m_13776_(GsonHelper.java:581) ~[server-1.20.1-20230612.114412-srg.jar%23420!/:?]
	at net.minecraft.server.packs.resources.SimpleJsonResourceReloadListener.m_278771_(SimpleJsonResourceReloadListener.java:41) ~[server-1.20.1-20230612.114412-srg.jar%23420!/:?]
	at net.minecraft.server.packs.resources.SimpleJsonResourceReloadListener.m_5944_(SimpleJsonResourceReloadListener.java:29) ~[server-1.20.1-20230612.114412-srg.jar%23420!/:?]
	at net.minecraft.server.packs.resources.SimpleJsonResourceReloadListener.m_5944_(SimpleJsonResourceReloadListener.java:17) ~[server-1.20.1-20230612.114412-srg.jar%23420!/:?]
	at net.minecraft.server.packs.resources.SimplePreparableReloadListener.m_10786_(SimplePreparableReloadListener.java:11) ~[server-1.20.1-20230612.114412-srg.jar%23420!/:?]
	at java.util.concurrent.CompletableFuture$AsyncSupply.run(CompletableFuture.java:1768) ~[?:?]
	at java.util.concurrent.CompletableFuture$AsyncSupply.exec(CompletableFuture.java:1760) ~[?:?]
	at java.util.concurrent.ForkJoinTask.doExec(ForkJoinTask.java:373) ~[?:?]
	at java.util.concurrent.ForkJoinPool$WorkQueue.topLevelExec(ForkJoinPool.java:1182) ~[?:?]
	at java.util.concurrent.ForkJoinPool.scan(ForkJoinPool.java:1655) ~[?:?]
	at java.util.concurrent.ForkJoinPool.runWorker(ForkJoinPool.java:1622) ~[?:?]
	at java.util.concurrent.ForkJoinWorkerThread.run(ForkJoinWorkerThread.java:165) ~[?:?]
Caused by: java.io.EOFException: End of input at line 1 column 1 path $
	at com.google.gson.stream.JsonReader.nextNonWhitespace(JsonReader.java:1455) ~[gson-2.10.jar%2372!/:?]
	at com.google.gson.stream.JsonReader.doPeek(JsonReader.java:558) ~[gson-2.10.jar%2372!/:?]
	at com.google.gson.stream.JsonReader.peek(JsonReader.java:433) ~[gson-2.10.jar%2372!/:?]
	at com.google.gson.internal.bind.TypeAdapters$28.read(TypeAdapters.java:769) ~[gson-2.10.jar%2372!/:?]
	at com.google.gson.internal.bind.TypeAdapters$28.read(TypeAdapters.java:725) ~[gson-2.10.jar%2372!/:?]
	at com.google.gson.internal.bind.TypeAdapters$34$1.read(TypeAdapters.java:1007) ~[gson-2.10.jar%2372!/:?]
	at net.minecraft.util.GsonHelper.m_13780_(GsonHelper.java:524) ~[server-1.20.1-20230612.114412-srg.jar%23420!/:?]
	... 13 more
[02Sep2026 01:02:01.406] [Worker-Main-3/ERROR] [net.minecraft.server.packs.resources.SimpleJsonResourceReloadListener/]: Couldn't parse data file cataclysm_spellbooks:entities/burning_knowledge_fragments from cataclysm_spellbooks:loot_tables/entities/burning_knowledge_fragments.json
com.google.gson.JsonParseException: java.io.EOFException: End of input at line 1 column 1 path $
	at net.minecraft.util.GsonHelper.m_13780_(GsonHelper.java:526) ~[server-1.20.1-20230612.114412-srg.jar%23420!/:?]
	at net.minecraft.util.GsonHelper.m_263475_(GsonHelper.java:531) ~[server-1.20.1-20230612.114412-srg.jar%23420!/:?]
	at net.minecraft.util.GsonHelper.m_13776_(GsonHelper.java:581) ~[server-1.20.1-20230612.114412-srg.jar%23420!/:?]
	at net.minecraft.server.packs.resources.SimpleJsonResourceReloadListener.m_278771_(SimpleJsonResourceReloadListener.java:41) ~[server-1.20.1-20230612.114412-srg.jar%23420!/:?]
	at net.minecraft.world.level.storage.loot.LootDataManager.m_278660_(LootDataManager.java:54) ~[server-1.20.1-20230612.114412-srg.jar%23420!/:?]
	at java.util.concurrent.CompletableFuture$AsyncRun.run(CompletableFuture.java:1804) ~[?:?]
	at java.util.concurrent.CompletableFuture$AsyncRun.exec(CompletableFuture.java:1796) ~[?:?]
	at java.util.concurrent.ForkJoinTask.doExec(ForkJoinTask.java:373) ~[?:?]
	at java.util.concurrent.ForkJoinPool$WorkQueue.topLevelExec(ForkJoinPool.java:1182) ~[?:?]
	at java.util.concurrent.ForkJoinPool.scan(ForkJoinPool.java:1655) ~[?:?]
	at java.util.concurrent.ForkJoinPool.runWorker(ForkJoinPool.java:1622) ~[?:?]
	at java.util.concurrent.ForkJoinWorkerThread.run(ForkJoinWorkerThread.java:165) ~[?:?]
Caused by: java.io.EOFException: End of input at line 1 column 1 path $
	at com.google.gson.stream.JsonReader.nextNonWhitespace(JsonReader.java:1455) ~[gson-2.10.jar%2372!/:?]
	at com.google.gson.stream.JsonReader.doPeek(JsonReader.java:558) ~[gson-2.10.jar%2372!/:?]
	at com.google.gson.stream.JsonReader.peek(JsonReader.java:433) ~[gson-2.10.jar%2372!/:?]
	at com.google.gson.internal.bind.TypeAdapters$28.read(TypeAdapters.java:769) ~[gson-2.10.jar%2372!/:?]
	at com.google.gson.internal.bind.TypeAdapters$28.read(TypeAdapters.java:725) ~[gson-2.10.jar%2372!/:?]
	at com.google.gson.internal.bind.TypeAdapters$34$1.read(TypeAdapters.java:1007) ~[gson-2.10.jar%2372!/:?]
	at net.minecraft.util.GsonHelper.m_13780_(GsonHelper.java:524) ~[server-1.20.1-20230612.114412-srg.jar%23420!/:?]
	... 11 more
[02Sep2026 01:02:01.410] [Worker-Main-1/ERROR] [net.minecraft.server.packs.resources.SimpleJsonResourceReloadListener/]: Couldn't parse data file cataclysm_spellbooks:murasama from cataclysm_spellbooks:recipes/murasama.json
com.google.gson.JsonParseException: java.io.EOFException: End of input at line 1 column 1 path $
	at net.minecraft.util.GsonHelper.m_13780_(GsonHelper.java:526) ~[server-1.20.1-20230612.114412-srg.jar%23420!/:?]
	at net.minecraft.util.GsonHelper.m_263475_(GsonHelper.java:531) ~[server-1.20.1-20230612.114412-srg.jar%23420!/:?]
	at net.minecraft.util.GsonHelper.m_13776_(GsonHelper.java:581) ~[server-1.20.1-20230612.114412-srg.jar%23420!/:?]
	at net.minecraft.server.packs.resources.SimpleJsonResourceReloadListener.m_278771_(SimpleJsonResourceReloadListener.java:41) ~[server-1.20.1-20230612.114412-srg.jar%23420!/:?]
	at net.minecraft.server.packs.resources.SimpleJsonResourceReloadListener.m_5944_(SimpleJsonResourceReloadListener.java:29) ~[server-1.20.1-20230612.114412-srg.jar%23420!/:?]
	at net.minecraft.server.packs.resources.SimpleJsonResourceReloadListener.m_5944_(SimpleJsonResourceReloadListener.java:17) ~[server-1.20.1-20230612.114412-srg.jar%23420!/:?]
	at net.minecraft.server.packs.resources.SimplePreparableReloadListener.m_10786_(SimplePreparableReloadListener.java:11) ~[server-1.20.1-20230612.114412-srg.jar%23420!/:?]
	at java.util.concurrent.CompletableFuture$AsyncSupply.run(CompletableFuture.java:1768) ~[?:?]
	at java.util.concurrent.CompletableFuture$AsyncSupply.exec(CompletableFuture.java:1760) ~[?:?]
	at java.util.concurrent.ForkJoinTask.doExec(ForkJoinTask.java:373) ~[?:?]
	at java.util.concurrent.ForkJoinPool$WorkQueue.topLevelExec(ForkJoinPool.java:1182) ~[?:?]
	at java.util.concurrent.ForkJoinPool.scan(ForkJoinPool.java:1655) ~[?:?]
	at java.util.concurrent.ForkJoinPool.runWorker(ForkJoinPool.java:1622) ~[?:?]
	at java.util.concurrent.ForkJoinWorkerThread.run(ForkJoinWorkerThread.java:165) ~[?:?]
Caused by: java.io.EOFException: End of input at line 1 column 1 path $
	at com.google.gson.stream.JsonReader.nextNonWhitespace(JsonReader.java:1455) ~[gson-2.10.jar%2372!/:?]
	at com.google.gson.stream.JsonReader.doPeek(JsonReader.java:558) ~[gson-2.10.jar%2372!/:?]
	at com.google.gson.stream.JsonReader.peek(JsonReader.java:433) ~[gson-2.10.jar%2372!/:?]
	at com.google.gson.internal.bind.TypeAdapters$28.read(TypeAdapters.java:769) ~[gson-2.10.jar%2372!/:?]
	at com.google.gson.internal.bind.TypeAdapters$28.read(TypeAdapters.java:725) ~[gson-2.10.jar%2372!/:?]
	at com.google.gson.internal.bind.TypeAdapters$34$1.read(TypeAdapters.java:1007) ~[gson-2.10.jar%2372!/:?]
	at net.minecraft.util.GsonHelper.m_13780_(GsonHelper.java:524) ~[server-1.20.1-20230612.114412-srg.jar%23420!/:?]
	... 13 more
[02Sep2026 01:02:01.417] [Worker-Main-3/ERROR] [net.minecraft.server.packs.resources.SimpleJsonResourceReloadListener/]: Couldn't parse data file cataclysm_spellbooks:entities/desert_spellbook from cataclysm_spellbooks:loot_tables/entities/desert_spellbook.json
com.google.gson.JsonParseException: java.io.EOFException: End of input at line 1 column 1 path $
	at net.minecraft.util.GsonHelper.m_13780_(GsonHelper.java:526) ~[server-1.20.1-20230612.114412-srg.jar%23420!/:?]
	at net.minecraft.util.GsonHelper.m_263475_(GsonHelper.java:531) ~[server-1.20.1-20230612.114412-srg.jar%23420!/:?]
	at net.minecraft.util.GsonHelper.m_13776_(GsonHelper.java:581) ~[server-1.20.1-20230612.114412-srg.jar%23420!/:?]
	at net.minecraft.server.packs.resources.SimpleJsonResourceReloadListener.m_278771_(SimpleJsonResourceReloadListener.java:41) ~[server-1.20.1-20230612.114412-srg.jar%23420!/:?]
	at net.minecraft.world.level.storage.loot.LootDataManager.m_278660_(LootDataManager.java:54) ~[server-1.20.1-20230612.114412-srg.jar%23420!/:?]
	at java.util.concurrent.CompletableFuture$AsyncRun.run(CompletableFuture.java:1804) ~[?:?]
	at java.util.concurrent.CompletableFuture$AsyncRun.exec(CompletableFuture.java:1796) ~[?:?]
	at java.util.concurrent.ForkJoinTask.doExec(ForkJoinTask.java:373) ~[?:?]
	at java.util.concurrent.ForkJoinPool$WorkQueue.topLevelExec(ForkJoinPool.java:1182) ~[?:?]
	at java.util.concurrent.ForkJoinPool.scan(ForkJoinPool.java:1655) ~[?:?]
	at java.util.concurrent.ForkJoinPool.runWorker(ForkJoinPool.java:1622) ~[?:?]
	at java.util.concurrent.ForkJoinWorkerThread.run(ForkJoinWorkerThread.java:165) ~[?:?]
Caused by: java.io.EOFException: End of input at line 1 column 1 path $
	at com.google.gson.stream.JsonReader.nextNonWhitespace(JsonReader.java:1455) ~[gson-2.10.jar%2372!/:?]
	at com.google.gson.stream.JsonReader.doPeek(JsonReader.java:558) ~[gson-2.10.jar%2372!/:?]
	at com.google.gson.stream.JsonReader.peek(JsonReader.java:433) ~[gson-2.10.jar%2372!/:?]
	at com.google.gson.internal.bind.TypeAdapters$28.read(TypeAdapters.java:769) ~[gson-2.10.jar%2372!/:?]
	at com.google.gson.internal.bind.TypeAdapters$28.read(TypeAdapters.java:725) ~[gson-2.10.jar%2372!/:?]
	at com.google.gson.internal.bind.TypeAdapters$34$1.read(TypeAdapters.java:1007) ~[gson-2.10.jar%2372!/:?]
	at net.minecraft.util.GsonHelper.m_13780_(GsonHelper.java:524) ~[server-1.20.1-20230612.114412-srg.jar%23420!/:?]
	... 11 more
[02Sep2026 01:02:01.419] [Worker-Main-3/ERROR] [net.minecraft.server.packs.resources.SimpleJsonResourceReloadListener/]: Couldn't parse data file alexsmobs:entities/enderiophage from alexsmobs:loot_tables/entities/enderiophage.json
com.google.gson.JsonParseException: java.io.EOFException: End of input at line 1 column 1 path $
	at net.minecraft.util.GsonHelper.m_13780_(GsonHelper.java:526) ~[server-1.20.1-20230612.114412-srg.jar%23420!/:?]
	at net.minecraft.util.GsonHelper.m_263475_(GsonHelper.java:531) ~[server-1.20.1-20230612.114412-srg.jar%23420!/:?]
	at net.minecraft.util.GsonHelper.m_13776_(GsonHelper.java:581) ~[server-1.20.1-20230612.114412-srg.jar%23420!/:?]
	at net.minecraft.server.packs.resources.SimpleJsonResourceReloadListener.m_278771_(SimpleJsonResourceReloadListener.java:41) ~[server-1.20.1-20230612.114412-srg.jar%23420!/:?]
	at net.minecraft.world.level.storage.loot.LootDataManager.m_278660_(LootDataManager.java:54) ~[server-1.20.1-20230612.114412-srg.jar%23420!/:?]
	at java.util.concurrent.CompletableFuture$AsyncRun.run(CompletableFuture.java:1804) ~[?:?]
	at java.util.concurrent.CompletableFuture$AsyncRun.exec(CompletableFuture.java:1796) ~[?:?]
	at java.util.concurrent.ForkJoinTask.doExec(ForkJoinTask.java:373) ~[?:?]
	at java.util.concurrent.ForkJoinPool$WorkQueue.topLevelExec(ForkJoinPool.java:1182) ~[?:?]
	at java.util.concurrent.ForkJoinPool.scan(ForkJoinPool.java:1655) ~[?:?]
	at java.util.concurrent.ForkJoinPool.runWorker(ForkJoinPool.java:1622) ~[?:?]
	at java.util.concurrent.ForkJoinWorkerThread.run(ForkJoinWorkerThread.java:165) ~[?:?]
Caused by: java.io.EOFException: End of input at line 1 column 1 path $
	at com.google.gson.stream.JsonReader.nextNonWhitespace(JsonReader.java:1455) ~[gson-2.10.jar%2372!/:?]
	at com.google.gson.stream.JsonReader.doPeek(JsonReader.java:558) ~[gson-2.10.jar%2372!/:?]
	at com.google.gson.stream.JsonReader.peek(JsonReader.java:433) ~[gson-2.10.jar%2372!/:?]
	at com.google.gson.internal.bind.TypeAdapters$28.read(TypeAdapters.java:769) ~[gson-2.10.jar%2372!/:?]
	at com.google.gson.internal.bind.TypeAdapters$28.read(TypeAdapters.java:725) ~[gson-2.10.jar%2372!/:?]
	at com.google.gson.internal.bind.TypeAdapters$34$1.read(TypeAdapters.java:1007) ~[gson-2.10.jar%2372!/:?]
	at net.minecraft.util.GsonHelper.m_13780_(GsonHelper.java:524) ~[server-1.20.1-20230612.114412-srg.jar%23420!/:?]
	... 11 more
[02Sep2026 01:02:01.422] [Worker-Main-3/ERROR] [net.minecraft.server.packs.resources.SimpleJsonResourceReloadListener/]: Couldn't parse data file cataclysm_spellbooks:entities/frozen_knowledge_fragments from cataclysm_spellbooks:loot_tables/entities/frozen_knowledge_fragments.json
com.google.gson.JsonParseException: java.io.EOFException: End of input at line 1 column 1 path $
	at net.minecraft.util.GsonHelper.m_13780_(GsonHelper.java:526) ~[server-1.20.1-20230612.114412-srg.jar%23420!/:?]
	at net.minecraft.util.GsonHelper.m_263475_(GsonHelper.java:531) ~[server-1.20.1-20230612.114412-srg.jar%23420!/:?]
	at net.minecraft.util.GsonHelper.m_13776_(GsonHelper.java:581) ~[server-1.20.1-20230612.114412-srg.jar%23420!/:?]
	at net.minecraft.server.packs.resources.SimpleJsonResourceReloadListener.m_278771_(SimpleJsonResourceReloadListener.java:41) ~[server-1.20.1-20230612.114412-srg.jar%23420!/:?]
	at net.minecraft.world.level.storage.loot.LootDataManager.m_278660_(LootDataManager.java:54) ~[server-1.20.1-20230612.114412-srg.jar%23420!/:?]
	at java.util.concurrent.CompletableFuture$AsyncRun.run(CompletableFuture.java:1804) ~[?:?]
	at java.util.concurrent.CompletableFuture$AsyncRun.exec(CompletableFuture.java:1796) ~[?:?]
	at java.util.concurrent.ForkJoinTask.doExec(ForkJoinTask.java:373) ~[?:?]
	at java.util.concurrent.ForkJoinPool$WorkQueue.topLevelExec(ForkJoinPool.java:1182) ~[?:?]
	at java.util.concurrent.ForkJoinPool.scan(ForkJoinPool.java:1655) ~[?:?]
	at java.util.concurrent.ForkJoinPool.runWorker(ForkJoinPool.java:1622) ~[?:?]
	at java.util.concurrent.ForkJoinWorkerThread.run(ForkJoinWorkerThread.java:165) ~[?:?]
Caused by: java.io.EOFException: End of input at line 1 column 1 path $
	at com.google.gson.stream.JsonReader.nextNonWhitespace(JsonReader.java:1455) ~[gson-2.10.jar%2372!/:?]
	at com.google.gson.stream.JsonReader.doPeek(JsonReader.java:558) ~[gson-2.10.jar%2372!/:?]
	at com.google.gson.stream.JsonReader.peek(JsonReader.java:433) ~[gson-2.10.jar%2372!/:?]
	at com.google.gson.internal.bind.TypeAdapters$28.read(TypeAdapters.java:769) ~[gson-2.10.jar%2372!/:?]
	at com.google.gson.internal.bind.TypeAdapters$28.read(TypeAdapters.java:725) ~[gson-2.10.jar%2372!/:?]
	at com.google.gson.internal.bind.TypeAdapters$34$1.read(TypeAdapters.java:1007) ~[gson-2.10.jar%2372!/:?]
	at net.minecraft.util.GsonHelper.m_13780_(GsonHelper.java:524) ~[server-1.20.1-20230612.114412-srg.jar%23420!/:?]
	... 11 more
[02Sep2026 01:02:01.425] [Worker-Main-3/ERROR] [net.minecraft.server.packs.resources.SimpleJsonResourceReloadListener/]: Couldn't parse data file cataclysm_spellbooks:entities/leviathans_blessing from cataclysm_spellbooks:loot_tables/entities/leviathans_blessing.json
com.google.gson.JsonParseException: java.io.EOFException: End of input at line 1 column 1 path $
	at net.minecraft.util.GsonHelper.m_13780_(GsonHelper.java:526) ~[server-1.20.1-20230612.114412-srg.jar%23420!/:?]
	at net.minecraft.util.GsonHelper.m_263475_(GsonHelper.java:531) ~[server-1.20.1-20230612.114412-srg.jar%23420!/:?]
	at net.minecraft.util.GsonHelper.m_13776_(GsonHelper.java:581) ~[server-1.20.1-20230612.114412-srg.jar%23420!/:?]
	at net.minecraft.server.packs.resources.SimpleJsonResourceReloadListener.m_278771_(SimpleJsonResourceReloadListener.java:41) ~[server-1.20.1-20230612.114412-srg.jar%23420!/:?]
	at net.minecraft.world.level.storage.loot.LootDataManager.m_278660_(LootDataManager.java:54) ~[server-1.20.1-20230612.114412-srg.jar%23420!/:?]
	at java.util.concurrent.CompletableFuture$AsyncRun.run(CompletableFuture.java:1804) ~[?:?]
	at java.util.concurrent.CompletableFuture$AsyncRun.exec(CompletableFuture.java:1796) ~[?:?]
	at java.util.concurrent.ForkJoinTask.doExec(ForkJoinTask.java:373) ~[?:?]
	at java.util.concurrent.ForkJoinPool$WorkQueue.topLevelExec(ForkJoinPool.java:1182) ~[?:?]
	at java.util.concurrent.ForkJoinPool.scan(ForkJoinPool.java:1655) ~[?:?]
	at java.util.concurrent.ForkJoinPool.runWorker(ForkJoinPool.java:1622) ~[?:?]
	at java.util.concurrent.ForkJoinWorkerThread.run(ForkJoinWorkerThread.java:165) ~[?:?]
Caused by: java.io.EOFException: End of input at line 1 column 1 path $
	at com.google.gson.stream.JsonReader.nextNonWhitespace(JsonReader.java:1455) ~[gson-2.10.jar%2372!/:?]
	at com.google.gson.stream.JsonReader.doPeek(JsonReader.java:558) ~[gson-2.10.jar%2372!/:?]
	at com.google.gson.stream.JsonReader.peek(JsonReader.java:433) ~[gson-2.10.jar%2372!/:?]
	at com.google.gson.internal.bind.TypeAdapters$28.read(TypeAdapters.java:769) ~[gson-2.10.jar%2372!/:?]
	at com.google.gson.internal.bind.TypeAdapters$28.read(TypeAdapters.java:725) ~[gson-2.10.jar%2372!/:?]
	at com.google.gson.internal.bind.TypeAdapters$34$1.read(TypeAdapters.java:1007) ~[gson-2.10.jar%2372!/:?]
	at net.minecraft.util.GsonHelper.m_13780_(GsonHelper.java:524) ~[server-1.20.1-20230612.114412-srg.jar%23420!/:?]
	... 11 more
[02Sep2026 01:02:01.424] [Worker-Main-1/ERROR] [net.minecraft.server.packs.resources.SimpleJsonResourceReloadListener/]: Couldn't parse data file irons_spellbooks:netherite_spell_book from irons_spellbooks:recipes/netherite_spell_book.json
com.google.gson.JsonParseException: java.io.EOFException: End of input at line 1 column 1 path $
	at net.minecraft.util.GsonHelper.m_13780_(GsonHelper.java:526) ~[server-1.20.1-20230612.114412-srg.jar%23420!/:?]
	at net.minecraft.util.GsonHelper.m_263475_(GsonHelper.java:531) ~[server-1.20.1-20230612.114412-srg.jar%23420!/:?]
	at net.minecraft.util.GsonHelper.m_13776_(GsonHelper.java:581) ~[server-1.20.1-20230612.114412-srg.jar%23420!/:?]
	at net.minecraft.server.packs.resources.SimpleJsonResourceReloadListener.m_278771_(SimpleJsonResourceReloadListener.java:41) ~[server-1.20.1-20230612.114412-srg.jar%23420!/:?]
	at net.minecraft.server.packs.resources.SimpleJsonResourceReloadListener.m_5944_(SimpleJsonResourceReloadListener.java:29) ~[server-1.20.1-20230612.114412-srg.jar%23420!/:?]
	at net.minecraft.server.packs.resources.SimpleJsonResourceReloadListener.m_5944_(SimpleJsonResourceReloadListener.java:17) ~[server-1.20.1-20230612.114412-srg.jar%23420!/:?]
	at net.minecraft.server.packs.resources.SimplePreparableReloadListener.m_10786_(SimplePreparableReloadListener.java:11) ~[server-1.20.1-20230612.114412-srg.jar%23420!/:?]
	at java.util.concurrent.CompletableFuture$AsyncSupply.run(CompletableFuture.java:1768) ~[?:?]
	at java.util.concurrent.CompletableFuture$AsyncSupply.exec(CompletableFuture.java:1760) ~[?:?]
	at java.util.concurrent.ForkJoinTask.doExec(ForkJoinTask.java:373) ~[?:?]
	at java.util.concurrent.ForkJoinPool$WorkQueue.topLevelExec(ForkJoinPool.java:1182) ~[?:?]
	at java.util.concurrent.ForkJoinPool.scan(ForkJoinPool.java:1655) ~[?:?]
	at java.util.concurrent.ForkJoinPool.runWorker(ForkJoinPool.java:1622) ~[?:?]
	at java.util.concurrent.ForkJoinWorkerThread.run(ForkJoinWorkerThread.java:165) ~[?:?]
Caused by: java.io.EOFException: End of input at line 1 column 1 path $
	at com.google.gson.stream.JsonReader.nextNonWhitespace(JsonReader.java:1455) ~[gson-2.10.jar%2372!/:?]
	at com.google.gson.stream.JsonReader.doPeek(JsonReader.java:558) ~[gson-2.10.jar%2372!/:?]
	at com.google.gson.stream.JsonReader.peek(JsonReader.java:433) ~[gson-2.10.jar%2372!/:?]
	at com.google.gson.internal.bind.TypeAdapters$28.read(TypeAdapters.java:769) ~[gson-2.10.jar%2372!/:?]
	at com.google.gson.internal.bind.TypeAdapters$28.read(TypeAdapters.java:725) ~[gson-2.10.jar%2372!/:?]
	at com.google.gson.internal.bind.TypeAdapters$34$1.read(TypeAdapters.java:1007) ~[gson-2.10.jar%2372!/:?]
	at net.minecraft.util.GsonHelper.m_13780_(GsonHelper.java:524) ~[server-1.20.1-20230612.114412-srg.jar%23420!/:?]
	... 13 more
[02Sep2026 01:02:01.429] [Worker-Main-3/ERROR] [net.minecraft.server.packs.resources.SimpleJsonResourceReloadListener/]: Couldn't parse data file cataclysm_spellbooks:entities/mechanical_scrap from cataclysm_spellbooks:loot_tables/entities/mechanical_scrap.json
com.google.gson.JsonParseException: java.io.EOFException: End of input at line 1 column 1 path $
	at net.minecraft.util.GsonHelper.m_13780_(GsonHelper.java:526) ~[server-1.20.1-20230612.114412-srg.jar%23420!/:?]
	at net.minecraft.util.GsonHelper.m_263475_(GsonHelper.java:531) ~[server-1.20.1-20230612.114412-srg.jar%23420!/:?]
	at net.minecraft.util.GsonHelper.m_13776_(GsonHelper.java:581) ~[server-1.20.1-20230612.114412-srg.jar%23420!/:?]
	at net.minecraft.server.packs.resources.SimpleJsonResourceReloadListener.m_278771_(SimpleJsonResourceReloadListener.java:41) ~[server-1.20.1-20230612.114412-srg.jar%23420!/:?]
	at net.minecraft.world.level.storage.loot.LootDataManager.m_278660_(LootDataManager.java:54) ~[server-1.20.1-20230612.114412-srg.jar%23420!/:?]
	at java.util.concurrent.CompletableFuture$AsyncRun.run(CompletableFuture.java:1804) ~[?:?]
	at java.util.concurrent.CompletableFuture$AsyncRun.exec(CompletableFuture.java:1796) ~[?:?]
	at java.util.concurrent.ForkJoinTask.doExec(ForkJoinTask.java:373) ~[?:?]
	at java.util.concurrent.ForkJoinPool$WorkQueue.topLevelExec(ForkJoinPool.java:1182) ~[?:?]
	at java.util.concurrent.ForkJoinPool.scan(ForkJoinPool.java:1655) ~[?:?]
	at java.util.concurrent.ForkJoinPool.runWorker(ForkJoinPool.java:1622) ~[?:?]
	at java.util.concurrent.ForkJoinWorkerThread.run(ForkJoinWorkerThread.java:165) ~[?:?]
Caused by: java.io.EOFException: End of input at line 1 column 1 path $
	at com.google.gson.stream.JsonReader.nextNonWhitespace(JsonReader.java:1455) ~[gson-2.10.jar%2372!/:?]
	at com.google.gson.stream.JsonReader.doPeek(JsonReader.java:558) ~[gson-2.10.jar%2372!/:?]
	at com.google.gson.stream.JsonReader.peek(JsonReader.java:433) ~[gson-2.10.jar%2372!/:?]
	at com.google.gson.internal.bind.TypeAdapters$28.read(TypeAdapters.java:769) ~[gson-2.10.jar%2372!/:?]
	at com.google.gson.internal.bind.TypeAdapters$28.read(TypeAdapters.java:725) ~[gson-2.10.jar%2372!/:?]
	at com.google.gson.internal.bind.TypeAdapters$34$1.read(TypeAdapters.java:1007) ~[gson-2.10.jar%2372!/:?]
	at net.minecraft.util.GsonHelper.m_13780_(GsonHelper.java:524) ~[server-1.20.1-20230612.114412-srg.jar%23420!/:?]
	... 11 more
[02Sep2026 01:02:01.429] [Worker-Main-1/ERROR] [net.minecraft.server.packs.resources.SimpleJsonResourceReloadListener/]: Couldn't parse data file efn:nf_claw from efn:recipes/nf_claw.json
com.google.gson.JsonParseException: java.io.EOFException: End of input at line 1 column 1 path $
	at net.minecraft.util.GsonHelper.m_13780_(GsonHelper.java:526) ~[server-1.20.1-20230612.114412-srg.jar%23420!/:?]
	at net.minecraft.util.GsonHelper.m_263475_(GsonHelper.java:531) ~[server-1.20.1-20230612.114412-srg.jar%23420!/:?]
	at net.minecraft.util.GsonHelper.m_13776_(GsonHelper.java:581) ~[server-1.20.1-20230612.114412-srg.jar%23420!/:?]
	at net.minecraft.server.packs.resources.SimpleJsonResourceReloadListener.m_278771_(SimpleJsonResourceReloadListener.java:41) ~[server-1.20.1-20230612.114412-srg.jar%23420!/:?]
	at net.minecraft.server.packs.resources.SimpleJsonResourceReloadListener.m_5944_(SimpleJsonResourceReloadListener.java:29) ~[server-1.20.1-20230612.114412-srg.jar%23420!/:?]
	at net.minecraft.server.packs.resources.SimpleJsonResourceReloadListener.m_5944_(SimpleJsonResourceReloadListener.java:17) ~[server-1.20.1-20230612.114412-srg.jar%23420!/:?]
	at net.minecraft.server.packs.resources.SimplePreparableReloadListener.m_10786_(SimplePreparableReloadListener.java:11) ~[server-1.20.1-20230612.114412-srg.jar%23420!/:?]
	at java.util.concurrent.CompletableFuture$AsyncSupply.run(CompletableFuture.java:1768) ~[?:?]
	at java.util.concurrent.CompletableFuture$AsyncSupply.exec(CompletableFuture.java:1760) ~[?:?]
	at java.util.concurrent.ForkJoinTask.doExec(ForkJoinTask.java:373) ~[?:?]
	at java.util.concurrent.ForkJoinPool$WorkQueue.topLevelExec(ForkJoinPool.java:1182) ~[?:?]
	at java.util.concurrent.ForkJoinPool.scan(ForkJoinPool.java:1655) ~[?:?]
	at java.util.concurrent.ForkJoinPool.runWorker(ForkJoinPool.java:1622) ~[?:?]
	at java.util.concurrent.ForkJoinWorkerThread.run(ForkJoinWorkerThread.java:165) ~[?:?]
Caused by: java.io.EOFException: End of input at line 1 column 1 path $
	at com.google.gson.stream.JsonReader.nextNonWhitespace(JsonReader.java:1455) ~[gson-2.10.jar%2372!/:?]
	at com.google.gson.stream.JsonReader.doPeek(JsonReader.java:558) ~[gson-2.10.jar%2372!/:?]
	at com.google.gson.stream.JsonReader.peek(JsonReader.java:433) ~[gson-2.10.jar%2372!/:?]
	at com.google.gson.internal.bind.TypeAdapters$28.read(TypeAdapters.java:769) ~[gson-2.10.jar%2372!/:?]
	at com.google.gson.internal.bind.TypeAdapters$28.read(TypeAdapters.java:725) ~[gson-2.10.jar%2372!/:?]
	at com.google.gson.internal.bind.TypeAdapters$34$1.read(TypeAdapters.java:1007) ~[gson-2.10.jar%2372!/:?]
	at net.minecraft.util.GsonHelper.m_13780_(GsonHelper.java:524) ~[server-1.20.1-20230612.114412-srg.jar%23420!/:?]
	... 13 more
[02Sep2026 01:02:01.432] [Worker-Main-1/ERROR] [net.minecraft.server.packs.resources.SimpleJsonResourceReloadListener/]: Couldn't parse data file efn:nf_dual_sword from efn:recipes/nf_dual_sword.json
com.google.gson.JsonParseException: java.io.EOFException: End of input at line 1 column 1 path $
	at net.minecraft.util.GsonHelper.m_13780_(GsonHelper.java:526) ~[server-1.20.1-20230612.114412-srg.jar%23420!/:?]
	at net.minecraft.util.GsonHelper.m_263475_(GsonHelper.java:531) ~[server-1.20.1-20230612.114412-srg.jar%23420!/:?]
	at net.minecraft.util.GsonHelper.m_13776_(GsonHelper.java:581) ~[server-1.20.1-20230612.114412-srg.jar%23420!/:?]
	at net.minecraft.server.packs.resources.SimpleJsonResourceReloadListener.m_278771_(SimpleJsonResourceReloadListener.java:41) ~[server-1.20.1-20230612.114412-srg.jar%23420!/:?]
	at net.minecraft.server.packs.resources.SimpleJsonResourceReloadListener.m_5944_(SimpleJsonResourceReloadListener.java:29) ~[server-1.20.1-20230612.114412-srg.jar%23420!/:?]
	at net.minecraft.server.packs.resources.SimpleJsonResourceReloadListener.m_5944_(SimpleJsonResourceReloadListener.java:17) ~[server-1.20.1-20230612.114412-srg.jar%23420!/:?]
	at net.minecraft.server.packs.resources.SimplePreparableReloadListener.m_10786_(SimplePreparableReloadListener.java:11) ~[server-1.20.1-20230612.114412-srg.jar%23420!/:?]
	at java.util.concurrent.CompletableFuture$AsyncSupply.run(CompletableFuture.java:1768) ~[?:?]
	at java.util.concurrent.CompletableFuture$AsyncSupply.exec(CompletableFuture.java:1760) ~[?:?]
	at java.util.concurrent.ForkJoinTask.doExec(ForkJoinTask.java:373) ~[?:?]
	at java.util.concurrent.ForkJoinPool$WorkQueue.topLevelExec(ForkJoinPool.java:1182) ~[?:?]
	at java.util.concurrent.ForkJoinPool.scan(ForkJoinPool.java:1655) ~[?:?]
	at java.util.concurrent.ForkJoinPool.runWorker(ForkJoinPool.java:1622) ~[?:?]
	at java.util.concurrent.ForkJoinWorkerThread.run(ForkJoinWorkerThread.java:165) ~[?:?]
Caused by: java.io.EOFException: End of input at line 1 column 1 path $
	at com.google.gson.stream.JsonReader.nextNonWhitespace(JsonReader.java:1455) ~[gson-2.10.jar%2372!/:?]
	at com.google.gson.stream.JsonReader.doPeek(JsonReader.java:558) ~[gson-2.10.jar%2372!/:?]
	at com.google.gson.stream.JsonReader.peek(JsonReader.java:433) ~[gson-2.10.jar%2372!/:?]
	at com.google.gson.internal.bind.TypeAdapters$28.read(TypeAdapters.java:769) ~[gson-2.10.jar%2372!/:?]
	at com.google.gson.internal.bind.TypeAdapters$28.read(TypeAdapters.java:725) ~[gson-2.10.jar%2372!/:?]
	at com.google.gson.internal.bind.TypeAdapters$34$1.read(TypeAdapters.java:1007) ~[gson-2.10.jar%2372!/:?]
	at net.minecraft.util.GsonHelper.m_13780_(GsonHelper.java:524) ~[server-1.20.1-20230612.114412-srg.jar%23420!/:?]
	... 13 more
[02Sep2026 01:02:01.434] [Worker-Main-1/ERROR] [net.minecraft.server.packs.resources.SimpleJsonResourceReloadListener/]: Couldn't parse data file efn:nf_shortsword from efn:recipes/nf_shortsword.json
com.google.gson.JsonParseException: java.io.EOFException: End of input at line 1 column 1 path $
	at net.minecraft.util.GsonHelper.m_13780_(GsonHelper.java:526) ~[server-1.20.1-20230612.114412-srg.jar%23420!/:?]
	at net.minecraft.util.GsonHelper.m_263475_(GsonHelper.java:531) ~[server-1.20.1-20230612.114412-srg.jar%23420!/:?]
	at net.minecraft.util.GsonHelper.m_13776_(GsonHelper.java:581) ~[server-1.20.1-20230612.114412-srg.jar%23420!/:?]
	at net.minecraft.server.packs.resources.SimpleJsonResourceReloadListener.m_278771_(SimpleJsonResourceReloadListener.java:41) ~[server-1.20.1-20230612.114412-srg.jar%23420!/:?]
	at net.minecraft.server.packs.resources.SimpleJsonResourceReloadListener.m_5944_(SimpleJsonResourceReloadListener.java:29) ~[server-1.20.1-20230612.114412-srg.jar%23420!/:?]
	at net.minecraft.server.packs.resources.SimpleJsonResourceReloadListener.m_5944_(SimpleJsonResourceReloadListener.java:17) ~[server-1.20.1-20230612.114412-srg.jar%23420!/:?]
	at net.minecraft.server.packs.resources.SimplePreparableReloadListener.m_10786_(SimplePreparableReloadListener.java:11) ~[server-1.20.1-20230612.114412-srg.jar%23420!/:?]
	at java.util.concurrent.CompletableFuture$AsyncSupply.run(CompletableFuture.java:1768) ~[?:?]
	at java.util.concurrent.CompletableFuture$AsyncSupply.exec(CompletableFuture.java:1760) ~[?:?]
	at java.util.concurrent.ForkJoinTask.doExec(ForkJoinTask.java:373) ~[?:?]
	at java.util.concurrent.ForkJoinPool$WorkQueue.topLevelExec(ForkJoinPool.java:1182) ~[?:?]
	at java.util.concurrent.ForkJoinPool.scan(ForkJoinPool.java:1655) ~[?:?]
	at java.util.concurrent.ForkJoinPool.runWorker(ForkJoinPool.java:1622) ~[?:?]
	at java.util.concurrent.ForkJoinWorkerThread.run(ForkJoinWorkerThread.java:165) ~[?:?]
Caused by: java.io.EOFException: End of input at line 1 column 1 path $
	at com.google.gson.stream.JsonReader.nextNonWhitespace(JsonReader.java:1455) ~[gson-2.10.jar%2372!/:?]
	at com.google.gson.stream.JsonReader.doPeek(JsonReader.java:558) ~[gson-2.10.jar%2372!/:?]
	at com.google.gson.stream.JsonReader.peek(JsonReader.java:433) ~[gson-2.10.jar%2372!/:?]
	at com.google.gson.internal.bind.TypeAdapters$28.read(TypeAdapters.java:769) ~[gson-2.10.jar%2372!/:?]
	at com.google.gson.internal.bind.TypeAdapters$28.read(TypeAdapters.java:725) ~[gson-2.10.jar%2372!/:?]
	at com.google.gson.internal.bind.TypeAdapters$34$1.read(TypeAdapters.java:1007) ~[gson-2.10.jar%2372!/:?]
	at net.minecraft.util.GsonHelper.m_13780_(GsonHelper.java:524) ~[server-1.20.1-20230612.114412-srg.jar%23420!/:?]
	... 13 more
[02Sep2026 01:02:01.435] [Worker-Main-1/ERROR] [net.minecraft.server.packs.resources.SimpleJsonResourceReloadListener/]: Couldn't parse data file efn:nf_shortsword_2 from efn:recipes/nf_shortsword_2.json
com.google.gson.JsonParseException: java.io.EOFException: End of input at line 1 column 1 path $
	at net.minecraft.util.GsonHelper.m_13780_(GsonHelper.java:526) ~[server-1.20.1-20230612.114412-srg.jar%23420!/:?]
	at net.minecraft.util.GsonHelper.m_263475_(GsonHelper.java:531) ~[server-1.20.1-20230612.114412-srg.jar%23420!/:?]
	at net.minecraft.util.GsonHelper.m_13776_(GsonHelper.java:581) ~[server-1.20.1-20230612.114412-srg.jar%23420!/:?]
	at net.minecraft.server.packs.resources.SimpleJsonResourceReloadListener.m_278771_(SimpleJsonResourceReloadListener.java:41) ~[server-1.20.1-20230612.114412-srg.jar%23420!/:?]
	at net.minecraft.server.packs.resources.SimpleJsonResourceReloadListener.m_5944_(SimpleJsonResourceReloadListener.java:29) ~[server-1.20.1-20230612.114412-srg.jar%23420!/:?]
	at net.minecraft.server.packs.resources.SimpleJsonResourceReloadListener.m_5944_(SimpleJsonResourceReloadListener.java:17) ~[server-1.20.1-20230612.114412-srg.jar%23420!/:?]
	at net.minecraft.server.packs.resources.SimplePreparableReloadListener.m_10786_(SimplePreparableReloadListener.java:11) ~[server-1.20.1-20230612.114412-srg.jar%23420!/:?]
	at java.util.concurrent.CompletableFuture$AsyncSupply.run(CompletableFuture.java:1768) ~[?:?]
	at java.util.concurrent.CompletableFuture$AsyncSupply.exec(CompletableFuture.java:1760) ~[?:?]
	at java.util.concurrent.ForkJoinTask.doExec(ForkJoinTask.java:373) ~[?:?]
	at java.util.concurrent.ForkJoinPool$WorkQueue.topLevelExec(ForkJoinPool.java:1182) ~[?:?]
	at java.util.concurrent.ForkJoinPool.scan(ForkJoinPool.java:1655) ~[?:?]
	at java.util.concurrent.ForkJoinPool.runWorker(ForkJoinPool.java:1622) ~[?:?]
	at java.util.concurrent.ForkJoinWorkerThread.run(ForkJoinWorkerThread.java:165) ~[?:?]
Caused by: java.io.EOFException: End of input at line 1 column 1 path $
	at com.google.gson.stream.JsonReader.nextNonWhitespace(JsonReader.java:1455) ~[gson-2.10.jar%2372!/:?]
	at com.google.gson.stream.JsonReader.doPeek(JsonReader.java:558) ~[gson-2.10.jar%2372!/:?]
	at com.google.gson.stream.JsonReader.peek(JsonReader.java:433) ~[gson-2.10.jar%2372!/:?]
	at com.google.gson.internal.bind.TypeAdapters$28.read(TypeAdapters.java:769) ~[gson-2.10.jar%2372!/:?]
	at com.google.gson.internal.bind.TypeAdapters$28.read(TypeAdapters.java:725) ~[gson-2.10.jar%2372!/:?]
	at com.google.gson.internal.bind.TypeAdapters$34$1.read(TypeAdapters.java:1007) ~[gson-2.10.jar%2372!/:?]
	at net.minecraft.util.GsonHelper.m_13780_(GsonHelper.java:524) ~[server-1.20.1-20230612.114412-srg.jar%23420!/:?]
	... 13 more
[02Sep2026 01:02:01.439] [Worker-Main-3/ERROR] [net.minecraft.server.packs.resources.SimpleJsonResourceReloadListener/]: Couldn't parse data file cataclysm_spellbooks:entities/wadjets_staff from cataclysm_spellbooks:loot_tables/entities/wadjets_staff.json
com.google.gson.JsonParseException: java.io.EOFException: End of input at line 1 column 1 path $
	at net.minecraft.util.GsonHelper.m_13780_(GsonHelper.java:526) ~[server-1.20.1-20230612.114412-srg.jar%23420!/:?]
	at net.minecraft.util.GsonHelper.m_263475_(GsonHelper.java:531) ~[server-1.20.1-20230612.114412-srg.jar%23420!/:?]
	at net.minecraft.util.GsonHelper.m_13776_(GsonHelper.java:581) ~[server-1.20.1-20230612.114412-srg.jar%23420!/:?]
	at net.minecraft.server.packs.resources.SimpleJsonResourceReloadListener.m_278771_(SimpleJsonResourceReloadListener.java:41) ~[server-1.20.1-20230612.114412-srg.jar%23420!/:?]
	at net.minecraft.world.level.storage.loot.LootDataManager.m_278660_(LootDataManager.java:54) ~[server-1.20.1-20230612.114412-srg.jar%23420!/:?]
	at java.util.concurrent.CompletableFuture$AsyncRun.run(CompletableFuture.java:1804) ~[?:?]
	at java.util.concurrent.CompletableFuture$AsyncRun.exec(CompletableFuture.java:1796) ~[?:?]
	at java.util.concurrent.ForkJoinTask.doExec(ForkJoinTask.java:373) ~[?:?]
	at java.util.concurrent.ForkJoinPool$WorkQueue.topLevelExec(ForkJoinPool.java:1182) ~[?:?]
	at java.util.concurrent.ForkJoinPool.scan(ForkJoinPool.java:1655) ~[?:?]
	at java.util.concurrent.ForkJoinPool.runWorker(ForkJoinPool.java:1622) ~[?:?]
	at java.util.concurrent.ForkJoinWorkerThread.run(ForkJoinWorkerThread.java:165) ~[?:?]
Caused by: java.io.EOFException: End of input at line 1 column 1 path $
	at com.google.gson.stream.JsonReader.nextNonWhitespace(JsonReader.java:1455) ~[gson-2.10.jar%2372!/:?]
	at com.google.gson.stream.JsonReader.doPeek(JsonReader.java:558) ~[gson-2.10.jar%2372!/:?]
	at com.google.gson.stream.JsonReader.peek(JsonReader.java:433) ~[gson-2.10.jar%2372!/:?]
	at com.google.gson.internal.bind.TypeAdapters$28.read(TypeAdapters.java:769) ~[gson-2.10.jar%2372!/:?]
	at com.google.gson.internal.bind.TypeAdapters$28.read(TypeAdapters.java:725) ~[gson-2.10.jar%2372!/:?]
	at com.google.gson.internal.bind.TypeAdapters$34$1.read(TypeAdapters.java:1007) ~[gson-2.10.jar%2372!/:?]
	at net.minecraft.util.GsonHelper.m_13780_(GsonHelper.java:524) ~[server-1.20.1-20230612.114412-srg.jar%23420!/:?]
	... 11 more
[02Sep2026 01:02:01.445] [Worker-Main-3/ERROR] [net.minecraft.server.packs.resources.SimpleJsonResourceReloadListener/]: Couldn't parse data file irons_spellbooks:magic_items/scroll_pouch from irons_spellbooks:loot_tables/magic_items/scroll_pouch.json
com.google.gson.JsonParseException: java.io.EOFException: End of input at line 1 column 1 path $
	at net.minecraft.util.GsonHelper.m_13780_(GsonHelper.java:526) ~[server-1.20.1-20230612.114412-srg.jar%23420!/:?]
	at net.minecraft.util.GsonHelper.m_263475_(GsonHelper.java:531) ~[server-1.20.1-20230612.114412-srg.jar%23420!/:?]
	at net.minecraft.util.GsonHelper.m_13776_(GsonHelper.java:581) ~[server-1.20.1-20230612.114412-srg.jar%23420!/:?]
	at net.minecraft.server.packs.resources.SimpleJsonResourceReloadListener.m_278771_(SimpleJsonResourceReloadListener.java:41) ~[server-1.20.1-20230612.114412-srg.jar%23420!/:?]
	at net.minecraft.world.level.storage.loot.LootDataManager.m_278660_(LootDataManager.java:54) ~[server-1.20.1-20230612.114412-srg.jar%23420!/:?]
	at java.util.concurrent.CompletableFuture$AsyncRun.run(CompletableFuture.java:1804) ~[?:?]
	at java.util.concurrent.CompletableFuture$AsyncRun.exec(CompletableFuture.java:1796) ~[?:?]
	at java.util.concurrent.ForkJoinTask.doExec(ForkJoinTask.java:373) ~[?:?]
	at java.util.concurrent.ForkJoinPool$WorkQueue.topLevelExec(ForkJoinPool.java:1182) ~[?:?]
	at java.util.concurrent.ForkJoinPool.scan(ForkJoinPool.java:1655) ~[?:?]
	at java.util.concurrent.ForkJoinPool.runWorker(ForkJoinPool.java:1622) ~[?:?]
	at java.util.concurrent.ForkJoinWorkerThread.run(ForkJoinWorkerThread.java:165) ~[?:?]
Caused by: java.io.EOFException: End of input at line 1 column 1 path $
	at com.google.gson.stream.JsonReader.nextNonWhitespace(JsonReader.java:1455) ~[gson-2.10.jar%2372!/:?]
	at com.google.gson.stream.JsonReader.doPeek(JsonReader.java:558) ~[gson-2.10.jar%2372!/:?]
	at com.google.gson.stream.JsonReader.peek(JsonReader.java:433) ~[gson-2.10.jar%2372!/:?]
	at com.google.gson.internal.bind.TypeAdapters$28.read(TypeAdapters.java:769) ~[gson-2.10.jar%2372!/:?]
	at com.google.gson.internal.bind.TypeAdapters$28.read(TypeAdapters.java:725) ~[gson-2.10.jar%2372!/:?]
	at com.google.gson.internal.bind.TypeAdapters$34$1.read(TypeAdapters.java:1007) ~[gson-2.10.jar%2372!/:?]
	at net.minecraft.util.GsonHelper.m_13780_(GsonHelper.java:524) ~[server-1.20.1-20230612.114412-srg.jar%23420!/:?]
	... 11 more
[02Sep2026 01:02:01.458] [Worker-Main-1/ERROR] [net.minecraft.server.packs.resources.SimpleJsonResourceReloadListener/]: Couldn't parse data file irons_spellbooks:pyrium_staff from irons_spellbooks:recipes/pyrium_staff.json
com.google.gson.JsonParseException: java.io.EOFException: End of input at line 1 column 1 path $
	at net.minecraft.util.GsonHelper.m_13780_(GsonHelper.java:526) ~[server-1.20.1-20230612.114412-srg.jar%23420!/:?]
	at net.minecraft.util.GsonHelper.m_263475_(GsonHelper.java:531) ~[server-1.20.1-20230612.114412-srg.jar%23420!/:?]
	at net.minecraft.util.GsonHelper.m_13776_(GsonHelper.java:581) ~[server-1.20.1-20230612.114412-srg.jar%23420!/:?]
	at net.minecraft.server.packs.resources.SimpleJsonResourceReloadListener.m_278771_(SimpleJsonResourceReloadListener.java:41) ~[server-1.20.1-20230612.114412-srg.jar%23420!/:?]
	at net.minecraft.server.packs.resources.SimpleJsonResourceReloadListener.m_5944_(SimpleJsonResourceReloadListener.java:29) ~[server-1.20.1-20230612.114412-srg.jar%23420!/:?]
	at net.minecraft.server.packs.resources.SimpleJsonResourceReloadListener.m_5944_(SimpleJsonResourceReloadListener.java:17) ~[server-1.20.1-20230612.114412-srg.jar%23420!/:?]
	at net.minecraft.server.packs.resources.SimplePreparableReloadListener.m_10786_(SimplePreparableReloadListener.java:11) ~[server-1.20.1-20230612.114412-srg.jar%23420!/:?]
	at java.util.concurrent.CompletableFuture$AsyncSupply.run(CompletableFuture.java:1768) ~[?:?]
	at java.util.concurrent.CompletableFuture$AsyncSupply.exec(CompletableFuture.java:1760) ~[?:?]
	at java.util.concurrent.ForkJoinTask.doExec(ForkJoinTask.java:373) ~[?:?]
	at java.util.concurrent.ForkJoinPool$WorkQueue.topLevelExec(ForkJoinPool.java:1182) ~[?:?]
	at java.util.concurrent.ForkJoinPool.scan(ForkJoinPool.java:1655) ~[?:?]
	at java.util.concurrent.ForkJoinPool.runWorker(ForkJoinPool.java:1622) ~[?:?]
	at java.util.concurrent.ForkJoinWorkerThread.run(ForkJoinWorkerThread.java:165) ~[?:?]
Caused by: java.io.EOFException: End of input at line 1 column 1 path $
	at com.google.gson.stream.JsonReader.nextNonWhitespace(JsonReader.java:1455) ~[gson-2.10.jar%2372!/:?]
	at com.google.gson.stream.JsonReader.doPeek(JsonReader.java:558) ~[gson-2.10.jar%2372!/:?]
	at com.google.gson.stream.JsonReader.peek(JsonReader.java:433) ~[gson-2.10.jar%2372!/:?]
	at com.google.gson.internal.bind.TypeAdapters$28.read(TypeAdapters.java:769) ~[gson-2.10.jar%2372!/:?]
	at com.google.gson.internal.bind.TypeAdapters$28.read(TypeAdapters.java:725) ~[gson-2.10.jar%2372!/:?]
	at com.google.gson.internal.bind.TypeAdapters$34$1.read(TypeAdapters.java:1007) ~[gson-2.10.jar%2372!/:?]
	at net.minecraft.util.GsonHelper.m_13780_(GsonHelper.java:524) ~[server-1.20.1-20230612.114412-srg.jar%23420!/:?]
	... 13 more
[02Sep2026 01:02:01.467] [Worker-Main-1/ERROR] [net.minecraft.server.packs.resources.SimpleJsonResourceReloadListener/]: Couldn't parse data file efn:ruinfighter_boots from efn:recipes/ruinfighter_boots.json
com.google.gson.JsonParseException: java.io.EOFException: End of input at line 1 column 1 path $
	at net.minecraft.util.GsonHelper.m_13780_(GsonHelper.java:526) ~[server-1.20.1-20230612.114412-srg.jar%23420!/:?]
	at net.minecraft.util.GsonHelper.m_263475_(GsonHelper.java:531) ~[server-1.20.1-20230612.114412-srg.jar%23420!/:?]
	at net.minecraft.util.GsonHelper.m_13776_(GsonHelper.java:581) ~[server-1.20.1-20230612.114412-srg.jar%23420!/:?]
	at net.minecraft.server.packs.resources.SimpleJsonResourceReloadListener.m_278771_(SimpleJsonResourceReloadListener.java:41) ~[server-1.20.1-20230612.114412-srg.jar%23420!/:?]
	at net.minecraft.server.packs.resources.SimpleJsonResourceReloadListener.m_5944_(SimpleJsonResourceReloadListener.java:29) ~[server-1.20.1-20230612.114412-srg.jar%23420!/:?]
	at net.minecraft.server.packs.resources.SimpleJsonResourceReloadListener.m_5944_(SimpleJsonResourceReloadListener.java:17) ~[server-1.20.1-20230612.114412-srg.jar%23420!/:?]
	at net.minecraft.server.packs.resources.SimplePreparableReloadListener.m_10786_(SimplePreparableReloadListener.java:11) ~[server-1.20.1-20230612.114412-srg.jar%23420!/:?]
	at java.util.concurrent.CompletableFuture$AsyncSupply.run(CompletableFuture.java:1768) ~[?:?]
	at java.util.concurrent.CompletableFuture$AsyncSupply.exec(CompletableFuture.java:1760) ~[?:?]
	at java.util.concurrent.ForkJoinTask.doExec(ForkJoinTask.java:373) ~[?:?]
	at java.util.concurrent.ForkJoinPool$WorkQueue.topLevelExec(ForkJoinPool.java:1182) ~[?:?]
	at java.util.concurrent.ForkJoinPool.scan(ForkJoinPool.java:1655) ~[?:?]
	at java.util.concurrent.ForkJoinPool.runWorker(ForkJoinPool.java:1622) ~[?:?]
	at java.util.concurrent.ForkJoinWorkerThread.run(ForkJoinWorkerThread.java:165) ~[?:?]
Caused by: java.io.EOFException: End of input at line 1 column 1 path $
	at com.google.gson.stream.JsonReader.nextNonWhitespace(JsonReader.java:1455) ~[gson-2.10.jar%2372!/:?]
	at com.google.gson.stream.JsonReader.doPeek(JsonReader.java:558) ~[gson-2.10.jar%2372!/:?]
	at com.google.gson.stream.JsonReader.peek(JsonReader.java:433) ~[gson-2.10.jar%2372!/:?]
	at com.google.gson.internal.bind.TypeAdapters$28.read(TypeAdapters.java:769) ~[gson-2.10.jar%2372!/:?]
	at com.google.gson.internal.bind.TypeAdapters$28.read(TypeAdapters.java:725) ~[gson-2.10.jar%2372!/:?]
	at com.google.gson.internal.bind.TypeAdapters$34$1.read(TypeAdapters.java:1007) ~[gson-2.10.jar%2372!/:?]
	at net.minecraft.util.GsonHelper.m_13780_(GsonHelper.java:524) ~[server-1.20.1-20230612.114412-srg.jar%23420!/:?]
	... 13 more
[02Sep2026 01:02:01.469] [Worker-Main-1/ERROR] [net.minecraft.server.packs.resources.SimpleJsonResourceReloadListener/]: Couldn't parse data file efn:ruinfighter_chestplate from efn:recipes/ruinfighter_chestplate.json
com.google.gson.JsonParseException: java.io.EOFException: End of input at line 1 column 1 path $
	at net.minecraft.util.GsonHelper.m_13780_(GsonHelper.java:526) ~[server-1.20.1-20230612.114412-srg.jar%23420!/:?]
	at net.minecraft.util.GsonHelper.m_263475_(GsonHelper.java:531) ~[server-1.20.1-20230612.114412-srg.jar%23420!/:?]
	at net.minecraft.util.GsonHelper.m_13776_(GsonHelper.java:581) ~[server-1.20.1-20230612.114412-srg.jar%23420!/:?]
	at net.minecraft.server.packs.resources.SimpleJsonResourceReloadListener.m_278771_(SimpleJsonResourceReloadListener.java:41) ~[server-1.20.1-20230612.114412-srg.jar%23420!/:?]
	at net.minecraft.server.packs.resources.SimpleJsonResourceReloadListener.m_5944_(SimpleJsonResourceReloadListener.java:29) ~[server-1.20.1-20230612.114412-srg.jar%23420!/:?]
	at net.minecraft.server.packs.resources.SimpleJsonResourceReloadListener.m_5944_(SimpleJsonResourceReloadListener.java:17) ~[server-1.20.1-20230612.114412-srg.jar%23420!/:?]
	at net.minecraft.server.packs.resources.SimplePreparableReloadListener.m_10786_(SimplePreparableReloadListener.java:11) ~[server-1.20.1-20230612.114412-srg.jar%23420!/:?]
	at java.util.concurrent.CompletableFuture$AsyncSupply.run(CompletableFuture.java:1768) ~[?:?]
	at java.util.concurrent.CompletableFuture$AsyncSupply.exec(CompletableFuture.java:1760) ~[?:?]
	at java.util.concurrent.ForkJoinTask.doExec(ForkJoinTask.java:373) ~[?:?]
	at java.util.concurrent.ForkJoinPool$WorkQueue.topLevelExec(ForkJoinPool.java:1182) ~[?:?]
	at java.util.concurrent.ForkJoinPool.scan(ForkJoinPool.java:1655) ~[?:?]
	at java.util.concurrent.ForkJoinPool.runWorker(ForkJoinPool.java:1622) ~[?:?]
	at java.util.concurrent.ForkJoinWorkerThread.run(ForkJoinWorkerThread.java:165) ~[?:?]
Caused by: java.io.EOFException: End of input at line 1 column 1 path $
	at com.google.gson.stream.JsonReader.nextNonWhitespace(JsonReader.java:1455) ~[gson-2.10.jar%2372!/:?]
	at com.google.gson.stream.JsonReader.doPeek(JsonReader.java:558) ~[gson-2.10.jar%2372!/:?]
	at com.google.gson.stream.JsonReader.peek(JsonReader.java:433) ~[gson-2.10.jar%2372!/:?]
	at com.google.gson.internal.bind.TypeAdapters$28.read(TypeAdapters.java:769) ~[gson-2.10.jar%2372!/:?]
	at com.google.gson.internal.bind.TypeAdapters$28.read(TypeAdapters.java:725) ~[gson-2.10.jar%2372!/:?]
	at com.google.gson.internal.bind.TypeAdapters$34$1.read(TypeAdapters.java:1007) ~[gson-2.10.jar%2372!/:?]
	at net.minecraft.util.GsonHelper.m_13780_(GsonHelper.java:524) ~[server-1.20.1-20230612.114412-srg.jar%23420!/:?]
	... 13 more
[02Sep2026 01:02:01.471] [Worker-Main-1/ERROR] [net.minecraft.server.packs.resources.SimpleJsonResourceReloadListener/]: Couldn't parse data file efn:ruinfighter_helmet from efn:recipes/ruinfighter_helmet.json
com.google.gson.JsonParseException: java.io.EOFException: End of input at line 1 column 1 path $
	at net.minecraft.util.GsonHelper.m_13780_(GsonHelper.java:526) ~[server-1.20.1-20230612.114412-srg.jar%23420!/:?]
	at net.minecraft.util.GsonHelper.m_263475_(GsonHelper.java:531) ~[server-1.20.1-20230612.114412-srg.jar%23420!/:?]
	at net.minecraft.util.GsonHelper.m_13776_(GsonHelper.java:581) ~[server-1.20.1-20230612.114412-srg.jar%23420!/:?]
	at net.minecraft.server.packs.resources.SimpleJsonResourceReloadListener.m_278771_(SimpleJsonResourceReloadListener.java:41) ~[server-1.20.1-20230612.114412-srg.jar%23420!/:?]
	at net.minecraft.server.packs.resources.SimpleJsonResourceReloadListener.m_5944_(SimpleJsonResourceReloadListener.java:29) ~[server-1.20.1-20230612.114412-srg.jar%23420!/:?]
	at net.minecraft.server.packs.resources.SimpleJsonResourceReloadListener.m_5944_(SimpleJsonResourceReloadListener.java:17) ~[server-1.20.1-20230612.114412-srg.jar%23420!/:?]
	at net.minecraft.server.packs.resources.SimplePreparableReloadListener.m_10786_(SimplePreparableReloadListener.java:11) ~[server-1.20.1-20230612.114412-srg.jar%23420!/:?]
	at java.util.concurrent.CompletableFuture$AsyncSupply.run(CompletableFuture.java:1768) ~[?:?]
	at java.util.concurrent.CompletableFuture$AsyncSupply.exec(CompletableFuture.java:1760) ~[?:?]
	at java.util.concurrent.ForkJoinTask.doExec(ForkJoinTask.java:373) ~[?:?]
	at java.util.concurrent.ForkJoinPool$WorkQueue.topLevelExec(ForkJoinPool.java:1182) ~[?:?]
	at java.util.concurrent.ForkJoinPool.scan(ForkJoinPool.java:1655) ~[?:?]
	at java.util.concurrent.ForkJoinPool.runWorker(ForkJoinPool.java:1622) ~[?:?]
	at java.util.concurrent.ForkJoinWorkerThread.run(ForkJoinWorkerThread.java:165) ~[?:?]
Caused by: java.io.EOFException: End of input at line 1 column 1 path $
	at com.google.gson.stream.JsonReader.nextNonWhitespace(JsonReader.java:1455) ~[gson-2.10.jar%2372!/:?]
	at com.google.gson.stream.JsonReader.doPeek(JsonReader.java:558) ~[gson-2.10.jar%2372!/:?]
	at com.google.gson.stream.JsonReader.peek(JsonReader.java:433) ~[gson-2.10.jar%2372!/:?]
	at com.google.gson.internal.bind.TypeAdapters$28.read(TypeAdapters.java:769) ~[gson-2.10.jar%2372!/:?]
	at com.google.gson.internal.bind.TypeAdapters$28.read(TypeAdapters.java:725) ~[gson-2.10.jar%2372!/:?]
	at com.google.gson.internal.bind.TypeAdapters$34$1.read(TypeAdapters.java:1007) ~[gson-2.10.jar%2372!/:?]
	at net.minecraft.util.GsonHelper.m_13780_(GsonHelper.java:524) ~[server-1.20.1-20230612.114412-srg.jar%23420!/:?]
	... 13 more
[02Sep2026 01:02:01.474] [Worker-Main-1/ERROR] [net.minecraft.server.packs.resources.SimpleJsonResourceReloadListener/]: Couldn't parse data file efn:ruinfighter_leggings from efn:recipes/ruinfighter_leggings.json
com.google.gson.JsonParseException: java.io.EOFException: End of input at line 1 column 1 path $
	at net.minecraft.util.GsonHelper.m_13780_(GsonHelper.java:526) ~[server-1.20.1-20230612.114412-srg.jar%23420!/:?]
	at net.minecraft.util.GsonHelper.m_263475_(GsonHelper.java:531) ~[server-1.20.1-20230612.114412-srg.jar%23420!/:?]
	at net.minecraft.util.GsonHelper.m_13776_(GsonHelper.java:581) ~[server-1.20.1-20230612.114412-srg.jar%23420!/:?]
	at net.minecraft.server.packs.resources.SimpleJsonResourceReloadListener.m_278771_(SimpleJsonResourceReloadListener.java:41) ~[server-1.20.1-20230612.114412-srg.jar%23420!/:?]
	at net.minecraft.server.packs.resources.SimpleJsonResourceReloadListener.m_5944_(SimpleJsonResourceReloadListener.java:29) ~[server-1.20.1-20230612.114412-srg.jar%23420!/:?]
	at net.minecraft.server.packs.resources.SimpleJsonResourceReloadListener.m_5944_(SimpleJsonResourceReloadListener.java:17) ~[server-1.20.1-20230612.114412-srg.jar%23420!/:?]
	at net.minecraft.server.packs.resources.SimplePreparableReloadListener.m_10786_(SimplePreparableReloadListener.java:11) ~[server-1.20.1-20230612.114412-srg.jar%23420!/:?]
	at java.util.concurrent.CompletableFuture$AsyncSupply.run(CompletableFuture.java:1768) ~[?:?]
	at java.util.concurrent.CompletableFuture$AsyncSupply.exec(CompletableFuture.java:1760) ~[?:?]
	at java.util.concurrent.ForkJoinTask.doExec(ForkJoinTask.java:373) ~[?:?]
	at java.util.concurrent.ForkJoinPool$WorkQueue.topLevelExec(ForkJoinPool.java:1182) ~[?:?]
	at java.util.concurrent.ForkJoinPool.scan(ForkJoinPool.java:1655) ~[?:?]
	at java.util.concurrent.ForkJoinPool.runWorker(ForkJoinPool.java:1622) ~[?:?]
	at java.util.concurrent.ForkJoinWorkerThread.run(ForkJoinWorkerThread.java:165) ~[?:?]
Caused by: java.io.EOFException: End of input at line 1 column 1 path $
	at com.google.gson.stream.JsonReader.nextNonWhitespace(JsonReader.java:1455) ~[gson-2.10.jar%2372!/:?]
	at com.google.gson.stream.JsonReader.doPeek(JsonReader.java:558) ~[gson-2.10.jar%2372!/:?]
	at com.google.gson.stream.JsonReader.peek(JsonReader.java:433) ~[gson-2.10.jar%2372!/:?]
	at com.google.gson.internal.bind.TypeAdapters$28.read(TypeAdapters.java:769) ~[gson-2.10.jar%2372!/:?]
	at com.google.gson.internal.bind.TypeAdapters$28.read(TypeAdapters.java:725) ~[gson-2.10.jar%2372!/:?]
	at com.google.gson.internal.bind.TypeAdapters$34$1.read(TypeAdapters.java:1007) ~[gson-2.10.jar%2372!/:?]
	at net.minecraft.util.GsonHelper.m_13780_(GsonHelper.java:524) ~[server-1.20.1-20230612.114412-srg.jar%23420!/:?]
	... 13 more
[02Sep2026 01:02:01.475] [Worker-Main-1/ERROR] [net.minecraft.server.packs.resources.SimpleJsonResourceReloadListener/]: Couldn't parse data file efn:ruinsgreatsword from efn:recipes/ruinsgreatsword.json
com.google.gson.JsonParseException: java.io.EOFException: End of input at line 1 column 1 path $
	at net.minecraft.util.GsonHelper.m_13780_(GsonHelper.java:526) ~[server-1.20.1-20230612.114412-srg.jar%23420!/:?]
	at net.minecraft.util.GsonHelper.m_263475_(GsonHelper.java:531) ~[server-1.20.1-20230612.114412-srg.jar%23420!/:?]
	at net.minecraft.util.GsonHelper.m_13776_(GsonHelper.java:581) ~[server-1.20.1-20230612.114412-srg.jar%23420!/:?]
	at net.minecraft.server.packs.resources.SimpleJsonResourceReloadListener.m_278771_(SimpleJsonResourceReloadListener.java:41) ~[server-1.20.1-20230612.114412-srg.jar%23420!/:?]
	at net.minecraft.server.packs.resources.SimpleJsonResourceReloadListener.m_5944_(SimpleJsonResourceReloadListener.java:29) ~[server-1.20.1-20230612.114412-srg.jar%23420!/:?]
	at net.minecraft.server.packs.resources.SimpleJsonResourceReloadListener.m_5944_(SimpleJsonResourceReloadListener.java:17) ~[server-1.20.1-20230612.114412-srg.jar%23420!/:?]
	at net.minecraft.server.packs.resources.SimplePreparableReloadListener.m_10786_(SimplePreparableReloadListener.java:11) ~[server-1.20.1-20230612.114412-srg.jar%23420!/:?]
	at java.util.concurrent.CompletableFuture$AsyncSupply.run(CompletableFuture.java:1768) ~[?:?]
	at java.util.concurrent.CompletableFuture$AsyncSupply.exec(CompletableFuture.java:1760) ~[?:?]
	at java.util.concurrent.ForkJoinTask.doExec(ForkJoinTask.java:373) ~[?:?]
	at java.util.concurrent.ForkJoinPool$WorkQueue.topLevelExec(ForkJoinPool.java:1182) ~[?:?]
	at java.util.concurrent.ForkJoinPool.scan(ForkJoinPool.java:1655) ~[?:?]
	at java.util.concurrent.ForkJoinPool.runWorker(ForkJoinPool.java:1622) ~[?:?]
	at java.util.concurrent.ForkJoinWorkerThread.run(ForkJoinWorkerThread.java:165) ~[?:?]
Caused by: java.io.EOFException: End of input at line 1 column 1 path $
	at com.google.gson.stream.JsonReader.nextNonWhitespace(JsonReader.java:1455) ~[gson-2.10.jar%2372!/:?]
	at com.google.gson.stream.JsonReader.doPeek(JsonReader.java:558) ~[gson-2.10.jar%2372!/:?]
	at com.google.gson.stream.JsonReader.peek(JsonReader.java:433) ~[gson-2.10.jar%2372!/:?]
	at com.google.gson.internal.bind.TypeAdapters$28.read(TypeAdapters.java:769) ~[gson-2.10.jar%2372!/:?]
	at com.google.gson.internal.bind.TypeAdapters$28.read(TypeAdapters.java:725) ~[gson-2.10.jar%2372!/:?]
	at com.google.gson.internal.bind.TypeAdapters$34$1.read(TypeAdapters.java:1007) ~[gson-2.10.jar%2372!/:?]
	at net.minecraft.util.GsonHelper.m_13780_(GsonHelper.java:524) ~[server-1.20.1-20230612.114412-srg.jar%23420!/:?]
	... 13 more
[02Sep2026 01:02:01.478] [Worker-Main-1/ERROR] [net.minecraft.server.packs.resources.SimpleJsonResourceReloadListener/]: Couldn't parse data file irons_spellbooks:scroll_forge from irons_spellbooks:recipes/scroll_forge.json
com.google.gson.JsonParseException: java.io.EOFException: End of input at line 1 column 1 path $
	at net.minecraft.util.GsonHelper.m_13780_(GsonHelper.java:526) ~[server-1.20.1-20230612.114412-srg.jar%23420!/:?]
	at net.minecraft.util.GsonHelper.m_263475_(GsonHelper.java:531) ~[server-1.20.1-20230612.114412-srg.jar%23420!/:?]
	at net.minecraft.util.GsonHelper.m_13776_(GsonHelper.java:581) ~[server-1.20.1-20230612.114412-srg.jar%23420!/:?]
	at net.minecraft.server.packs.resources.SimpleJsonResourceReloadListener.m_278771_(SimpleJsonResourceReloadListener.java:41) ~[server-1.20.1-20230612.114412-srg.jar%23420!/:?]
	at net.minecraft.server.packs.resources.SimpleJsonResourceReloadListener.m_5944_(SimpleJsonResourceReloadListener.java:29) ~[server-1.20.1-20230612.114412-srg.jar%23420!/:?]
	at net.minecraft.server.packs.resources.SimpleJsonResourceReloadListener.m_5944_(SimpleJsonResourceReloadListener.java:17) ~[server-1.20.1-20230612.114412-srg.jar%23420!/:?]
	at net.minecraft.server.packs.resources.SimplePreparableReloadListener.m_10786_(SimplePreparableReloadListener.java:11) ~[server-1.20.1-20230612.114412-srg.jar%23420!/:?]
	at java.util.concurrent.CompletableFuture$AsyncSupply.run(CompletableFuture.java:1768) ~[?:?]
	at java.util.concurrent.CompletableFuture$AsyncSupply.exec(CompletableFuture.java:1760) ~[?:?]
	at java.util.concurrent.ForkJoinTask.doExec(ForkJoinTask.java:373) ~[?:?]
	at java.util.concurrent.ForkJoinPool$WorkQueue.topLevelExec(ForkJoinPool.java:1182) ~[?:?]
	at java.util.concurrent.ForkJoinPool.scan(ForkJoinPool.java:1655) ~[?:?]
	at java.util.concurrent.ForkJoinPool.runWorker(ForkJoinPool.java:1622) ~[?:?]
	at java.util.concurrent.ForkJoinWorkerThread.run(ForkJoinWorkerThread.java:165) ~[?:?]
Caused by: java.io.EOFException: End of input at line 1 column 1 path $
	at com.google.gson.stream.JsonReader.nextNonWhitespace(JsonReader.java:1455) ~[gson-2.10.jar%2372!/:?]
	at com.google.gson.stream.JsonReader.doPeek(JsonReader.java:558) ~[gson-2.10.jar%2372!/:?]
	at com.google.gson.stream.JsonReader.peek(JsonReader.java:433) ~[gson-2.10.jar%2372!/:?]
	at com.google.gson.internal.bind.TypeAdapters$28.read(TypeAdapters.java:769) ~[gson-2.10.jar%2372!/:?]
	at com.google.gson.internal.bind.TypeAdapters$28.read(TypeAdapters.java:725) ~[gson-2.10.jar%2372!/:?]
	at com.google.gson.internal.bind.TypeAdapters$34$1.read(TypeAdapters.java:1007) ~[gson-2.10.jar%2372!/:?]
	at net.minecraft.util.GsonHelper.m_13780_(GsonHelper.java:524) ~[server-1.20.1-20230612.114412-srg.jar%23420!/:?]
	... 13 more
[02Sep2026 01:02:01.482] [Worker-Main-1/ERROR] [net.minecraft.server.packs.resources.SimpleJsonResourceReloadListener/]: Couldn't parse data file aether:skyroot_smithing_table from aether:recipes/skyroot_smithing_table.json
com.google.gson.JsonParseException: java.io.EOFException: End of input at line 1 column 1 path $
	at net.minecraft.util.GsonHelper.m_13780_(GsonHelper.java:526) ~[server-1.20.1-20230612.114412-srg.jar%23420!/:?]
	at net.minecraft.util.GsonHelper.m_263475_(GsonHelper.java:531) ~[server-1.20.1-20230612.114412-srg.jar%23420!/:?]
	at net.minecraft.util.GsonHelper.m_13776_(GsonHelper.java:581) ~[server-1.20.1-20230612.114412-srg.jar%23420!/:?]
	at net.minecraft.server.packs.resources.SimpleJsonResourceReloadListener.m_278771_(SimpleJsonResourceReloadListener.java:41) ~[server-1.20.1-20230612.114412-srg.jar%23420!/:?]
	at net.minecraft.server.packs.resources.SimpleJsonResourceReloadListener.m_5944_(SimpleJsonResourceReloadListener.java:29) ~[server-1.20.1-20230612.114412-srg.jar%23420!/:?]
	at net.minecraft.server.packs.resources.SimpleJsonResourceReloadListener.m_5944_(SimpleJsonResourceReloadListener.java:17) ~[server-1.20.1-20230612.114412-srg.jar%23420!/:?]
	at net.minecraft.server.packs.resources.SimplePreparableReloadListener.m_10786_(SimplePreparableReloadListener.java:11) ~[server-1.20.1-20230612.114412-srg.jar%23420!/:?]
	at java.util.concurrent.CompletableFuture$AsyncSupply.run(CompletableFuture.java:1768) ~[?:?]
	at java.util.concurrent.CompletableFuture$AsyncSupply.exec(CompletableFuture.java:1760) ~[?:?]
	at java.util.concurrent.ForkJoinTask.doExec(ForkJoinTask.java:373) ~[?:?]
	at java.util.concurrent.ForkJoinPool$WorkQueue.topLevelExec(ForkJoinPool.java:1182) ~[?:?]
	at java.util.concurrent.ForkJoinPool.scan(ForkJoinPool.java:1655) ~[?:?]
	at java.util.concurrent.ForkJoinPool.runWorker(ForkJoinPool.java:1622) ~[?:?]
	at java.util.concurrent.ForkJoinWorkerThread.run(ForkJoinWorkerThread.java:165) ~[?:?]
Caused by: java.io.EOFException: End of input at line 1 column 1 path $
	at com.google.gson.stream.JsonReader.nextNonWhitespace(JsonReader.java:1455) ~[gson-2.10.jar%2372!/:?]
	at com.google.gson.stream.JsonReader.doPeek(JsonReader.java:558) ~[gson-2.10.jar%2372!/:?]
	at com.google.gson.stream.JsonReader.peek(JsonReader.java:433) ~[gson-2.10.jar%2372!/:?]
	at com.google.gson.internal.bind.TypeAdapters$28.read(TypeAdapters.java:769) ~[gson-2.10.jar%2372!/:?]
	at com.google.gson.internal.bind.TypeAdapters$28.read(TypeAdapters.java:725) ~[gson-2.10.jar%2372!/:?]
	at com.google.gson.internal.bind.TypeAdapters$34$1.read(TypeAdapters.java:1007) ~[gson-2.10.jar%2372!/:?]
	at net.minecraft.util.GsonHelper.m_13780_(GsonHelper.java:524) ~[server-1.20.1-20230612.114412-srg.jar%23420!/:?]
	... 13 more
[02Sep2026 01:02:01.485] [Worker-Main-1/ERROR] [net.minecraft.server.packs.resources.SimpleJsonResourceReloadListener/]: Couldn't parse data file efn:smithing/nf_shortsword_2 from efn:recipes/smithing/nf_shortsword_2.json
com.google.gson.JsonParseException: java.io.EOFException: End of input at line 1 column 1 path $
	at net.minecraft.util.GsonHelper.m_13780_(GsonHelper.java:526) ~[server-1.20.1-20230612.114412-srg.jar%23420!/:?]
	at net.minecraft.util.GsonHelper.m_263475_(GsonHelper.java:531) ~[server-1.20.1-20230612.114412-srg.jar%23420!/:?]
	at net.minecraft.util.GsonHelper.m_13776_(GsonHelper.java:581) ~[server-1.20.1-20230612.114412-srg.jar%23420!/:?]
	at net.minecraft.server.packs.resources.SimpleJsonResourceReloadListener.m_278771_(SimpleJsonResourceReloadListener.java:41) ~[server-1.20.1-20230612.114412-srg.jar%23420!/:?]
	at net.minecraft.server.packs.resources.SimpleJsonResourceReloadListener.m_5944_(SimpleJsonResourceReloadListener.java:29) ~[server-1.20.1-20230612.114412-srg.jar%23420!/:?]
	at net.minecraft.server.packs.resources.SimpleJsonResourceReloadListener.m_5944_(SimpleJsonResourceReloadListener.java:17) ~[server-1.20.1-20230612.114412-srg.jar%23420!/:?]
	at net.minecraft.server.packs.resources.SimplePreparableReloadListener.m_10786_(SimplePreparableReloadListener.java:11) ~[server-1.20.1-20230612.114412-srg.jar%23420!/:?]
	at java.util.concurrent.CompletableFuture$AsyncSupply.run(CompletableFuture.java:1768) ~[?:?]
	at java.util.concurrent.CompletableFuture$AsyncSupply.exec(CompletableFuture.java:1760) ~[?:?]
	at java.util.concurrent.ForkJoinTask.doExec(ForkJoinTask.java:373) ~[?:?]
	at java.util.concurrent.ForkJoinPool$WorkQueue.topLevelExec(ForkJoinPool.java:1182) ~[?:?]
	at java.util.concurrent.ForkJoinPool.scan(ForkJoinPool.java:1655) ~[?:?]
	at java.util.concurrent.ForkJoinPool.runWorker(ForkJoinPool.java:1622) ~[?:?]
	at java.util.concurrent.ForkJoinWorkerThread.run(ForkJoinWorkerThread.java:165) ~[?:?]
Caused by: java.io.EOFException: End of input at line 1 column 1 path $
	at com.google.gson.stream.JsonReader.nextNonWhitespace(JsonReader.java:1455) ~[gson-2.10.jar%2372!/:?]
	at com.google.gson.stream.JsonReader.doPeek(JsonReader.java:558) ~[gson-2.10.jar%2372!/:?]
	at com.google.gson.stream.JsonReader.peek(JsonReader.java:433) ~[gson-2.10.jar%2372!/:?]
	at com.google.gson.internal.bind.TypeAdapters$28.read(TypeAdapters.java:769) ~[gson-2.10.jar%2372!/:?]
	at com.google.gson.internal.bind.TypeAdapters$28.read(TypeAdapters.java:725) ~[gson-2.10.jar%2372!/:?]
	at com.google.gson.internal.bind.TypeAdapters$34$1.read(TypeAdapters.java:1007) ~[gson-2.10.jar%2372!/:?]
	at net.minecraft.util.GsonHelper.m_13780_(GsonHelper.java:524) ~[server-1.20.1-20230612.114412-srg.jar%23420!/:?]
	... 13 more
[02Sep2026 01:02:01.488] [Worker-Main-1/ERROR] [net.minecraft.server.packs.resources.SimpleJsonResourceReloadListener/]: Couldn't parse data file cataclysm:soul_render from cataclysm:recipes/soul_render.json
com.google.gson.JsonParseException: java.io.EOFException: End of input at line 1 column 1 path $
	at net.minecraft.util.GsonHelper.m_13780_(GsonHelper.java:526) ~[server-1.20.1-20230612.114412-srg.jar%23420!/:?]
	at net.minecraft.util.GsonHelper.m_263475_(GsonHelper.java:531) ~[server-1.20.1-20230612.114412-srg.jar%23420!/:?]
	at net.minecraft.util.GsonHelper.m_13776_(GsonHelper.java:581) ~[server-1.20.1-20230612.114412-srg.jar%23420!/:?]
	at net.minecraft.server.packs.resources.SimpleJsonResourceReloadListener.m_278771_(SimpleJsonResourceReloadListener.java:41) ~[server-1.20.1-20230612.114412-srg.jar%23420!/:?]
	at net.minecraft.server.packs.resources.SimpleJsonResourceReloadListener.m_5944_(SimpleJsonResourceReloadListener.java:29) ~[server-1.20.1-20230612.114412-srg.jar%23420!/:?]
	at net.minecraft.server.packs.resources.SimpleJsonResourceReloadListener.m_5944_(SimpleJsonResourceReloadListener.java:17) ~[server-1.20.1-20230612.114412-srg.jar%23420!/:?]
	at net.minecraft.server.packs.resources.SimplePreparableReloadListener.m_10786_(SimplePreparableReloadListener.java:11) ~[server-1.20.1-20230612.114412-srg.jar%23420!/:?]
	at java.util.concurrent.CompletableFuture$AsyncSupply.run(CompletableFuture.java:1768) ~[?:?]
	at java.util.concurrent.CompletableFuture$AsyncSupply.exec(CompletableFuture.java:1760) ~[?:?]
	at java.util.concurrent.ForkJoinTask.doExec(ForkJoinTask.java:373) ~[?:?]
	at java.util.concurrent.ForkJoinPool$WorkQueue.topLevelExec(ForkJoinPool.java:1182) ~[?:?]
	at java.util.concurrent.ForkJoinPool.scan(ForkJoinPool.java:1655) ~[?:?]
	at java.util.concurrent.ForkJoinPool.runWorker(ForkJoinPool.java:1622) ~[?:?]
	at java.util.concurrent.ForkJoinWorkerThread.run(ForkJoinWorkerThread.java:165) ~[?:?]
Caused by: java.io.EOFException: End of input at line 1 column 1 path $
	at com.google.gson.stream.JsonReader.nextNonWhitespace(JsonReader.java:1455) ~[gson-2.10.jar%2372!/:?]
	at com.google.gson.stream.JsonReader.doPeek(JsonReader.java:558) ~[gson-2.10.jar%2372!/:?]
	at com.google.gson.stream.JsonReader.peek(JsonReader.java:433) ~[gson-2.10.jar%2372!/:?]
	at com.google.gson.internal.bind.TypeAdapters$28.read(TypeAdapters.java:769) ~[gson-2.10.jar%2372!/:?]
	at com.google.gson.internal.bind.TypeAdapters$28.read(TypeAdapters.java:725) ~[gson-2.10.jar%2372!/:?]
	at com.google.gson.internal.bind.TypeAdapters$34$1.read(TypeAdapters.java:1007) ~[gson-2.10.jar%2372!/:?]
	at net.minecraft.util.GsonHelper.m_13780_(GsonHelper.java:524) ~[server-1.20.1-20230612.114412-srg.jar%23420!/:?]
	... 13 more
[02Sep2026 01:02:01.491] [Worker-Main-1/ERROR] [net.minecraft.server.packs.resources.SimpleJsonResourceReloadListener/]: Couldn't parse data file irons_spellbooks:spellbreaker from irons_spellbooks:recipes/spellbreaker.json
com.google.gson.JsonParseException: java.io.EOFException: End of input at line 1 column 1 path $
	at net.minecraft.util.GsonHelper.m_13780_(GsonHelper.java:526) ~[server-1.20.1-20230612.114412-srg.jar%23420!/:?]
	at net.minecraft.util.GsonHelper.m_263475_(GsonHelper.java:531) ~[server-1.20.1-20230612.114412-srg.jar%23420!/:?]
	at net.minecraft.util.GsonHelper.m_13776_(GsonHelper.java:581) ~[server-1.20.1-20230612.114412-srg.jar%23420!/:?]
	at net.minecraft.server.packs.resources.SimpleJsonResourceReloadListener.m_278771_(SimpleJsonResourceReloadListener.java:41) ~[server-1.20.1-20230612.114412-srg.jar%23420!/:?]
	at net.minecraft.server.packs.resources.SimpleJsonResourceReloadListener.m_5944_(SimpleJsonResourceReloadListener.java:29) ~[server-1.20.1-20230612.114412-srg.jar%23420!/:?]
	at net.minecraft.server.packs.resources.SimpleJsonResourceReloadListener.m_5944_(SimpleJsonResourceReloadListener.java:17) ~[server-1.20.1-20230612.114412-srg.jar%23420!/:?]
	at net.minecraft.server.packs.resources.SimplePreparableReloadListener.m_10786_(SimplePreparableReloadListener.java:11) ~[server-1.20.1-20230612.114412-srg.jar%23420!/:?]
	at java.util.concurrent.CompletableFuture$AsyncSupply.run(CompletableFuture.java:1768) ~[?:?]
	at java.util.concurrent.CompletableFuture$AsyncSupply.exec(CompletableFuture.java:1760) ~[?:?]
	at java.util.concurrent.ForkJoinTask.doExec(ForkJoinTask.java:373) ~[?:?]
	at java.util.concurrent.ForkJoinPool$WorkQueue.topLevelExec(ForkJoinPool.java:1182) ~[?:?]
	at java.util.concurrent.ForkJoinPool.scan(ForkJoinPool.java:1655) ~[?:?]
	at java.util.concurrent.ForkJoinPool.runWorker(ForkJoinPool.java:1622) ~[?:?]
	at java.util.concurrent.ForkJoinWorkerThread.run(ForkJoinWorkerThread.java:165) ~[?:?]
Caused by: java.io.EOFException: End of input at line 1 column 1 path $
	at com.google.gson.stream.JsonReader.nextNonWhitespace(JsonReader.java:1455) ~[gson-2.10.jar%2372!/:?]
	at com.google.gson.stream.JsonReader.doPeek(JsonReader.java:558) ~[gson-2.10.jar%2372!/:?]
	at com.google.gson.stream.JsonReader.peek(JsonReader.java:433) ~[gson-2.10.jar%2372!/:?]
	at com.google.gson.internal.bind.TypeAdapters$28.read(TypeAdapters.java:769) ~[gson-2.10.jar%2372!/:?]
	at com.google.gson.internal.bind.TypeAdapters$28.read(TypeAdapters.java:725) ~[gson-2.10.jar%2372!/:?]
	at com.google.gson.internal.bind.TypeAdapters$34$1.read(TypeAdapters.java:1007) ~[gson-2.10.jar%2372!/:?]
	at net.minecraft.util.GsonHelper.m_13780_(GsonHelper.java:524) ~[server-1.20.1-20230612.114412-srg.jar%23420!/:?]
	... 13 more
[02Sep2026 01:02:01.503] [Worker-Main-1/ERROR] [net.minecraft.server.packs.resources.SimpleJsonResourceReloadListener/]: Couldn't parse data file efn:sword_of_pioneer from efn:recipes/sword_of_pioneer.json
com.google.gson.JsonParseException: java.io.EOFException: End of input at line 1 column 1 path $
	at net.minecraft.util.GsonHelper.m_13780_(GsonHelper.java:526) ~[server-1.20.1-20230612.114412-srg.jar%23420!/:?]
	at net.minecraft.util.GsonHelper.m_263475_(GsonHelper.java:531) ~[server-1.20.1-20230612.114412-srg.jar%23420!/:?]
	at net.minecraft.util.GsonHelper.m_13776_(GsonHelper.java:581) ~[server-1.20.1-20230612.114412-srg.jar%23420!/:?]
	at net.minecraft.server.packs.resources.SimpleJsonResourceReloadListener.m_278771_(SimpleJsonResourceReloadListener.java:41) ~[server-1.20.1-20230612.114412-srg.jar%23420!/:?]
	at net.minecraft.server.packs.resources.SimpleJsonResourceReloadListener.m_5944_(SimpleJsonResourceReloadListener.java:29) ~[server-1.20.1-20230612.114412-srg.jar%23420!/:?]
	at net.minecraft.server.packs.resources.SimpleJsonResourceReloadListener.m_5944_(SimpleJsonResourceReloadListener.java:17) ~[server-1.20.1-20230612.114412-srg.jar%23420!/:?]
	at net.minecraft.server.packs.resources.SimplePreparableReloadListener.m_10786_(SimplePreparableReloadListener.java:11) ~[server-1.20.1-20230612.114412-srg.jar%23420!/:?]
	at java.util.concurrent.CompletableFuture$AsyncSupply.run(CompletableFuture.java:1768) ~[?:?]
	at java.util.concurrent.CompletableFuture$AsyncSupply.exec(CompletableFuture.java:1760) ~[?:?]
	at java.util.concurrent.ForkJoinTask.doExec(ForkJoinTask.java:373) ~[?:?]
	at java.util.concurrent.ForkJoinPool$WorkQueue.topLevelExec(ForkJoinPool.java:1182) ~[?:?]
	at java.util.concurrent.ForkJoinPool.scan(ForkJoinPool.java:1655) ~[?:?]
	at java.util.concurrent.ForkJoinPool.runWorker(ForkJoinPool.java:1622) ~[?:?]
	at java.util.concurrent.ForkJoinWorkerThread.run(ForkJoinWorkerThread.java:165) ~[?:?]
Caused by: java.io.EOFException: End of input at line 1 column 1 path $
	at com.google.gson.stream.JsonReader.nextNonWhitespace(JsonReader.java:1455) ~[gson-2.10.jar%2372!/:?]
	at com.google.gson.stream.JsonReader.doPeek(JsonReader.java:558) ~[gson-2.10.jar%2372!/:?]
	at com.google.gson.stream.JsonReader.peek(JsonReader.java:433) ~[gson-2.10.jar%2372!/:?]
	at com.google.gson.internal.bind.TypeAdapters$28.read(TypeAdapters.java:769) ~[gson-2.10.jar%2372!/:?]
	at com.google.gson.internal.bind.TypeAdapters$28.read(TypeAdapters.java:725) ~[gson-2.10.jar%2372!/:?]
	at com.google.gson.internal.bind.TypeAdapters$34$1.read(TypeAdapters.java:1007) ~[gson-2.10.jar%2372!/:?]
	at net.minecraft.util.GsonHelper.m_13780_(GsonHelper.java:524) ~[server-1.20.1-20230612.114412-srg.jar%23420!/:?]
	... 13 more
[02Sep2026 01:02:01.506] [Worker-Main-1/ERROR] [net.minecraft.server.packs.resources.SimpleJsonResourceReloadListener/]: Couldn't parse data file fromtheshadows:thirst_for_blood from fromtheshadows:recipes/thirst_for_blood.json
com.google.gson.JsonParseException: java.io.EOFException: End of input at line 1 column 1 path $
	at net.minecraft.util.GsonHelper.m_13780_(GsonHelper.java:526) ~[server-1.20.1-20230612.114412-srg.jar%23420!/:?]
	at net.minecraft.util.GsonHelper.m_263475_(GsonHelper.java:531) ~[server-1.20.1-20230612.114412-srg.jar%23420!/:?]
	at net.minecraft.util.GsonHelper.m_13776_(GsonHelper.java:581) ~[server-1.20.1-20230612.114412-srg.jar%23420!/:?]
	at net.minecraft.server.packs.resources.SimpleJsonResourceReloadListener.m_278771_(SimpleJsonResourceReloadListener.java:41) ~[server-1.20.1-20230612.114412-srg.jar%23420!/:?]
	at net.minecraft.server.packs.resources.SimpleJsonResourceReloadListener.m_5944_(SimpleJsonResourceReloadListener.java:29) ~[server-1.20.1-20230612.114412-srg.jar%23420!/:?]
	at net.minecraft.server.packs.resources.SimpleJsonResourceReloadListener.m_5944_(SimpleJsonResourceReloadListener.java:17) ~[server-1.20.1-20230612.114412-srg.jar%23420!/:?]
	at net.minecraft.server.packs.resources.SimplePreparableReloadListener.m_10786_(SimplePreparableReloadListener.java:11) ~[server-1.20.1-20230612.114412-srg.jar%23420!/:?]
	at java.util.concurrent.CompletableFuture$AsyncSupply.run(CompletableFuture.java:1768) ~[?:?]
	at java.util.concurrent.CompletableFuture$AsyncSupply.exec(CompletableFuture.java:1760) ~[?:?]
	at java.util.concurrent.ForkJoinTask.doExec(ForkJoinTask.java:373) ~[?:?]
	at java.util.concurrent.ForkJoinPool$WorkQueue.topLevelExec(ForkJoinPool.java:1182) ~[?:?]
	at java.util.concurrent.ForkJoinPool.scan(ForkJoinPool.java:1655) ~[?:?]
	at java.util.concurrent.ForkJoinPool.runWorker(ForkJoinPool.java:1622) ~[?:?]
	at java.util.concurrent.ForkJoinWorkerThread.run(ForkJoinWorkerThread.java:165) ~[?:?]
Caused by: java.io.EOFException: End of input at line 1 column 1 path $
	at com.google.gson.stream.JsonReader.nextNonWhitespace(JsonReader.java:1455) ~[gson-2.10.jar%2372!/:?]
	at com.google.gson.stream.JsonReader.doPeek(JsonReader.java:558) ~[gson-2.10.jar%2372!/:?]
	at com.google.gson.stream.JsonReader.peek(JsonReader.java:433) ~[gson-2.10.jar%2372!/:?]
	at com.google.gson.internal.bind.TypeAdapters$28.read(TypeAdapters.java:769) ~[gson-2.10.jar%2372!/:?]
	at com.google.gson.internal.bind.TypeAdapters$28.read(TypeAdapters.java:725) ~[gson-2.10.jar%2372!/:?]
	at com.google.gson.internal.bind.TypeAdapters$34$1.read(TypeAdapters.java:1007) ~[gson-2.10.jar%2372!/:?]
	at net.minecraft.util.GsonHelper.m_13780_(GsonHelper.java:524) ~[server-1.20.1-20230612.114412-srg.jar%23420!/:?]
	... 13 more
[02Sep2026 01:02:01.521] [Worker-Main-1/ERROR] [net.minecraft.server.packs.resources.SimpleJsonResourceReloadListener/]: Couldn't parse data file irons_spellbooks:twilight_gale from irons_spellbooks:recipes/twilight_gale.json
com.google.gson.JsonParseException: java.io.EOFException: End of input at line 1 column 1 path $
	at net.minecraft.util.GsonHelper.m_13780_(GsonHelper.java:526) ~[server-1.20.1-20230612.114412-srg.jar%23420!/:?]
	at net.minecraft.util.GsonHelper.m_263475_(GsonHelper.java:531) ~[server-1.20.1-20230612.114412-srg.jar%23420!/:?]
	at net.minecraft.util.GsonHelper.m_13776_(GsonHelper.java:581) ~[server-1.20.1-20230612.114412-srg.jar%23420!/:?]
	at net.minecraft.server.packs.resources.SimpleJsonResourceReloadListener.m_278771_(SimpleJsonResourceReloadListener.java:41) ~[server-1.20.1-20230612.114412-srg.jar%23420!/:?]
	at net.minecraft.server.packs.resources.SimpleJsonResourceReloadListener.m_5944_(SimpleJsonResourceReloadListener.java:29) ~[server-1.20.1-20230612.114412-srg.jar%23420!/:?]
	at net.minecraft.server.packs.resources.SimpleJsonResourceReloadListener.m_5944_(SimpleJsonResourceReloadListener.java:17) ~[server-1.20.1-20230612.114412-srg.jar%23420!/:?]
	at net.minecraft.server.packs.resources.SimplePreparableReloadListener.m_10786_(SimplePreparableReloadListener.java:11) ~[server-1.20.1-20230612.114412-srg.jar%23420!/:?]
	at java.util.concurrent.CompletableFuture$AsyncSupply.run(CompletableFuture.java:1768) ~[?:?]
	at java.util.concurrent.CompletableFuture$AsyncSupply.exec(CompletableFuture.java:1760) ~[?:?]
	at java.util.concurrent.ForkJoinTask.doExec(ForkJoinTask.java:373) ~[?:?]
	at java.util.concurrent.ForkJoinPool$WorkQueue.topLevelExec(ForkJoinPool.java:1182) ~[?:?]
	at java.util.concurrent.ForkJoinPool.scan(ForkJoinPool.java:1655) ~[?:?]
	at java.util.concurrent.ForkJoinPool.runWorker(ForkJoinPool.java:1622) ~[?:?]
	at java.util.concurrent.ForkJoinWorkerThread.run(ForkJoinWorkerThread.java:165) ~[?:?]
Caused by: java.io.EOFException: End of input at line 1 column 1 path $
	at com.google.gson.stream.JsonReader.nextNonWhitespace(JsonReader.java:1455) ~[gson-2.10.jar%2372!/:?]
	at com.google.gson.stream.JsonReader.doPeek(JsonReader.java:558) ~[gson-2.10.jar%2372!/:?]
	at com.google.gson.stream.JsonReader.peek(JsonReader.java:433) ~[gson-2.10.jar%2372!/:?]
	at com.google.gson.internal.bind.TypeAdapters$28.read(TypeAdapters.java:769) ~[gson-2.10.jar%2372!/:?]
	at com.google.gson.internal.bind.TypeAdapters$28.read(TypeAdapters.java:725) ~[gson-2.10.jar%2372!/:?]
	at com.google.gson.internal.bind.TypeAdapters$34$1.read(TypeAdapters.java:1007) ~[gson-2.10.jar%2372!/:?]
	at net.minecraft.util.GsonHelper.m_13780_(GsonHelper.java:524) ~[server-1.20.1-20230612.114412-srg.jar%23420!/:?]
	... 13 more
[02Sep2026 01:02:01.522] [Worker-Main-1/ERROR] [net.minecraft.server.packs.resources.SimpleJsonResourceReloadListener/]: Couldn't parse data file cataclysm_spellbooks:void_staff from cataclysm_spellbooks:recipes/void_staff.json
com.google.gson.JsonParseException: java.io.EOFException: End of input at line 1 column 1 path $
	at net.minecraft.util.GsonHelper.m_13780_(GsonHelper.java:526) ~[server-1.20.1-20230612.114412-srg.jar%23420!/:?]
	at net.minecraft.util.GsonHelper.m_263475_(GsonHelper.java:531) ~[server-1.20.1-20230612.114412-srg.jar%23420!/:?]
	at net.minecraft.util.GsonHelper.m_13776_(GsonHelper.java:581) ~[server-1.20.1-20230612.114412-srg.jar%23420!/:?]
	at net.minecraft.server.packs.resources.SimpleJsonResourceReloadListener.m_278771_(SimpleJsonResourceReloadListener.java:41) ~[server-1.20.1-20230612.114412-srg.jar%23420!/:?]
	at net.minecraft.server.packs.resources.SimpleJsonResourceReloadListener.m_5944_(SimpleJsonResourceReloadListener.java:29) ~[server-1.20.1-20230612.114412-srg.jar%23420!/:?]
	at net.minecraft.server.packs.resources.SimpleJsonResourceReloadListener.m_5944_(SimpleJsonResourceReloadListener.java:17) ~[server-1.20.1-20230612.114412-srg.jar%23420!/:?]
	at net.minecraft.server.packs.resources.SimplePreparableReloadListener.m_10786_(SimplePreparableReloadListener.java:11) ~[server-1.20.1-20230612.114412-srg.jar%23420!/:?]
	at java.util.concurrent.CompletableFuture$AsyncSupply.run(CompletableFuture.java:1768) ~[?:?]
	at java.util.concurrent.CompletableFuture$AsyncSupply.exec(CompletableFuture.java:1760) ~[?:?]
	at java.util.concurrent.ForkJoinTask.doExec(ForkJoinTask.java:373) ~[?:?]
	at java.util.concurrent.ForkJoinPool$WorkQueue.topLevelExec(ForkJoinPool.java:1182) ~[?:?]
	at java.util.concurrent.ForkJoinPool.scan(ForkJoinPool.java:1655) ~[?:?]
	at java.util.concurrent.ForkJoinPool.runWorker(ForkJoinPool.java:1622) ~[?:?]
	at java.util.concurrent.ForkJoinWorkerThread.run(ForkJoinWorkerThread.java:165) ~[?:?]
Caused by: java.io.EOFException: End of input at line 1 column 1 path $
	at com.google.gson.stream.JsonReader.nextNonWhitespace(JsonReader.java:1455) ~[gson-2.10.jar%2372!/:?]
	at com.google.gson.stream.JsonReader.doPeek(JsonReader.java:558) ~[gson-2.10.jar%2372!/:?]
	at com.google.gson.stream.JsonReader.peek(JsonReader.java:433) ~[gson-2.10.jar%2372!/:?]
	at com.google.gson.internal.bind.TypeAdapters$28.read(TypeAdapters.java:769) ~[gson-2.10.jar%2372!/:?]
	at com.google.gson.internal.bind.TypeAdapters$28.read(TypeAdapters.java:725) ~[gson-2.10.jar%2372!/:?]
	at com.google.gson.internal.bind.TypeAdapters$34$1.read(TypeAdapters.java:1007) ~[gson-2.10.jar%2372!/:?]
	at net.minecraft.util.GsonHelper.m_13780_(GsonHelper.java:524) ~[server-1.20.1-20230612.114412-srg.jar%23420!/:?]
	... 13 more
[02Sep2026 01:02:01.526] [Worker-Main-1/ERROR] [net.minecraft.server.packs.resources.SimpleJsonResourceReloadListener/]: Couldn't parse data file cataclysm:weapon_infusion/gauntlet_of_bulwark from cataclysm:recipes/weapon_infusion/gauntlet_of_bulwark.json
com.google.gson.JsonParseException: java.io.EOFException: End of input at line 1 column 1 path $
	at net.minecraft.util.GsonHelper.m_13780_(GsonHelper.java:526) ~[server-1.20.1-20230612.114412-srg.jar%23420!/:?]
	at net.minecraft.util.GsonHelper.m_263475_(GsonHelper.java:531) ~[server-1.20.1-20230612.114412-srg.jar%23420!/:?]
	at net.minecraft.util.GsonHelper.m_13776_(GsonHelper.java:581) ~[server-1.20.1-20230612.114412-srg.jar%23420!/:?]
	at net.minecraft.server.packs.resources.SimpleJsonResourceReloadListener.m_278771_(SimpleJsonResourceReloadListener.java:41) ~[server-1.20.1-20230612.114412-srg.jar%23420!/:?]
	at net.minecraft.server.packs.resources.SimpleJsonResourceReloadListener.m_5944_(SimpleJsonResourceReloadListener.java:29) ~[server-1.20.1-20230612.114412-srg.jar%23420!/:?]
	at net.minecraft.server.packs.resources.SimpleJsonResourceReloadListener.m_5944_(SimpleJsonResourceReloadListener.java:17) ~[server-1.20.1-20230612.114412-srg.jar%23420!/:?]
	at net.minecraft.server.packs.resources.SimplePreparableReloadListener.m_10786_(SimplePreparableReloadListener.java:11) ~[server-1.20.1-20230612.114412-srg.jar%23420!/:?]
	at java.util.concurrent.CompletableFuture$AsyncSupply.run(CompletableFuture.java:1768) ~[?:?]
	at java.util.concurrent.CompletableFuture$AsyncSupply.exec(CompletableFuture.java:1760) ~[?:?]
	at java.util.concurrent.ForkJoinTask.doExec(ForkJoinTask.java:373) ~[?:?]
	at java.util.concurrent.ForkJoinPool$WorkQueue.topLevelExec(ForkJoinPool.java:1182) ~[?:?]
	at java.util.concurrent.ForkJoinPool.scan(ForkJoinPool.java:1655) ~[?:?]
	at java.util.concurrent.ForkJoinPool.runWorker(ForkJoinPool.java:1622) ~[?:?]
	at java.util.concurrent.ForkJoinWorkerThread.run(ForkJoinWorkerThread.java:165) ~[?:?]
Caused by: java.io.EOFException: End of input at line 1 column 1 path $
	at com.google.gson.stream.JsonReader.nextNonWhitespace(JsonReader.java:1455) ~[gson-2.10.jar%2372!/:?]
	at com.google.gson.stream.JsonReader.doPeek(JsonReader.java:558) ~[gson-2.10.jar%2372!/:?]
	at com.google.gson.stream.JsonReader.peek(JsonReader.java:433) ~[gson-2.10.jar%2372!/:?]
	at com.google.gson.internal.bind.TypeAdapters$28.read(TypeAdapters.java:769) ~[gson-2.10.jar%2372!/:?]
	at com.google.gson.internal.bind.TypeAdapters$28.read(TypeAdapters.java:725) ~[gson-2.10.jar%2372!/:?]
	at com.google.gson.internal.bind.TypeAdapters$34$1.read(TypeAdapters.java:1007) ~[gson-2.10.jar%2372!/:?]
	at net.minecraft.util.GsonHelper.m_13780_(GsonHelper.java:524) ~[server-1.20.1-20230612.114412-srg.jar%23420!/:?]
	... 13 more
[02Sep2026 01:02:01.527] [Worker-Main-1/ERROR] [net.minecraft.server.packs.resources.SimpleJsonResourceReloadListener/]: Couldn't parse data file cataclysm:weapon_infusion/gauntlet_of_maelstrom from cataclysm:recipes/weapon_infusion/gauntlet_of_maelstrom.json
com.google.gson.JsonParseException: java.io.EOFException: End of input at line 1 column 1 path $
	at net.minecraft.util.GsonHelper.m_13780_(GsonHelper.java:526) ~[server-1.20.1-20230612.114412-srg.jar%23420!/:?]
	at net.minecraft.util.GsonHelper.m_263475_(GsonHelper.java:531) ~[server-1.20.1-20230612.114412-srg.jar%23420!/:?]
	at net.minecraft.util.GsonHelper.m_13776_(GsonHelper.java:581) ~[server-1.20.1-20230612.114412-srg.jar%23420!/:?]
	at net.minecraft.server.packs.resources.SimpleJsonResourceReloadListener.m_278771_(SimpleJsonResourceReloadListener.java:41) ~[server-1.20.1-20230612.114412-srg.jar%23420!/:?]
	at net.minecraft.server.packs.resources.SimpleJsonResourceReloadListener.m_5944_(SimpleJsonResourceReloadListener.java:29) ~[server-1.20.1-20230612.114412-srg.jar%23420!/:?]
	at net.minecraft.server.packs.resources.SimpleJsonResourceReloadListener.m_5944_(SimpleJsonResourceReloadListener.java:17) ~[server-1.20.1-20230612.114412-srg.jar%23420!/:?]
	at net.minecraft.server.packs.resources.SimplePreparableReloadListener.m_10786_(SimplePreparableReloadListener.java:11) ~[server-1.20.1-20230612.114412-srg.jar%23420!/:?]
	at java.util.concurrent.CompletableFuture$AsyncSupply.run(CompletableFuture.java:1768) ~[?:?]
	at java.util.concurrent.CompletableFuture$AsyncSupply.exec(CompletableFuture.java:1760) ~[?:?]
	at java.util.concurrent.ForkJoinTask.doExec(ForkJoinTask.java:373) ~[?:?]
	at java.util.concurrent.ForkJoinPool$WorkQueue.topLevelExec(ForkJoinPool.java:1182) ~[?:?]
	at java.util.concurrent.ForkJoinPool.scan(ForkJoinPool.java:1655) ~[?:?]
	at java.util.concurrent.ForkJoinPool.runWorker(ForkJoinPool.java:1622) ~[?:?]
	at java.util.concurrent.ForkJoinWorkerThread.run(ForkJoinWorkerThread.java:165) ~[?:?]
Caused by: java.io.EOFException: End of input at line 1 column 1 path $
	at com.google.gson.stream.JsonReader.nextNonWhitespace(JsonReader.java:1455) ~[gson-2.10.jar%2372!/:?]
	at com.google.gson.stream.JsonReader.doPeek(JsonReader.java:558) ~[gson-2.10.jar%2372!/:?]
	at com.google.gson.stream.JsonReader.peek(JsonReader.java:433) ~[gson-2.10.jar%2372!/:?]
	at com.google.gson.internal.bind.TypeAdapters$28.read(TypeAdapters.java:769) ~[gson-2.10.jar%2372!/:?]
	at com.google.gson.internal.bind.TypeAdapters$28.read(TypeAdapters.java:725) ~[gson-2.10.jar%2372!/:?]
	at com.google.gson.internal.bind.TypeAdapters$34$1.read(TypeAdapters.java:1007) ~[gson-2.10.jar%2372!/:?]
	at net.minecraft.util.GsonHelper.m_13780_(GsonHelper.java:524) ~[server-1.20.1-20230612.114412-srg.jar%23420!/:?]
	... 13 more
[02Sep2026 01:02:01.527] [Worker-Main-1/ERROR] [net.minecraft.server.packs.resources.SimpleJsonResourceReloadListener/]: Couldn't parse data file cataclysm:weapon_infusion/the_immolator from cataclysm:recipes/weapon_infusion/the_immolator.json
com.google.gson.JsonParseException: java.io.EOFException: End of input at line 1 column 1 path $
	at net.minecraft.util.GsonHelper.m_13780_(GsonHelper.java:526) ~[server-1.20.1-20230612.114412-srg.jar%23420!/:?]
	at net.minecraft.util.GsonHelper.m_263475_(GsonHelper.java:531) ~[server-1.20.1-20230612.114412-srg.jar%23420!/:?]
	at net.minecraft.util.GsonHelper.m_13776_(GsonHelper.java:581) ~[server-1.20.1-20230612.114412-srg.jar%23420!/:?]
	at net.minecraft.server.packs.resources.SimpleJsonResourceReloadListener.m_278771_(SimpleJsonResourceReloadListener.java:41) ~[server-1.20.1-20230612.114412-srg.jar%23420!/:?]
	at net.minecraft.server.packs.resources.SimpleJsonResourceReloadListener.m_5944_(SimpleJsonResourceReloadListener.java:29) ~[server-1.20.1-20230612.114412-srg.jar%23420!/:?]
	at net.minecraft.server.packs.resources.SimpleJsonResourceReloadListener.m_5944_(SimpleJsonResourceReloadListener.java:17) ~[server-1.20.1-20230612.114412-srg.jar%23420!/:?]
	at net.minecraft.server.packs.resources.SimplePreparableReloadListener.m_10786_(SimplePreparableReloadListener.java:11) ~[server-1.20.1-20230612.114412-srg.jar%23420!/:?]
	at java.util.concurrent.CompletableFuture$AsyncSupply.run(CompletableFuture.java:1768) ~[?:?]
	at java.util.concurrent.CompletableFuture$AsyncSupply.exec(CompletableFuture.java:1760) ~[?:?]
	at java.util.concurrent.ForkJoinTask.doExec(ForkJoinTask.java:373) ~[?:?]
	at java.util.concurrent.ForkJoinPool$WorkQueue.topLevelExec(ForkJoinPool.java:1182) ~[?:?]
	at java.util.concurrent.ForkJoinPool.scan(ForkJoinPool.java:1655) ~[?:?]
	at java.util.concurrent.ForkJoinPool.runWorker(ForkJoinPool.java:1622) ~[?:?]
	at java.util.concurrent.ForkJoinWorkerThread.run(ForkJoinWorkerThread.java:165) ~[?:?]
Caused by: java.io.EOFException: End of input at line 1 column 1 path $
	at com.google.gson.stream.JsonReader.nextNonWhitespace(JsonReader.java:1455) ~[gson-2.10.jar%2372!/:?]
	at com.google.gson.stream.JsonReader.doPeek(JsonReader.java:558) ~[gson-2.10.jar%2372!/:?]
	at com.google.gson.stream.JsonReader.peek(JsonReader.java:433) ~[gson-2.10.jar%2372!/:?]
	at com.google.gson.internal.bind.TypeAdapters$28.read(TypeAdapters.java:769) ~[gson-2.10.jar%2372!/:?]
	at com.google.gson.internal.bind.TypeAdapters$28.read(TypeAdapters.java:725) ~[gson-2.10.jar%2372!/:?]
	at com.google.gson.internal.bind.TypeAdapters$34$1.read(TypeAdapters.java:1007) ~[gson-2.10.jar%2372!/:?]
	at net.minecraft.util.GsonHelper.m_13780_(GsonHelper.java:524) ~[server-1.20.1-20230612.114412-srg.jar%23420!/:?]
	... 13 more
[02Sep2026 01:02:01.528] [Worker-Main-1/ERROR] [net.minecraft.server.packs.resources.SimpleJsonResourceReloadListener/]: Couldn't parse data file cataclysm:weapon_infusion/void_assault_shoulder_weapon from cataclysm:recipes/weapon_infusion/void_assault_shoulder_weapon.json
com.google.gson.JsonParseException: java.io.EOFException: End of input at line 1 column 1 path $
	at net.minecraft.util.GsonHelper.m_13780_(GsonHelper.java:526) ~[server-1.20.1-20230612.114412-srg.jar%23420!/:?]
	at net.minecraft.util.GsonHelper.m_263475_(GsonHelper.java:531) ~[server-1.20.1-20230612.114412-srg.jar%23420!/:?]
	at net.minecraft.util.GsonHelper.m_13776_(GsonHelper.java:581) ~[server-1.20.1-20230612.114412-srg.jar%23420!/:?]
	at net.minecraft.server.packs.resources.SimpleJsonResourceReloadListener.m_278771_(SimpleJsonResourceReloadListener.java:41) ~[server-1.20.1-20230612.114412-srg.jar%23420!/:?]
	at net.minecraft.server.packs.resources.SimpleJsonResourceReloadListener.m_5944_(SimpleJsonResourceReloadListener.java:29) ~[server-1.20.1-20230612.114412-srg.jar%23420!/:?]
	at net.minecraft.server.packs.resources.SimpleJsonResourceReloadListener.m_5944_(SimpleJsonResourceReloadListener.java:17) ~[server-1.20.1-20230612.114412-srg.jar%23420!/:?]
	at net.minecraft.server.packs.resources.SimplePreparableReloadListener.m_10786_(SimplePreparableReloadListener.java:11) ~[server-1.20.1-20230612.114412-srg.jar%23420!/:?]
	at java.util.concurrent.CompletableFuture$AsyncSupply.run(CompletableFuture.java:1768) ~[?:?]
	at java.util.concurrent.CompletableFuture$AsyncSupply.exec(CompletableFuture.java:1760) ~[?:?]
	at java.util.concurrent.ForkJoinTask.doExec(ForkJoinTask.java:373) ~[?:?]
	at java.util.concurrent.ForkJoinPool$WorkQueue.topLevelExec(ForkJoinPool.java:1182) ~[?:?]
	at java.util.concurrent.ForkJoinPool.scan(ForkJoinPool.java:1655) ~[?:?]
	at java.util.concurrent.ForkJoinPool.runWorker(ForkJoinPool.java:1622) ~[?:?]
	at java.util.concurrent.ForkJoinWorkerThread.run(ForkJoinWorkerThread.java:165) ~[?:?]
Caused by: java.io.EOFException: End of input at line 1 column 1 path $
	at com.google.gson.stream.JsonReader.nextNonWhitespace(JsonReader.java:1455) ~[gson-2.10.jar%2372!/:?]
	at com.google.gson.stream.JsonReader.doPeek(JsonReader.java:558) ~[gson-2.10.jar%2372!/:?]
	at com.google.gson.stream.JsonReader.peek(JsonReader.java:433) ~[gson-2.10.jar%2372!/:?]
	at com.google.gson.internal.bind.TypeAdapters$28.read(TypeAdapters.java:769) ~[gson-2.10.jar%2372!/:?]
	at com.google.gson.internal.bind.TypeAdapters$28.read(TypeAdapters.java:725) ~[gson-2.10.jar%2372!/:?]
	at com.google.gson.internal.bind.TypeAdapters$34$1.read(TypeAdapters.java:1007) ~[gson-2.10.jar%2372!/:?]
	at net.minecraft.util.GsonHelper.m_13780_(GsonHelper.java:524) ~[server-1.20.1-20230612.114412-srg.jar%23420!/:?]
	... 13 more
[02Sep2026 01:02:01.528] [Worker-Main-1/ERROR] [net.minecraft.server.packs.resources.SimpleJsonResourceReloadListener/]: Couldn't parse data file cataclysm:weapon_infusion/void_forge from cataclysm:recipes/weapon_infusion/void_forge.json
com.google.gson.JsonParseException: java.io.EOFException: End of input at line 1 column 1 path $
	at net.minecraft.util.GsonHelper.m_13780_(GsonHelper.java:526) ~[server-1.20.1-20230612.114412-srg.jar%23420!/:?]
	at net.minecraft.util.GsonHelper.m_263475_(GsonHelper.java:531) ~[server-1.20.1-20230612.114412-srg.jar%23420!/:?]
	at net.minecraft.util.GsonHelper.m_13776_(GsonHelper.java:581) ~[server-1.20.1-20230612.114412-srg.jar%23420!/:?]
	at net.minecraft.server.packs.resources.SimpleJsonResourceReloadListener.m_278771_(SimpleJsonResourceReloadListener.java:41) ~[server-1.20.1-20230612.114412-srg.jar%23420!/:?]
	at net.minecraft.server.packs.resources.SimpleJsonResourceReloadListener.m_5944_(SimpleJsonResourceReloadListener.java:29) ~[server-1.20.1-20230612.114412-srg.jar%23420!/:?]
	at net.minecraft.server.packs.resources.SimpleJsonResourceReloadListener.m_5944_(SimpleJsonResourceReloadListener.java:17) ~[server-1.20.1-20230612.114412-srg.jar%23420!/:?]
	at net.minecraft.server.packs.resources.SimplePreparableReloadListener.m_10786_(SimplePreparableReloadListener.java:11) ~[server-1.20.1-20230612.114412-srg.jar%23420!/:?]
	at java.util.concurrent.CompletableFuture$AsyncSupply.run(CompletableFuture.java:1768) ~[?:?]
	at java.util.concurrent.CompletableFuture$AsyncSupply.exec(CompletableFuture.java:1760) ~[?:?]
	at java.util.concurrent.ForkJoinTask.doExec(ForkJoinTask.java:373) ~[?:?]
	at java.util.concurrent.ForkJoinPool$WorkQueue.topLevelExec(ForkJoinPool.java:1182) ~[?:?]
	at java.util.concurrent.ForkJoinPool.scan(ForkJoinPool.java:1655) ~[?:?]
	at java.util.concurrent.ForkJoinPool.runWorker(ForkJoinPool.java:1622) ~[?:?]
	at java.util.concurrent.ForkJoinWorkerThread.run(ForkJoinWorkerThread.java:165) ~[?:?]
Caused by: java.io.EOFException: End of input at line 1 column 1 path $
	at com.google.gson.stream.JsonReader.nextNonWhitespace(JsonReader.java:1455) ~[gson-2.10.jar%2372!/:?]
	at com.google.gson.stream.JsonReader.doPeek(JsonReader.java:558) ~[gson-2.10.jar%2372!/:?]
	at com.google.gson.stream.JsonReader.peek(JsonReader.java:433) ~[gson-2.10.jar%2372!/:?]
	at com.google.gson.internal.bind.TypeAdapters$28.read(TypeAdapters.java:769) ~[gson-2.10.jar%2372!/:?]
	at com.google.gson.internal.bind.TypeAdapters$28.read(TypeAdapters.java:725) ~[gson-2.10.jar%2372!/:?]
	at com.google.gson.internal.bind.TypeAdapters$34$1.read(TypeAdapters.java:1007) ~[gson-2.10.jar%2372!/:?]
	at net.minecraft.util.GsonHelper.m_13780_(GsonHelper.java:524) ~[server-1.20.1-20230612.114412-srg.jar%23420!/:?]
	... 13 more
[02Sep2026 01:02:01.529] [Worker-Main-1/ERROR] [net.minecraft.server.packs.resources.SimpleJsonResourceReloadListener/]: Couldn't parse data file irons_spellbooks:weapon_parts from irons_spellbooks:recipes/weapon_parts.json
com.google.gson.JsonParseException: java.io.EOFException: End of input at line 1 column 1 path $
	at net.minecraft.util.GsonHelper.m_13780_(GsonHelper.java:526) ~[server-1.20.1-20230612.114412-srg.jar%23420!/:?]
	at net.minecraft.util.GsonHelper.m_263475_(GsonHelper.java:531) ~[server-1.20.1-20230612.114412-srg.jar%23420!/:?]
	at net.minecraft.util.GsonHelper.m_13776_(GsonHelper.java:581) ~[server-1.20.1-20230612.114412-srg.jar%23420!/:?]
	at net.minecraft.server.packs.resources.SimpleJsonResourceReloadListener.m_278771_(SimpleJsonResourceReloadListener.java:41) ~[server-1.20.1-20230612.114412-srg.jar%23420!/:?]
	at net.minecraft.server.packs.resources.SimpleJsonResourceReloadListener.m_5944_(SimpleJsonResourceReloadListener.java:29) ~[server-1.20.1-20230612.114412-srg.jar%23420!/:?]
	at net.minecraft.server.packs.resources.SimpleJsonResourceReloadListener.m_5944_(SimpleJsonResourceReloadListener.java:17) ~[server-1.20.1-20230612.114412-srg.jar%23420!/:?]
	at net.minecraft.server.packs.resources.SimplePreparableReloadListener.m_10786_(SimplePreparableReloadListener.java:11) ~[server-1.20.1-20230612.114412-srg.jar%23420!/:?]
	at java.util.concurrent.CompletableFuture$AsyncSupply.run(CompletableFuture.java:1768) ~[?:?]
	at java.util.concurrent.CompletableFuture$AsyncSupply.exec(CompletableFuture.java:1760) ~[?:?]
	at java.util.concurrent.ForkJoinTask.doExec(ForkJoinTask.java:373) ~[?:?]
	at java.util.concurrent.ForkJoinPool$WorkQueue.topLevelExec(ForkJoinPool.java:1182) ~[?:?]
	at java.util.concurrent.ForkJoinPool.scan(ForkJoinPool.java:1655) ~[?:?]
	at java.util.concurrent.ForkJoinPool.runWorker(ForkJoinPool.java:1622) ~[?:?]
	at java.util.concurrent.ForkJoinWorkerThread.run(ForkJoinWorkerThread.java:165) ~[?:?]
Caused by: java.io.EOFException: End of input at line 1 column 1 path $
	at com.google.gson.stream.JsonReader.nextNonWhitespace(JsonReader.java:1455) ~[gson-2.10.jar%2372!/:?]
	at com.google.gson.stream.JsonReader.doPeek(JsonReader.java:558) ~[gson-2.10.jar%2372!/:?]
	at com.google.gson.stream.JsonReader.peek(JsonReader.java:433) ~[gson-2.10.jar%2372!/:?]
	at com.google.gson.internal.bind.TypeAdapters$28.read(TypeAdapters.java:769) ~[gson-2.10.jar%2372!/:?]
	at com.google.gson.internal.bind.TypeAdapters$28.read(TypeAdapters.java:725) ~[gson-2.10.jar%2372!/:?]
	at com.google.gson.internal.bind.TypeAdapters$34$1.read(TypeAdapters.java:1007) ~[gson-2.10.jar%2372!/:?]
	at net.minecraft.util.GsonHelper.m_13780_(GsonHelper.java:524) ~[server-1.20.1-20230612.114412-srg.jar%23420!/:?]
	... 13 more
[02Sep2026 01:02:01.532] [Worker-Main-1/ERROR] [net.minecraft.server.packs.resources.SimpleJsonResourceReloadListener/]: Couldn't parse data file cataclysm:wither_assault_shoulder_weapon from cataclysm:recipes/wither_assault_shoulder_weapon.json
com.google.gson.JsonParseException: java.io.EOFException: End of input at line 1 column 1 path $
	at net.minecraft.util.GsonHelper.m_13780_(GsonHelper.java:526) ~[server-1.20.1-20230612.114412-srg.jar%23420!/:?]
	at net.minecraft.util.GsonHelper.m_263475_(GsonHelper.java:531) ~[server-1.20.1-20230612.114412-srg.jar%23420!/:?]
	at net.minecraft.util.GsonHelper.m_13776_(GsonHelper.java:581) ~[server-1.20.1-20230612.114412-srg.jar%23420!/:?]
	at net.minecraft.server.packs.resources.SimpleJsonResourceReloadListener.m_278771_(SimpleJsonResourceReloadListener.java:41) ~[server-1.20.1-20230612.114412-srg.jar%23420!/:?]
	at net.minecraft.server.packs.resources.SimpleJsonResourceReloadListener.m_5944_(SimpleJsonResourceReloadListener.java:29) ~[server-1.20.1-20230612.114412-srg.jar%23420!/:?]
	at net.minecraft.server.packs.resources.SimpleJsonResourceReloadListener.m_5944_(SimpleJsonResourceReloadListener.java:17) ~[server-1.20.1-20230612.114412-srg.jar%23420!/:?]
	at net.minecraft.server.packs.resources.SimplePreparableReloadListener.m_10786_(SimplePreparableReloadListener.java:11) ~[server-1.20.1-20230612.114412-srg.jar%23420!/:?]
	at java.util.concurrent.CompletableFuture$AsyncSupply.run(CompletableFuture.java:1768) ~[?:?]
	at java.util.concurrent.CompletableFuture$AsyncSupply.exec(CompletableFuture.java:1760) ~[?:?]
	at java.util.concurrent.ForkJoinTask.doExec(ForkJoinTask.java:373) ~[?:?]
	at java.util.concurrent.ForkJoinPool$WorkQueue.topLevelExec(ForkJoinPool.java:1182) ~[?:?]
	at java.util.concurrent.ForkJoinPool.scan(ForkJoinPool.java:1655) ~[?:?]
	at java.util.concurrent.ForkJoinPool.runWorker(ForkJoinPool.java:1622) ~[?:?]
	at java.util.concurrent.ForkJoinWorkerThread.run(ForkJoinWorkerThread.java:165) ~[?:?]
Caused by: java.io.EOFException: End of input at line 1 column 1 path $
	at com.google.gson.stream.JsonReader.nextNonWhitespace(JsonReader.java:1455) ~[gson-2.10.jar%2372!/:?]
	at com.google.gson.stream.JsonReader.doPeek(JsonReader.java:558) ~[gson-2.10.jar%2372!/:?]
	at com.google.gson.stream.JsonReader.peek(JsonReader.java:433) ~[gson-2.10.jar%2372!/:?]
	at com.google.gson.internal.bind.TypeAdapters$28.read(TypeAdapters.java:769) ~[gson-2.10.jar%2372!/:?]
	at com.google.gson.internal.bind.TypeAdapters$28.read(TypeAdapters.java:725) ~[gson-2.10.jar%2372!/:?]
	at com.google.gson.internal.bind.TypeAdapters$34$1.read(TypeAdapters.java:1007) ~[gson-2.10.jar%2372!/:?]
	at net.minecraft.util.GsonHelper.m_13780_(GsonHelper.java:524) ~[server-1.20.1-20230612.114412-srg.jar%23420!/:?]
	... 13 more
[02Sep2026 01:02:01.541] [Worker-Main-1/ERROR] [net.minecraft.server.packs.resources.SimpleJsonResourceReloadListener/]: Couldn't parse data file efn:zansetsu from efn:recipes/zansetsu.json
com.google.gson.JsonParseException: java.io.EOFException: End of input at line 1 column 1 path $
	at net.minecraft.util.GsonHelper.m_13780_(GsonHelper.java:526) ~[server-1.20.1-20230612.114412-srg.jar%23420!/:?]
	at net.minecraft.util.GsonHelper.m_263475_(GsonHelper.java:531) ~[server-1.20.1-20230612.114412-srg.jar%23420!/:?]
	at net.minecraft.util.GsonHelper.m_13776_(GsonHelper.java:581) ~[server-1.20.1-20230612.114412-srg.jar%23420!/:?]
	at net.minecraft.server.packs.resources.SimpleJsonResourceReloadListener.m_278771_(SimpleJsonResourceReloadListener.java:41) ~[server-1.20.1-20230612.114412-srg.jar%23420!/:?]
	at net.minecraft.server.packs.resources.SimpleJsonResourceReloadListener.m_5944_(SimpleJsonResourceReloadListener.java:29) ~[server-1.20.1-20230612.114412-srg.jar%23420!/:?]
	at net.minecraft.server.packs.resources.SimpleJsonResourceReloadListener.m_5944_(SimpleJsonResourceReloadListener.java:17) ~[server-1.20.1-20230612.114412-srg.jar%23420!/:?]
	at net.minecraft.server.packs.resources.SimplePreparableReloadListener.m_10786_(SimplePreparableReloadListener.java:11) ~[server-1.20.1-20230612.114412-srg.jar%23420!/:?]
	at java.util.concurrent.CompletableFuture$AsyncSupply.run(CompletableFuture.java:1768) ~[?:?]
	at java.util.concurrent.CompletableFuture$AsyncSupply.exec(CompletableFuture.java:1760) ~[?:?]
	at java.util.concurrent.ForkJoinTask.doExec(ForkJoinTask.java:373) ~[?:?]
	at java.util.concurrent.ForkJoinPool$WorkQueue.topLevelExec(ForkJoinPool.java:1182) ~[?:?]
	at java.util.concurrent.ForkJoinPool.scan(ForkJoinPool.java:1655) ~[?:?]
	at java.util.concurrent.ForkJoinPool.runWorker(ForkJoinPool.java:1622) ~[?:?]
	at java.util.concurrent.ForkJoinWorkerThread.run(ForkJoinWorkerThread.java:165) ~[?:?]
Caused by: java.io.EOFException: End of input at line 1 column 1 path $
	at com.google.gson.stream.JsonReader.nextNonWhitespace(JsonReader.java:1455) ~[gson-2.10.jar%2372!/:?]
	at com.google.gson.stream.JsonReader.doPeek(JsonReader.java:558) ~[gson-2.10.jar%2372!/:?]
	at com.google.gson.stream.JsonReader.peek(JsonReader.java:433) ~[gson-2.10.jar%2372!/:?]
	at com.google.gson.internal.bind.TypeAdapters$28.read(TypeAdapters.java:769) ~[gson-2.10.jar%2372!/:?]
	at com.google.gson.internal.bind.TypeAdapters$28.read(TypeAdapters.java:725) ~[gson-2.10.jar%2372!/:?]
	at com.google.gson.internal.bind.TypeAdapters$34$1.read(TypeAdapters.java:1007) ~[gson-2.10.jar%2372!/:?]
	at net.minecraft.util.GsonHelper.m_13780_(GsonHelper.java:524) ~[server-1.20.1-20230612.114412-srg.jar%23420!/:?]
	... 13 more
[02Sep2026 01:02:01.566] [Worker-Main-2/ERROR] [net.minecraft.server.packs.resources.SimpleJsonResourceReloadListener/]: Couldn't parse data file aether:gloves_loot_chain from aether:loot_modifiers/gloves_loot_chain.json
com.google.gson.JsonParseException: java.io.EOFException: End of input at line 1 column 1 path $
	at net.minecraft.util.GsonHelper.m_13780_(GsonHelper.java:526) ~[server-1.20.1-20230612.114412-srg.jar%23420!/:?]
	at net.minecraft.util.GsonHelper.m_263475_(GsonHelper.java:531) ~[server-1.20.1-20230612.114412-srg.jar%23420!/:?]
	at net.minecraft.util.GsonHelper.m_13776_(GsonHelper.java:581) ~[server-1.20.1-20230612.114412-srg.jar%23420!/:?]
	at net.minecraft.server.packs.resources.SimpleJsonResourceReloadListener.m_278771_(SimpleJsonResourceReloadListener.java:41) ~[server-1.20.1-20230612.114412-srg.jar%23420!/:?]
	at net.minecraft.server.packs.resources.SimpleJsonResourceReloadListener.m_5944_(SimpleJsonResourceReloadListener.java:29) ~[server-1.20.1-20230612.114412-srg.jar%23420!/:?]
	at net.minecraft.server.packs.resources.SimpleJsonResourceReloadListener.m_5944_(SimpleJsonResourceReloadListener.java:17) ~[server-1.20.1-20230612.114412-srg.jar%23420!/:?]
	at net.minecraft.server.packs.resources.SimplePreparableReloadListener.m_10786_(SimplePreparableReloadListener.java:11) ~[server-1.20.1-20230612.114412-srg.jar%23420!/:?]
	at java.util.concurrent.CompletableFuture$AsyncSupply.run(CompletableFuture.java:1768) ~[?:?]
	at java.util.concurrent.CompletableFuture$AsyncSupply.exec(CompletableFuture.java:1760) ~[?:?]
	at java.util.concurrent.ForkJoinTask.doExec(ForkJoinTask.java:373) ~[?:?]
	at java.util.concurrent.ForkJoinPool$WorkQueue.topLevelExec(ForkJoinPool.java:1182) ~[?:?]
	at java.util.concurrent.ForkJoinPool.scan(ForkJoinPool.java:1655) ~[?:?]
	at java.util.concurrent.ForkJoinPool.runWorker(ForkJoinPool.java:1622) ~[?:?]
	at java.util.concurrent.ForkJoinWorkerThread.run(ForkJoinWorkerThread.java:165) ~[?:?]
Caused by: java.io.EOFException: End of input at line 1 column 1 path $
	at com.google.gson.stream.JsonReader.nextNonWhitespace(JsonReader.java:1455) ~[gson-2.10.jar%2372!/:?]
	at com.google.gson.stream.JsonReader.doPeek(JsonReader.java:558) ~[gson-2.10.jar%2372!/:?]
	at com.google.gson.stream.JsonReader.peek(JsonReader.java:433) ~[gson-2.10.jar%2372!/:?]
	at com.google.gson.internal.bind.TypeAdapters$28.read(TypeAdapters.java:769) ~[gson-2.10.jar%2372!/:?]
	at com.google.gson.internal.bind.TypeAdapters$28.read(TypeAdapters.java:725) ~[gson-2.10.jar%2372!/:?]
	at com.google.gson.internal.bind.TypeAdapters$34$1.read(TypeAdapters.java:1007) ~[gson-2.10.jar%2372!/:?]
	at net.minecraft.util.GsonHelper.m_13780_(GsonHelper.java:524) ~[server-1.20.1-20230612.114412-srg.jar%23420!/:?]
	... 13 more
[02Sep2026 01:02:01.570] [Worker-Main-2/ERROR] [net.minecraft.server.packs.resources.SimpleJsonResourceReloadListener/]: Couldn't parse data file aether:gloves_loot_diamond from aether:loot_modifiers/gloves_loot_diamond.json
com.google.gson.JsonParseException: java.io.EOFException: End of input at line 1 column 1 path $
	at net.minecraft.util.GsonHelper.m_13780_(GsonHelper.java:526) ~[server-1.20.1-20230612.114412-srg.jar%23420!/:?]
	at net.minecraft.util.GsonHelper.m_263475_(GsonHelper.java:531) ~[server-1.20.1-20230612.114412-srg.jar%23420!/:?]
	at net.minecraft.util.GsonHelper.m_13776_(GsonHelper.java:581) ~[server-1.20.1-20230612.114412-srg.jar%23420!/:?]
	at net.minecraft.server.packs.resources.SimpleJsonResourceReloadListener.m_278771_(SimpleJsonResourceReloadListener.java:41) ~[server-1.20.1-20230612.114412-srg.jar%23420!/:?]
	at net.minecraft.server.packs.resources.SimpleJsonResourceReloadListener.m_5944_(SimpleJsonResourceReloadListener.java:29) ~[server-1.20.1-20230612.114412-srg.jar%23420!/:?]
	at net.minecraft.server.packs.resources.SimpleJsonResourceReloadListener.m_5944_(SimpleJsonResourceReloadListener.java:17) ~[server-1.20.1-20230612.114412-srg.jar%23420!/:?]
	at net.minecraft.server.packs.resources.SimplePreparableReloadListener.m_10786_(SimplePreparableReloadListener.java:11) ~[server-1.20.1-20230612.114412-srg.jar%23420!/:?]
	at java.util.concurrent.CompletableFuture$AsyncSupply.run(CompletableFuture.java:1768) ~[?:?]
	at java.util.concurrent.CompletableFuture$AsyncSupply.exec(CompletableFuture.java:1760) ~[?:?]
	at java.util.concurrent.ForkJoinTask.doExec(ForkJoinTask.java:373) ~[?:?]
	at java.util.concurrent.ForkJoinPool$WorkQueue.topLevelExec(ForkJoinPool.java:1182) ~[?:?]
	at java.util.concurrent.ForkJoinPool.scan(ForkJoinPool.java:1655) ~[?:?]
	at java.util.concurrent.ForkJoinPool.runWorker(ForkJoinPool.java:1622) ~[?:?]
	at java.util.concurrent.ForkJoinWorkerThread.run(ForkJoinWorkerThread.java:165) ~[?:?]
Caused by: java.io.EOFException: End of input at line 1 column 1 path $
	at com.google.gson.stream.JsonReader.nextNonWhitespace(JsonReader.java:1455) ~[gson-2.10.jar%2372!/:?]
	at com.google.gson.stream.JsonReader.doPeek(JsonReader.java:558) ~[gson-2.10.jar%2372!/:?]
	at com.google.gson.stream.JsonReader.peek(JsonReader.java:433) ~[gson-2.10.jar%2372!/:?]
	at com.google.gson.internal.bind.TypeAdapters$28.read(TypeAdapters.java:769) ~[gson-2.10.jar%2372!/:?]
	at com.google.gson.internal.bind.TypeAdapters$28.read(TypeAdapters.java:725) ~[gson-2.10.jar%2372!/:?]
	at com.google.gson.internal.bind.TypeAdapters$34$1.read(TypeAdapters.java:1007) ~[gson-2.10.jar%2372!/:?]
	at net.minecraft.util.GsonHelper.m_13780_(GsonHelper.java:524) ~[server-1.20.1-20230612.114412-srg.jar%23420!/:?]
	... 13 more
[02Sep2026 01:02:01.575] [Worker-Main-2/ERROR] [net.minecraft.server.packs.resources.SimpleJsonResourceReloadListener/]: Couldn't parse data file aether:gloves_loot_gold from aether:loot_modifiers/gloves_loot_gold.json
com.google.gson.JsonParseException: java.io.EOFException: End of input at line 1 column 1 path $
	at net.minecraft.util.GsonHelper.m_13780_(GsonHelper.java:526) ~[server-1.20.1-20230612.114412-srg.jar%23420!/:?]
	at net.minecraft.util.GsonHelper.m_263475_(GsonHelper.java:531) ~[server-1.20.1-20230612.114412-srg.jar%23420!/:?]
	at net.minecraft.util.GsonHelper.m_13776_(GsonHelper.java:581) ~[server-1.20.1-20230612.114412-srg.jar%23420!/:?]
	at net.minecraft.server.packs.resources.SimpleJsonResourceReloadListener.m_278771_(SimpleJsonResourceReloadListener.java:41) ~[server-1.20.1-20230612.114412-srg.jar%23420!/:?]
	at net.minecraft.server.packs.resources.SimpleJsonResourceReloadListener.m_5944_(SimpleJsonResourceReloadListener.java:29) ~[server-1.20.1-20230612.114412-srg.jar%23420!/:?]
	at net.minecraft.server.packs.resources.SimpleJsonResourceReloadListener.m_5944_(SimpleJsonResourceReloadListener.java:17) ~[server-1.20.1-20230612.114412-srg.jar%23420!/:?]
	at net.minecraft.server.packs.resources.SimplePreparableReloadListener.m_10786_(SimplePreparableReloadListener.java:11) ~[server-1.20.1-20230612.114412-srg.jar%23420!/:?]
	at java.util.concurrent.CompletableFuture$AsyncSupply.run(CompletableFuture.java:1768) ~[?:?]
	at java.util.concurrent.CompletableFuture$AsyncSupply.exec(CompletableFuture.java:1760) ~[?:?]
	at java.util.concurrent.ForkJoinTask.doExec(ForkJoinTask.java:373) ~[?:?]
	at java.util.concurrent.ForkJoinPool$WorkQueue.topLevelExec(ForkJoinPool.java:1182) ~[?:?]
	at java.util.concurrent.ForkJoinPool.scan(ForkJoinPool.java:1655) ~[?:?]
	at java.util.concurrent.ForkJoinPool.runWorker(ForkJoinPool.java:1622) ~[?:?]
	at java.util.concurrent.ForkJoinWorkerThread.run(ForkJoinWorkerThread.java:165) ~[?:?]
Caused by: java.io.EOFException: End of input at line 1 column 1 path $
	at com.google.gson.stream.JsonReader.nextNonWhitespace(JsonReader.java:1455) ~[gson-2.10.jar%2372!/:?]
	at com.google.gson.stream.JsonReader.doPeek(JsonReader.java:558) ~[gson-2.10.jar%2372!/:?]
	at com.google.gson.stream.JsonReader.peek(JsonReader.java:433) ~[gson-2.10.jar%2372!/:?]
	at com.google.gson.internal.bind.TypeAdapters$28.read(TypeAdapters.java:769) ~[gson-2.10.jar%2372!/:?]
	at com.google.gson.internal.bind.TypeAdapters$28.read(TypeAdapters.java:725) ~[gson-2.10.jar%2372!/:?]
	at com.google.gson.internal.bind.TypeAdapters$34$1.read(TypeAdapters.java:1007) ~[gson-2.10.jar%2372!/:?]
	at net.minecraft.util.GsonHelper.m_13780_(GsonHelper.java:524) ~[server-1.20.1-20230612.114412-srg.jar%23420!/:?]
	... 13 more
[02Sep2026 01:02:01.575] [Worker-Main-2/ERROR] [net.minecraft.server.packs.resources.SimpleJsonResourceReloadListener/]: Couldn't parse data file aether:gloves_loot_iron from aether:loot_modifiers/gloves_loot_iron.json
com.google.gson.JsonParseException: java.io.EOFException: End of input at line 1 column 1 path $
	at net.minecraft.util.GsonHelper.m_13780_(GsonHelper.java:526) ~[server-1.20.1-20230612.114412-srg.jar%23420!/:?]
	at net.minecraft.util.GsonHelper.m_263475_(GsonHelper.java:531) ~[server-1.20.1-20230612.114412-srg.jar%23420!/:?]
	at net.minecraft.util.GsonHelper.m_13776_(GsonHelper.java:581) ~[server-1.20.1-20230612.114412-srg.jar%23420!/:?]
	at net.minecraft.server.packs.resources.SimpleJsonResourceReloadListener.m_278771_(SimpleJsonResourceReloadListener.java:41) ~[server-1.20.1-20230612.114412-srg.jar%23420!/:?]
	at net.minecraft.server.packs.resources.SimpleJsonResourceReloadListener.m_5944_(SimpleJsonResourceReloadListener.java:29) ~[server-1.20.1-20230612.114412-srg.jar%23420!/:?]
	at net.minecraft.server.packs.resources.SimpleJsonResourceReloadListener.m_5944_(SimpleJsonResourceReloadListener.java:17) ~[server-1.20.1-20230612.114412-srg.jar%23420!/:?]
	at net.minecraft.server.packs.resources.SimplePreparableReloadListener.m_10786_(SimplePreparableReloadListener.java:11) ~[server-1.20.1-20230612.114412-srg.jar%23420!/:?]
	at java.util.concurrent.CompletableFuture$AsyncSupply.run(CompletableFuture.java:1768) ~[?:?]
	at java.util.concurrent.CompletableFuture$AsyncSupply.exec(CompletableFuture.java:1760) ~[?:?]
	at java.util.concurrent.ForkJoinTask.doExec(ForkJoinTask.java:373) ~[?:?]
	at java.util.concurrent.ForkJoinPool$WorkQueue.topLevelExec(ForkJoinPool.java:1182) ~[?:?]
	at java.util.concurrent.ForkJoinPool.scan(ForkJoinPool.java:1655) ~[?:?]
	at java.util.concurrent.ForkJoinPool.runWorker(ForkJoinPool.java:1622) ~[?:?]
	at java.util.concurrent.ForkJoinWorkerThread.run(ForkJoinWorkerThread.java:165) ~[?:?]
Caused by: java.io.EOFException: End of input at line 1 column 1 path $
	at com.google.gson.stream.JsonReader.nextNonWhitespace(JsonReader.java:1455) ~[gson-2.10.jar%2372!/:?]
	at com.google.gson.stream.JsonReader.doPeek(JsonReader.java:558) ~[gson-2.10.jar%2372!/:?]
	at com.google.gson.stream.JsonReader.peek(JsonReader.java:433) ~[gson-2.10.jar%2372!/:?]
	at com.google.gson.internal.bind.TypeAdapters$28.read(TypeAdapters.java:769) ~[gson-2.10.jar%2372!/:?]
	at com.google.gson.internal.bind.TypeAdapters$28.read(TypeAdapters.java:725) ~[gson-2.10.jar%2372!/:?]
	at com.google.gson.internal.bind.TypeAdapters$34$1.read(TypeAdapters.java:1007) ~[gson-2.10.jar%2372!/:?]
	at net.minecraft.util.GsonHelper.m_13780_(GsonHelper.java:524) ~[server-1.20.1-20230612.114412-srg.jar%23420!/:?]
	... 13 more
[02Sep2026 01:02:01.576] [Worker-Main-2/ERROR] [net.minecraft.server.packs.resources.SimpleJsonResourceReloadListener/]: Couldn't parse data file aether:gloves_loot_leather from aether:loot_modifiers/gloves_loot_leather.json
com.google.gson.JsonParseException: java.io.EOFException: End of input at line 1 column 1 path $
	at net.minecraft.util.GsonHelper.m_13780_(GsonHelper.java:526) ~[server-1.20.1-20230612.114412-srg.jar%23420!/:?]
	at net.minecraft.util.GsonHelper.m_263475_(GsonHelper.java:531) ~[server-1.20.1-20230612.114412-srg.jar%23420!/:?]
	at net.minecraft.util.GsonHelper.m_13776_(GsonHelper.java:581) ~[server-1.20.1-20230612.114412-srg.jar%23420!/:?]
	at net.minecraft.server.packs.resources.SimpleJsonResourceReloadListener.m_278771_(SimpleJsonResourceReloadListener.java:41) ~[server-1.20.1-20230612.114412-srg.jar%23420!/:?]
	at net.minecraft.server.packs.resources.SimpleJsonResourceReloadListener.m_5944_(SimpleJsonResourceReloadListener.java:29) ~[server-1.20.1-20230612.114412-srg.jar%23420!/:?]
	at net.minecraft.server.packs.resources.SimpleJsonResourceReloadListener.m_5944_(SimpleJsonResourceReloadListener.java:17) ~[server-1.20.1-20230612.114412-srg.jar%23420!/:?]
	at net.minecraft.server.packs.resources.SimplePreparableReloadListener.m_10786_(SimplePreparableReloadListener.java:11) ~[server-1.20.1-20230612.114412-srg.jar%23420!/:?]
	at java.util.concurrent.CompletableFuture$AsyncSupply.run(CompletableFuture.java:1768) ~[?:?]
	at java.util.concurrent.CompletableFuture$AsyncSupply.exec(CompletableFuture.java:1760) ~[?:?]
	at java.util.concurrent.ForkJoinTask.doExec(ForkJoinTask.java:373) ~[?:?]
	at java.util.concurrent.ForkJoinPool$WorkQueue.topLevelExec(ForkJoinPool.java:1182) ~[?:?]
	at java.util.concurrent.ForkJoinPool.scan(ForkJoinPool.java:1655) ~[?:?]
	at java.util.concurrent.ForkJoinPool.runWorker(ForkJoinPool.java:1622) ~[?:?]
	at java.util.concurrent.ForkJoinWorkerThread.run(ForkJoinWorkerThread.java:165) ~[?:?]
Caused by: java.io.EOFException: End of input at line 1 column 1 path $
	at com.google.gson.stream.JsonReader.nextNonWhitespace(JsonReader.java:1455) ~[gson-2.10.jar%2372!/:?]
	at com.google.gson.stream.JsonReader.doPeek(JsonReader.java:558) ~[gson-2.10.jar%2372!/:?]
	at com.google.gson.stream.JsonReader.peek(JsonReader.java:433) ~[gson-2.10.jar%2372!/:?]
	at com.google.gson.internal.bind.TypeAdapters$28.read(TypeAdapters.java:769) ~[gson-2.10.jar%2372!/:?]
	at com.google.gson.internal.bind.TypeAdapters$28.read(TypeAdapters.java:725) ~[gson-2.10.jar%2372!/:?]
	at com.google.gson.internal.bind.TypeAdapters$34$1.read(TypeAdapters.java:1007) ~[gson-2.10.jar%2372!/:?]
	at net.minecraft.util.GsonHelper.m_13780_(GsonHelper.java:524) ~[server-1.20.1-20230612.114412-srg.jar%23420!/:?]
	... 13 more
[02Sep2026 01:02:01.586] [Worker-Main-2/ERROR] [net.minecraft.server.packs.resources.SimpleJsonResourceReloadListener/]: Couldn't parse data file aether:gloves_loot_netherite from aether:loot_modifiers/gloves_loot_netherite.json
com.google.gson.JsonParseException: java.io.EOFException: End of input at line 1 column 1 path $
	at net.minecraft.util.GsonHelper.m_13780_(GsonHelper.java:526) ~[server-1.20.1-20230612.114412-srg.jar%23420!/:?]
	at net.minecraft.util.GsonHelper.m_263475_(GsonHelper.java:531) ~[server-1.20.1-20230612.114412-srg.jar%23420!/:?]
	at net.minecraft.util.GsonHelper.m_13776_(GsonHelper.java:581) ~[server-1.20.1-20230612.114412-srg.jar%23420!/:?]
	at net.minecraft.server.packs.resources.SimpleJsonResourceReloadListener.m_278771_(SimpleJsonResourceReloadListener.java:41) ~[server-1.20.1-20230612.114412-srg.jar%23420!/:?]
	at net.minecraft.server.packs.resources.SimpleJsonResourceReloadListener.m_5944_(SimpleJsonResourceReloadListener.java:29) ~[server-1.20.1-20230612.114412-srg.jar%23420!/:?]
	at net.minecraft.server.packs.resources.SimpleJsonResourceReloadListener.m_5944_(SimpleJsonResourceReloadListener.java:17) ~[server-1.20.1-20230612.114412-srg.jar%23420!/:?]
	at net.minecraft.server.packs.resources.SimplePreparableReloadListener.m_10786_(SimplePreparableReloadListener.java:11) ~[server-1.20.1-20230612.114412-srg.jar%23420!/:?]
	at java.util.concurrent.CompletableFuture$AsyncSupply.run(CompletableFuture.java:1768) ~[?:?]
	at java.util.concurrent.CompletableFuture$AsyncSupply.exec(CompletableFuture.java:1760) ~[?:?]
	at java.util.concurrent.ForkJoinTask.doExec(ForkJoinTask.java:373) ~[?:?]
	at java.util.concurrent.ForkJoinPool$WorkQueue.topLevelExec(ForkJoinPool.java:1182) ~[?:?]
	at java.util.concurrent.ForkJoinPool.scan(ForkJoinPool.java:1655) ~[?:?]
	at java.util.concurrent.ForkJoinPool.runWorker(ForkJoinPool.java:1622) ~[?:?]
	at java.util.concurrent.ForkJoinWorkerThread.run(ForkJoinWorkerThread.java:165) ~[?:?]
Caused by: java.io.EOFException: End of input at line 1 column 1 path $
	at com.google.gson.stream.JsonReader.nextNonWhitespace(JsonReader.java:1455) ~[gson-2.10.jar%2372!/:?]
	at com.google.gson.stream.JsonReader.doPeek(JsonReader.java:558) ~[gson-2.10.jar%2372!/:?]
	at com.google.gson.stream.JsonReader.peek(JsonReader.java:433) ~[gson-2.10.jar%2372!/:?]
	at com.google.gson.internal.bind.TypeAdapters$28.read(TypeAdapters.java:769) ~[gson-2.10.jar%2372!/:?]
	at com.google.gson.internal.bind.TypeAdapters$28.read(TypeAdapters.java:725) ~[gson-2.10.jar%2372!/:?]
	at com.google.gson.internal.bind.TypeAdapters$34$1.read(TypeAdapters.java:1007) ~[gson-2.10.jar%2372!/:?]
	at net.minecraft.util.GsonHelper.m_13780_(GsonHelper.java:524) ~[server-1.20.1-20230612.114412-srg.jar%23420!/:?]
	... 13 more
[02Sep2026 01:02:01.597] [Worker-Main-1/ERROR] [net.minecraft.server.packs.resources.SimpleJsonResourceReloadListener/]: Couldn't parse data file alexsmobs:shattered_dimensional_carver from alexsmobs:capsid_recipes/shattered_dimensional_carver.json
com.google.gson.JsonParseException: java.io.EOFException: End of input at line 1 column 1 path $
	at net.minecraft.util.GsonHelper.m_13780_(GsonHelper.java:526) ~[server-1.20.1-20230612.114412-srg.jar%23420!/:?]
	at net.minecraft.util.GsonHelper.m_263475_(GsonHelper.java:531) ~[server-1.20.1-20230612.114412-srg.jar%23420!/:?]
	at net.minecraft.util.GsonHelper.m_13776_(GsonHelper.java:581) ~[server-1.20.1-20230612.114412-srg.jar%23420!/:?]
	at net.minecraft.server.packs.resources.SimpleJsonResourceReloadListener.m_278771_(SimpleJsonResourceReloadListener.java:41) ~[server-1.20.1-20230612.114412-srg.jar%23420!/:?]
	at net.minecraft.server.packs.resources.SimpleJsonResourceReloadListener.m_5944_(SimpleJsonResourceReloadListener.java:29) ~[server-1.20.1-20230612.114412-srg.jar%23420!/:?]
	at net.minecraft.server.packs.resources.SimpleJsonResourceReloadListener.m_5944_(SimpleJsonResourceReloadListener.java:17) ~[server-1.20.1-20230612.114412-srg.jar%23420!/:?]
	at net.minecraft.server.packs.resources.SimplePreparableReloadListener.m_10786_(SimplePreparableReloadListener.java:11) ~[server-1.20.1-20230612.114412-srg.jar%23420!/:?]
	at java.util.concurrent.CompletableFuture$AsyncSupply.run(CompletableFuture.java:1768) ~[?:?]
	at java.util.concurrent.CompletableFuture$AsyncSupply.exec(CompletableFuture.java:1760) ~[?:?]
	at java.util.concurrent.ForkJoinTask.doExec(ForkJoinTask.java:373) ~[?:?]
	at java.util.concurrent.ForkJoinPool$WorkQueue.topLevelExec(ForkJoinPool.java:1182) ~[?:?]
	at java.util.concurrent.ForkJoinPool.scan(ForkJoinPool.java:1655) ~[?:?]
	at java.util.concurrent.ForkJoinPool.runWorker(ForkJoinPool.java:1622) ~[?:?]
	at java.util.concurrent.ForkJoinWorkerThread.run(ForkJoinWorkerThread.java:165) ~[?:?]
Caused by: java.io.EOFException: End of input at line 1 column 1 path $
	at com.google.gson.stream.JsonReader.nextNonWhitespace(JsonReader.java:1455) ~[gson-2.10.jar%2372!/:?]
	at com.google.gson.stream.JsonReader.doPeek(JsonReader.java:558) ~[gson-2.10.jar%2372!/:?]
	at com.google.gson.stream.JsonReader.peek(JsonReader.java:433) ~[gson-2.10.jar%2372!/:?]
	at com.google.gson.internal.bind.TypeAdapters$28.read(TypeAdapters.java:769) ~[gson-2.10.jar%2372!/:?]
	at com.google.gson.internal.bind.TypeAdapters$28.read(TypeAdapters.java:725) ~[gson-2.10.jar%2372!/:?]
	at com.google.gson.internal.bind.TypeAdapters$34$1.read(TypeAdapters.java:1007) ~[gson-2.10.jar%2372!/:?]
	at net.minecraft.util.GsonHelper.m_13780_(GsonHelper.java:524) ~[server-1.20.1-20230612.114412-srg.jar%23420!/:?]
	... 13 more
[02Sep2026 01:02:01.670] [Worker-Main-2/ERROR] [net.minecraft.server.packs.resources.SimpleJsonResourceReloadListener/]: Couldn't parse data file cataclysm_spellbooks:abyss_spell_book from cataclysm_spellbooks:recipes/abyss_spell_book.json
com.google.gson.JsonParseException: java.io.EOFException: End of input at line 1 column 1 path $
	at net.minecraft.util.GsonHelper.m_13780_(GsonHelper.java:526) ~[server-1.20.1-20230612.114412-srg.jar%23420!/:?]
	at net.minecraft.util.GsonHelper.m_263475_(GsonHelper.java:531) ~[server-1.20.1-20230612.114412-srg.jar%23420!/:?]
	at net.minecraft.util.GsonHelper.m_13776_(GsonHelper.java:581) ~[server-1.20.1-20230612.114412-srg.jar%23420!/:?]
	at net.minecraft.server.packs.resources.SimpleJsonResourceReloadListener.m_278771_(SimpleJsonResourceReloadListener.java:41) ~[server-1.20.1-20230612.114412-srg.jar%23420!/:?]
	at net.minecraft.server.packs.resources.SimpleJsonResourceReloadListener.m_5944_(SimpleJsonResourceReloadListener.java:29) ~[server-1.20.1-20230612.114412-srg.jar%23420!/:?]
	at net.minecraft.server.packs.resources.SimpleJsonResourceReloadListener.m_5944_(SimpleJsonResourceReloadListener.java:17) ~[server-1.20.1-20230612.114412-srg.jar%23420!/:?]
	at net.minecraft.server.packs.resources.SimplePreparableReloadListener.m_10786_(SimplePreparableReloadListener.java:11) ~[server-1.20.1-20230612.114412-srg.jar%23420!/:?]
	at java.util.concurrent.CompletableFuture$AsyncSupply.run(CompletableFuture.java:1768) ~[?:?]
	at java.util.concurrent.CompletableFuture$AsyncSupply.exec(CompletableFuture.java:1760) ~[?:?]
	at java.util.concurrent.ForkJoinTask.doExec(ForkJoinTask.java:373) ~[?:?]
	at java.util.concurrent.ForkJoinPool$WorkQueue.topLevelExec(ForkJoinPool.java:1182) ~[?:?]
	at java.util.concurrent.ForkJoinPool.scan(ForkJoinPool.java:1655) ~[?:?]
	at java.util.concurrent.ForkJoinPool.runWorker(ForkJoinPool.java:1622) ~[?:?]
	at java.util.concurrent.ForkJoinWorkerThread.run(ForkJoinWorkerThread.java:165) ~[?:?]
Caused by: java.io.EOFException: End of input at line 1 column 1 path $
	at com.google.gson.stream.JsonReader.nextNonWhitespace(JsonReader.java:1455) ~[gson-2.10.jar%2372!/:?]
	at com.google.gson.stream.JsonReader.doPeek(JsonReader.java:558) ~[gson-2.10.jar%2372!/:?]
	at com.google.gson.stream.JsonReader.peek(JsonReader.java:433) ~[gson-2.10.jar%2372!/:?]
	at com.google.gson.internal.bind.TypeAdapters$28.read(TypeAdapters.java:769) ~[gson-2.10.jar%2372!/:?]
	at com.google.gson.internal.bind.TypeAdapters$28.read(TypeAdapters.java:725) ~[gson-2.10.jar%2372!/:?]
	at com.google.gson.internal.bind.TypeAdapters$34$1.read(TypeAdapters.java:1007) ~[gson-2.10.jar%2372!/:?]
	at net.minecraft.util.GsonHelper.m_13780_(GsonHelper.java:524) ~[server-1.20.1-20230612.114412-srg.jar%23420!/:?]
	... 13 more
[02Sep2026 01:02:01.677] [Worker-Main-2/ERROR] [net.minecraft.server.packs.resources.SimpleJsonResourceReloadListener/]: Couldn't parse data file efn:air_tachi from efn:recipes/air_tachi.json
com.google.gson.JsonParseException: java.io.EOFException: End of input at line 1 column 1 path $
	at net.minecraft.util.GsonHelper.m_13780_(GsonHelper.java:526) ~[server-1.20.1-20230612.114412-srg.jar%23420!/:?]
	at net.minecraft.util.GsonHelper.m_263475_(GsonHelper.java:531) ~[server-1.20.1-20230612.114412-srg.jar%23420!/:?]
	at net.minecraft.util.GsonHelper.m_13776_(GsonHelper.java:581) ~[server-1.20.1-20230612.114412-srg.jar%23420!/:?]
	at net.minecraft.server.packs.resources.SimpleJsonResourceReloadListener.m_278771_(SimpleJsonResourceReloadListener.java:41) ~[server-1.20.1-20230612.114412-srg.jar%23420!/:?]
	at net.minecraft.server.packs.resources.SimpleJsonResourceReloadListener.m_5944_(SimpleJsonResourceReloadListener.java:29) ~[server-1.20.1-20230612.114412-srg.jar%23420!/:?]
	at net.minecraft.server.packs.resources.SimpleJsonResourceReloadListener.m_5944_(SimpleJsonResourceReloadListener.java:17) ~[server-1.20.1-20230612.114412-srg.jar%23420!/:?]
	at net.minecraft.server.packs.resources.SimplePreparableReloadListener.m_10786_(SimplePreparableReloadListener.java:11) ~[server-1.20.1-20230612.114412-srg.jar%23420!/:?]
	at java.util.concurrent.CompletableFuture$AsyncSupply.run(CompletableFuture.java:1768) ~[?:?]
	at java.util.concurrent.CompletableFuture$AsyncSupply.exec(CompletableFuture.java:1760) ~[?:?]
	at java.util.concurrent.ForkJoinTask.doExec(ForkJoinTask.java:373) ~[?:?]
	at java.util.concurrent.ForkJoinPool$WorkQueue.topLevelExec(ForkJoinPool.java:1182) ~[?:?]
	at java.util.concurrent.ForkJoinPool.scan(ForkJoinPool.java:1655) ~[?:?]
	at java.util.concurrent.ForkJoinPool.runWorker(ForkJoinPool.java:1622) ~[?:?]
	at java.util.concurrent.ForkJoinWorkerThread.run(ForkJoinWorkerThread.java:165) ~[?:?]
Caused by: java.io.EOFException: End of input at line 1 column 1 path $
	at com.google.gson.stream.JsonReader.nextNonWhitespace(JsonReader.java:1455) ~[gson-2.10.jar%2372!/:?]
	at com.google.gson.stream.JsonReader.doPeek(JsonReader.java:558) ~[gson-2.10.jar%2372!/:?]
	at com.google.gson.stream.JsonReader.peek(JsonReader.java:433) ~[gson-2.10.jar%2372!/:?]
	at com.google.gson.internal.bind.TypeAdapters$28.read(TypeAdapters.java:769) ~[gson-2.10.jar%2372!/:?]
	at com.google.gson.internal.bind.TypeAdapters$28.read(TypeAdapters.java:725) ~[gson-2.10.jar%2372!/:?]
	at com.google.gson.internal.bind.TypeAdapters$34$1.read(TypeAdapters.java:1007) ~[gson-2.10.jar%2372!/:?]
	at net.minecraft.util.GsonHelper.m_13780_(GsonHelper.java:524) ~[server-1.20.1-20230612.114412-srg.jar%23420!/:?]
	... 13 more
[02Sep2026 01:02:01.681] [Worker-Main-2/ERROR] [net.minecraft.server.packs.resources.SimpleJsonResourceReloadListener/]: Couldn't parse data file efn:air_tachi_to_co from efn:recipes/air_tachi_to_co.json
com.google.gson.JsonParseException: java.io.EOFException: End of input at line 1 column 1 path $
	at net.minecraft.util.GsonHelper.m_13780_(GsonHelper.java:526) ~[server-1.20.1-20230612.114412-srg.jar%23420!/:?]
	at net.minecraft.util.GsonHelper.m_263475_(GsonHelper.java:531) ~[server-1.20.1-20230612.114412-srg.jar%23420!/:?]
	at net.minecraft.util.GsonHelper.m_13776_(GsonHelper.java:581) ~[server-1.20.1-20230612.114412-srg.jar%23420!/:?]
	at net.minecraft.server.packs.resources.SimpleJsonResourceReloadListener.m_278771_(SimpleJsonResourceReloadListener.java:41) ~[server-1.20.1-20230612.114412-srg.jar%23420!/:?]
	at net.minecraft.server.packs.resources.SimpleJsonResourceReloadListener.m_5944_(SimpleJsonResourceReloadListener.java:29) ~[server-1.20.1-20230612.114412-srg.jar%23420!/:?]
	at net.minecraft.server.packs.resources.SimpleJsonResourceReloadListener.m_5944_(SimpleJsonResourceReloadListener.java:17) ~[server-1.20.1-20230612.114412-srg.jar%23420!/:?]
	at net.minecraft.server.packs.resources.SimplePreparableReloadListener.m_10786_(SimplePreparableReloadListener.java:11) ~[server-1.20.1-20230612.114412-srg.jar%23420!/:?]
	at java.util.concurrent.CompletableFuture$AsyncSupply.run(CompletableFuture.java:1768) ~[?:?]
	at java.util.concurrent.CompletableFuture$AsyncSupply.exec(CompletableFuture.java:1760) ~[?:?]
	at java.util.concurrent.ForkJoinTask.doExec(ForkJoinTask.java:373) ~[?:?]
	at java.util.concurrent.ForkJoinPool$WorkQueue.topLevelExec(ForkJoinPool.java:1182) ~[?:?]
	at java.util.concurrent.ForkJoinPool.scan(ForkJoinPool.java:1655) ~[?:?]
	at java.util.concurrent.ForkJoinPool.runWorker(ForkJoinPool.java:1622) ~[?:?]
	at java.util.concurrent.ForkJoinWorkerThread.run(ForkJoinWorkerThread.java:165) ~[?:?]
Caused by: java.io.EOFException: End of input at line 1 column 1 path $
	at com.google.gson.stream.JsonReader.nextNonWhitespace(JsonReader.java:1455) ~[gson-2.10.jar%2372!/:?]
	at com.google.gson.stream.JsonReader.doPeek(JsonReader.java:558) ~[gson-2.10.jar%2372!/:?]
	at com.google.gson.stream.JsonReader.peek(JsonReader.java:433) ~[gson-2.10.jar%2372!/:?]
	at com.google.gson.internal.bind.TypeAdapters$28.read(TypeAdapters.java:769) ~[gson-2.10.jar%2372!/:?]
	at com.google.gson.internal.bind.TypeAdapters$28.read(TypeAdapters.java:725) ~[gson-2.10.jar%2372!/:?]
	at com.google.gson.internal.bind.TypeAdapters$34$1.read(TypeAdapters.java:1007) ~[gson-2.10.jar%2372!/:?]
	at net.minecraft.util.GsonHelper.m_13780_(GsonHelper.java:524) ~[server-1.20.1-20230612.114412-srg.jar%23420!/:?]
	... 13 more
[02Sep2026 01:02:01.682] [Worker-Main-2/ERROR] [net.minecraft.server.packs.resources.SimpleJsonResourceReloadListener/]: Couldn't parse data file irons_spellbooks:alchemist_cauldron/brew_oakskin_elixir from irons_spellbooks:recipes/alchemist_cauldron/brew_oakskin_elixir.json
com.google.gson.JsonParseException: java.io.EOFException: End of input at line 1 column 1 path $
	at net.minecraft.util.GsonHelper.m_13780_(GsonHelper.java:526) ~[server-1.20.1-20230612.114412-srg.jar%23420!/:?]
	at net.minecraft.util.GsonHelper.m_263475_(GsonHelper.java:531) ~[server-1.20.1-20230612.114412-srg.jar%23420!/:?]
	at net.minecraft.util.GsonHelper.m_13776_(GsonHelper.java:581) ~[server-1.20.1-20230612.114412-srg.jar%23420!/:?]
	at net.minecraft.server.packs.resources.SimpleJsonResourceReloadListener.m_278771_(SimpleJsonResourceReloadListener.java:41) ~[server-1.20.1-20230612.114412-srg.jar%23420!/:?]
	at net.minecraft.server.packs.resources.SimpleJsonResourceReloadListener.m_5944_(SimpleJsonResourceReloadListener.java:29) ~[server-1.20.1-20230612.114412-srg.jar%23420!/:?]
	at net.minecraft.server.packs.resources.SimpleJsonResourceReloadListener.m_5944_(SimpleJsonResourceReloadListener.java:17) ~[server-1.20.1-20230612.114412-srg.jar%23420!/:?]
	at net.minecraft.server.packs.resources.SimplePreparableReloadListener.m_10786_(SimplePreparableReloadListener.java:11) ~[server-1.20.1-20230612.114412-srg.jar%23420!/:?]
	at java.util.concurrent.CompletableFuture$AsyncSupply.run(CompletableFuture.java:1768) ~[?:?]
	at java.util.concurrent.CompletableFuture$AsyncSupply.exec(CompletableFuture.java:1760) ~[?:?]
	at java.util.concurrent.ForkJoinTask.doExec(ForkJoinTask.java:373) ~[?:?]
	at java.util.concurrent.ForkJoinPool$WorkQueue.topLevelExec(ForkJoinPool.java:1182) ~[?:?]
	at java.util.concurrent.ForkJoinPool.scan(ForkJoinPool.java:1655) ~[?:?]
	at java.util.concurrent.ForkJoinPool.runWorker(ForkJoinPool.java:1622) ~[?:?]
	at java.util.concurrent.ForkJoinWorkerThread.run(ForkJoinWorkerThread.java:165) ~[?:?]
Caused by: java.io.EOFException: End of input at line 1 column 1 path $
	at com.google.gson.stream.JsonReader.nextNonWhitespace(JsonReader.java:1455) ~[gson-2.10.jar%2372!/:?]
	at com.google.gson.stream.JsonReader.doPeek(JsonReader.java:558) ~[gson-2.10.jar%2372!/:?]
	at com.google.gson.stream.JsonReader.peek(JsonReader.java:433) ~[gson-2.10.jar%2372!/:?]
	at com.google.gson.internal.bind.TypeAdapters$28.read(TypeAdapters.java:769) ~[gson-2.10.jar%2372!/:?]
	at com.google.gson.internal.bind.TypeAdapters$28.read(TypeAdapters.java:725) ~[gson-2.10.jar%2372!/:?]
	at com.google.gson.internal.bind.TypeAdapters$34$1.read(TypeAdapters.java:1007) ~[gson-2.10.jar%2372!/:?]
	at net.minecraft.util.GsonHelper.m_13780_(GsonHelper.java:524) ~[server-1.20.1-20230612.114412-srg.jar%23420!/:?]
	... 13 more
[02Sep2026 01:02:01.684] [Worker-Main-2/ERROR] [net.minecraft.server.packs.resources.SimpleJsonResourceReloadListener/]: Couldn't parse data file dodosmobs:amalgam_claws from dodosmobs:recipes/amalgam_claws.json
com.google.gson.JsonParseException: java.io.EOFException: End of input at line 1 column 1 path $
	at net.minecraft.util.GsonHelper.m_13780_(GsonHelper.java:526) ~[server-1.20.1-20230612.114412-srg.jar%23420!/:?]
	at net.minecraft.util.GsonHelper.m_263475_(GsonHelper.java:531) ~[server-1.20.1-20230612.114412-srg.jar%23420!/:?]
	at net.minecraft.util.GsonHelper.m_13776_(GsonHelper.java:581) ~[server-1.20.1-20230612.114412-srg.jar%23420!/:?]
	at net.minecraft.server.packs.resources.SimpleJsonResourceReloadListener.m_278771_(SimpleJsonResourceReloadListener.java:41) ~[server-1.20.1-20230612.114412-srg.jar%23420!/:?]
	at net.minecraft.server.packs.resources.SimpleJsonResourceReloadListener.m_5944_(SimpleJsonResourceReloadListener.java:29) ~[server-1.20.1-20230612.114412-srg.jar%23420!/:?]
	at net.minecraft.server.packs.resources.SimpleJsonResourceReloadListener.m_5944_(SimpleJsonResourceReloadListener.java:17) ~[server-1.20.1-20230612.114412-srg.jar%23420!/:?]
	at net.minecraft.server.packs.resources.SimplePreparableReloadListener.m_10786_(SimplePreparableReloadListener.java:11) ~[server-1.20.1-20230612.114412-srg.jar%23420!/:?]
	at java.util.concurrent.CompletableFuture$AsyncSupply.run(CompletableFuture.java:1768) ~[?:?]
	at java.util.concurrent.CompletableFuture$AsyncSupply.exec(CompletableFuture.java:1760) ~[?:?]
	at java.util.concurrent.ForkJoinTask.doExec(ForkJoinTask.java:373) ~[?:?]
	at java.util.concurrent.ForkJoinPool$WorkQueue.topLevelExec(ForkJoinPool.java:1182) ~[?:?]
	at java.util.concurrent.ForkJoinPool.scan(ForkJoinPool.java:1655) ~[?:?]
	at java.util.concurrent.ForkJoinPool.runWorker(ForkJoinPool.java:1622) ~[?:?]
	at java.util.concurrent.ForkJoinWorkerThread.run(ForkJoinWorkerThread.java:165) ~[?:?]
Caused by: java.io.EOFException: End of input at line 1 column 1 path $
	at com.google.gson.stream.JsonReader.nextNonWhitespace(JsonReader.java:1455) ~[gson-2.10.jar%2372!/:?]
	at com.google.gson.stream.JsonReader.doPeek(JsonReader.java:558) ~[gson-2.10.jar%2372!/:?]
	at com.google.gson.stream.JsonReader.peek(JsonReader.java:433) ~[gson-2.10.jar%2372!/:?]
	at com.google.gson.internal.bind.TypeAdapters$28.read(TypeAdapters.java:769) ~[gson-2.10.jar%2372!/:?]
	at com.google.gson.internal.bind.TypeAdapters$28.read(TypeAdapters.java:725) ~[gson-2.10.jar%2372!/:?]
	at com.google.gson.internal.bind.TypeAdapters$34$1.read(TypeAdapters.java:1007) ~[gson-2.10.jar%2372!/:?]
	at net.minecraft.util.GsonHelper.m_13780_(GsonHelper.java:524) ~[server-1.20.1-20230612.114412-srg.jar%23420!/:?]
	... 13 more
[02Sep2026 01:02:01.684] [Worker-Main-2/ERROR] [net.minecraft.server.packs.resources.SimpleJsonResourceReloadListener/]: Couldn't parse data file irons_spellbooks:amethyst_rapier from irons_spellbooks:recipes/amethyst_rapier.json
com.google.gson.JsonParseException: java.io.EOFException: End of input at line 1 column 1 path $
	at net.minecraft.util.GsonHelper.m_13780_(GsonHelper.java:526) ~[server-1.20.1-20230612.114412-srg.jar%23420!/:?]
	at net.minecraft.util.GsonHelper.m_263475_(GsonHelper.java:531) ~[server-1.20.1-20230612.114412-srg.jar%23420!/:?]
	at net.minecraft.util.GsonHelper.m_13776_(GsonHelper.java:581) ~[server-1.20.1-20230612.114412-srg.jar%23420!/:?]
	at net.minecraft.server.packs.resources.SimpleJsonResourceReloadListener.m_278771_(SimpleJsonResourceReloadListener.java:41) ~[server-1.20.1-20230612.114412-srg.jar%23420!/:?]
	at net.minecraft.server.packs.resources.SimpleJsonResourceReloadListener.m_5944_(SimpleJsonResourceReloadListener.java:29) ~[server-1.20.1-20230612.114412-srg.jar%23420!/:?]
	at net.minecraft.server.packs.resources.SimpleJsonResourceReloadListener.m_5944_(SimpleJsonResourceReloadListener.java:17) ~[server-1.20.1-20230612.114412-srg.jar%23420!/:?]
	at net.minecraft.server.packs.resources.SimplePreparableReloadListener.m_10786_(SimplePreparableReloadListener.java:11) ~[server-1.20.1-20230612.114412-srg.jar%23420!/:?]
	at java.util.concurrent.CompletableFuture$AsyncSupply.run(CompletableFuture.java:1768) ~[?:?]
	at java.util.concurrent.CompletableFuture$AsyncSupply.exec(CompletableFuture.java:1760) ~[?:?]
	at java.util.concurrent.ForkJoinTask.doExec(ForkJoinTask.java:373) ~[?:?]
	at java.util.concurrent.ForkJoinPool$WorkQueue.topLevelExec(ForkJoinPool.java:1182) ~[?:?]
	at java.util.concurrent.ForkJoinPool.scan(ForkJoinPool.java:1655) ~[?:?]
	at java.util.concurrent.ForkJoinPool.runWorker(ForkJoinPool.java:1622) ~[?:?]
	at java.util.concurrent.ForkJoinWorkerThread.run(ForkJoinWorkerThread.java:165) ~[?:?]
Caused by: java.io.EOFException: End of input at line 1 column 1 path $
	at com.google.gson.stream.JsonReader.nextNonWhitespace(JsonReader.java:1455) ~[gson-2.10.jar%2372!/:?]
	at com.google.gson.stream.JsonReader.doPeek(JsonReader.java:558) ~[gson-2.10.jar%2372!/:?]
	at com.google.gson.stream.JsonReader.peek(JsonReader.java:433) ~[gson-2.10.jar%2372!/:?]
	at com.google.gson.internal.bind.TypeAdapters$28.read(TypeAdapters.java:769) ~[gson-2.10.jar%2372!/:?]
	at com.google.gson.internal.bind.TypeAdapters$28.read(TypeAdapters.java:725) ~[gson-2.10.jar%2372!/:?]
	at com.google.gson.internal.bind.TypeAdapters$34$1.read(TypeAdapters.java:1007) ~[gson-2.10.jar%2372!/:?]
	at net.minecraft.util.GsonHelper.m_13780_(GsonHelper.java:524) ~[server-1.20.1-20230612.114412-srg.jar%23420!/:?]
	... 13 more
[02Sep2026 01:02:01.685] [Worker-Main-2/ERROR] [net.minecraft.server.packs.resources.SimpleJsonResourceReloadListener/]: Couldn't parse data file cataclysm:ancient_spear from cataclysm:recipes/ancient_spear.json
com.google.gson.JsonParseException: java.io.EOFException: End of input at line 1 column 1 path $
	at net.minecraft.util.GsonHelper.m_13780_(GsonHelper.java:526) ~[server-1.20.1-20230612.114412-srg.jar%23420!/:?]
	at net.minecraft.util.GsonHelper.m_263475_(GsonHelper.java:531) ~[server-1.20.1-20230612.114412-srg.jar%23420!/:?]
	at net.minecraft.util.GsonHelper.m_13776_(GsonHelper.java:581) ~[server-1.20.1-20230612.114412-srg.jar%23420!/:?]
	at net.minecraft.server.packs.resources.SimpleJsonResourceReloadListener.m_278771_(SimpleJsonResourceReloadListener.java:41) ~[server-1.20.1-20230612.114412-srg.jar%23420!/:?]
	at net.minecraft.server.packs.resources.SimpleJsonResourceReloadListener.m_5944_(SimpleJsonResourceReloadListener.java:29) ~[server-1.20.1-20230612.114412-srg.jar%23420!/:?]
	at net.minecraft.server.packs.resources.SimpleJsonResourceReloadListener.m_5944_(SimpleJsonResourceReloadListener.java:17) ~[server-1.20.1-20230612.114412-srg.jar%23420!/:?]
	at net.minecraft.server.packs.resources.SimplePreparableReloadListener.m_10786_(SimplePreparableReloadListener.java:11) ~[server-1.20.1-20230612.114412-srg.jar%23420!/:?]
	at java.util.concurrent.CompletableFuture$AsyncSupply.run(CompletableFuture.java:1768) ~[?:?]
	at java.util.concurrent.CompletableFuture$AsyncSupply.exec(CompletableFuture.java:1760) ~[?:?]
	at java.util.concurrent.ForkJoinTask.doExec(ForkJoinTask.java:373) ~[?:?]
	at java.util.concurrent.ForkJoinPool$WorkQueue.topLevelExec(ForkJoinPool.java:1182) ~[?:?]
	at java.util.concurrent.ForkJoinPool.scan(ForkJoinPool.java:1655) ~[?:?]
	at java.util.concurrent.ForkJoinPool.runWorker(ForkJoinPool.java:1622) ~[?:?]
	at java.util.concurrent.ForkJoinWorkerThread.run(ForkJoinWorkerThread.java:165) ~[?:?]
Caused by: java.io.EOFException: End of input at line 1 column 1 path $
	at com.google.gson.stream.JsonReader.nextNonWhitespace(JsonReader.java:1455) ~[gson-2.10.jar%2372!/:?]
	at com.google.gson.stream.JsonReader.doPeek(JsonReader.java:558) ~[gson-2.10.jar%2372!/:?]
	at com.google.gson.stream.JsonReader.peek(JsonReader.java:433) ~[gson-2.10.jar%2372!/:?]
	at com.google.gson.internal.bind.TypeAdapters$28.read(TypeAdapters.java:769) ~[gson-2.10.jar%2372!/:?]
	at com.google.gson.internal.bind.TypeAdapters$28.read(TypeAdapters.java:725) ~[gson-2.10.jar%2372!/:?]
	at com.google.gson.internal.bind.TypeAdapters$34$1.read(TypeAdapters.java:1007) ~[gson-2.10.jar%2372!/:?]
	at net.minecraft.util.GsonHelper.m_13780_(GsonHelper.java:524) ~[server-1.20.1-20230612.114412-srg.jar%23420!/:?]
	... 13 more
[02Sep2026 01:02:01.686] [Worker-Main-2/ERROR] [net.minecraft.server.packs.resources.SimpleJsonResourceReloadListener/]: Couldn't parse data file irons_spellbooks:arcane_anvil from irons_spellbooks:recipes/arcane_anvil.json
com.google.gson.JsonParseException: java.io.EOFException: End of input at line 1 column 1 path $
	at net.minecraft.util.GsonHelper.m_13780_(GsonHelper.java:526) ~[server-1.20.1-20230612.114412-srg.jar%23420!/:?]
	at net.minecraft.util.GsonHelper.m_263475_(GsonHelper.java:531) ~[server-1.20.1-20230612.114412-srg.jar%23420!/:?]
	at net.minecraft.util.GsonHelper.m_13776_(GsonHelper.java:581) ~[server-1.20.1-20230612.114412-srg.jar%23420!/:?]
	at net.minecraft.server.packs.resources.SimpleJsonResourceReloadListener.m_278771_(SimpleJsonResourceReloadListener.java:41) ~[server-1.20.1-20230612.114412-srg.jar%23420!/:?]
	at net.minecraft.server.packs.resources.SimpleJsonResourceReloadListener.m_5944_(SimpleJsonResourceReloadListener.java:29) ~[server-1.20.1-20230612.114412-srg.jar%23420!/:?]
	at net.minecraft.server.packs.resources.SimpleJsonResourceReloadListener.m_5944_(SimpleJsonResourceReloadListener.java:17) ~[server-1.20.1-20230612.114412-srg.jar%23420!/:?]
	at net.minecraft.server.packs.resources.SimplePreparableReloadListener.m_10786_(SimplePreparableReloadListener.java:11) ~[server-1.20.1-20230612.114412-srg.jar%23420!/:?]
	at java.util.concurrent.CompletableFuture$AsyncSupply.run(CompletableFuture.java:1768) ~[?:?]
	at java.util.concurrent.CompletableFuture$AsyncSupply.exec(CompletableFuture.java:1760) ~[?:?]
	at java.util.concurrent.ForkJoinTask.doExec(ForkJoinTask.java:373) ~[?:?]
	at java.util.concurrent.ForkJoinPool$WorkQueue.topLevelExec(ForkJoinPool.java:1182) ~[?:?]
	at java.util.concurrent.ForkJoinPool.scan(ForkJoinPool.java:1655) ~[?:?]
	at java.util.concurrent.ForkJoinPool.runWorker(ForkJoinPool.java:1622) ~[?:?]
	at java.util.concurrent.ForkJoinWorkerThread.run(ForkJoinWorkerThread.java:165) ~[?:?]
Caused by: java.io.EOFException: End of input at line 1 column 1 path $
	at com.google.gson.stream.JsonReader.nextNonWhitespace(JsonReader.java:1455) ~[gson-2.10.jar%2372!/:?]
	at com.google.gson.stream.JsonReader.doPeek(JsonReader.java:558) ~[gson-2.10.jar%2372!/:?]
	at com.google.gson.stream.JsonReader.peek(JsonReader.java:433) ~[gson-2.10.jar%2372!/:?]
	at com.google.gson.internal.bind.TypeAdapters$28.read(TypeAdapters.java:769) ~[gson-2.10.jar%2372!/:?]
	at com.google.gson.internal.bind.TypeAdapters$28.read(TypeAdapters.java:725) ~[gson-2.10.jar%2372!/:?]
	at com.google.gson.internal.bind.TypeAdapters$34$1.read(TypeAdapters.java:1007) ~[gson-2.10.jar%2372!/:?]
	at net.minecraft.util.GsonHelper.m_13780_(GsonHelper.java:524) ~[server-1.20.1-20230612.114412-srg.jar%23420!/:?]
	... 13 more
[02Sep2026 01:02:01.687] [Worker-Main-2/ERROR] [net.minecraft.server.packs.resources.SimpleJsonResourceReloadListener/]: Couldn't parse data file irons_spellbooks:artificer_cane from irons_spellbooks:recipes/artificer_cane.json
com.google.gson.JsonParseException: java.io.EOFException: End of input at line 1 column 1 path $
	at net.minecraft.util.GsonHelper.m_13780_(GsonHelper.java:526) ~[server-1.20.1-20230612.114412-srg.jar%23420!/:?]
	at net.minecraft.util.GsonHelper.m_263475_(GsonHelper.java:531) ~[server-1.20.1-20230612.114412-srg.jar%23420!/:?]
	at net.minecraft.util.GsonHelper.m_13776_(GsonHelper.java:581) ~[server-1.20.1-20230612.114412-srg.jar%23420!/:?]
	at net.minecraft.server.packs.resources.SimpleJsonResourceReloadListener.m_278771_(SimpleJsonResourceReloadListener.java:41) ~[server-1.20.1-20230612.114412-srg.jar%23420!/:?]
	at net.minecraft.server.packs.resources.SimpleJsonResourceReloadListener.m_5944_(SimpleJsonResourceReloadListener.java:29) ~[server-1.20.1-20230612.114412-srg.jar%23420!/:?]
	at net.minecraft.server.packs.resources.SimpleJsonResourceReloadListener.m_5944_(SimpleJsonResourceReloadListener.java:17) ~[server-1.20.1-20230612.114412-srg.jar%23420!/:?]
	at net.minecraft.server.packs.resources.SimplePreparableReloadListener.m_10786_(SimplePreparableReloadListener.java:11) ~[server-1.20.1-20230612.114412-srg.jar%23420!/:?]
	at java.util.concurrent.CompletableFuture$AsyncSupply.run(CompletableFuture.java:1768) ~[?:?]
	at java.util.concurrent.CompletableFuture$AsyncSupply.exec(CompletableFuture.java:1760) ~[?:?]
	at java.util.concurrent.ForkJoinTask.doExec(ForkJoinTask.java:373) ~[?:?]
	at java.util.concurrent.ForkJoinPool$WorkQueue.topLevelExec(ForkJoinPool.java:1182) ~[?:?]
	at java.util.concurrent.ForkJoinPool.scan(ForkJoinPool.java:1655) ~[?:?]
	at java.util.concurrent.ForkJoinPool.runWorker(ForkJoinPool.java:1622) ~[?:?]
	at java.util.concurrent.ForkJoinWorkerThread.run(ForkJoinWorkerThread.java:165) ~[?:?]
Caused by: java.io.EOFException: End of input at line 1 column 1 path $
	at com.google.gson.stream.JsonReader.nextNonWhitespace(JsonReader.java:1455) ~[gson-2.10.jar%2372!/:?]
	at com.google.gson.stream.JsonReader.doPeek(JsonReader.java:558) ~[gson-2.10.jar%2372!/:?]
	at com.google.gson.stream.JsonReader.peek(JsonReader.java:433) ~[gson-2.10.jar%2372!/:?]
	at com.google.gson.internal.bind.TypeAdapters$28.read(TypeAdapters.java:769) ~[gson-2.10.jar%2372!/:?]
	at com.google.gson.internal.bind.TypeAdapters$28.read(TypeAdapters.java:725) ~[gson-2.10.jar%2372!/:?]
	at com.google.gson.internal.bind.TypeAdapters$34$1.read(TypeAdapters.java:1007) ~[gson-2.10.jar%2372!/:?]
	at net.minecraft.util.GsonHelper.m_13780_(GsonHelper.java:524) ~[server-1.20.1-20230612.114412-srg.jar%23420!/:?]
	... 13 more
[02Sep2026 01:02:01.688] [Worker-Main-2/ERROR] [net.minecraft.server.packs.resources.SimpleJsonResourceReloadListener/]: Couldn't parse data file cataclysm:astrape from cataclysm:recipes/astrape.json
com.google.gson.JsonParseException: java.io.EOFException: End of input at line 1 column 1 path $
	at net.minecraft.util.GsonHelper.m_13780_(GsonHelper.java:526) ~[server-1.20.1-20230612.114412-srg.jar%23420!/:?]
	at net.minecraft.util.GsonHelper.m_263475_(GsonHelper.java:531) ~[server-1.20.1-20230612.114412-srg.jar%23420!/:?]
	at net.minecraft.util.GsonHelper.m_13776_(GsonHelper.java:581) ~[server-1.20.1-20230612.114412-srg.jar%23420!/:?]
	at net.minecraft.server.packs.resources.SimpleJsonResourceReloadListener.m_278771_(SimpleJsonResourceReloadListener.java:41) ~[server-1.20.1-20230612.114412-srg.jar%23420!/:?]
	at net.minecraft.server.packs.resources.SimpleJsonResourceReloadListener.m_5944_(SimpleJsonResourceReloadListener.java:29) ~[server-1.20.1-20230612.114412-srg.jar%23420!/:?]
	at net.minecraft.server.packs.resources.SimpleJsonResourceReloadListener.m_5944_(SimpleJsonResourceReloadListener.java:17) ~[server-1.20.1-20230612.114412-srg.jar%23420!/:?]
	at net.minecraft.server.packs.resources.SimplePreparableReloadListener.m_10786_(SimplePreparableReloadListener.java:11) ~[server-1.20.1-20230612.114412-srg.jar%23420!/:?]
	at java.util.concurrent.CompletableFuture$AsyncSupply.run(CompletableFuture.java:1768) ~[?:?]
	at java.util.concurrent.CompletableFuture$AsyncSupply.exec(CompletableFuture.java:1760) ~[?:?]
	at java.util.concurrent.ForkJoinTask.doExec(ForkJoinTask.java:373) ~[?:?]
	at java.util.concurrent.ForkJoinPool$WorkQueue.topLevelExec(ForkJoinPool.java:1182) ~[?:?]
	at java.util.concurrent.ForkJoinPool.scan(ForkJoinPool.java:1655) ~[?:?]
	at java.util.concurrent.ForkJoinPool.runWorker(ForkJoinPool.java:1622) ~[?:?]
	at java.util.concurrent.ForkJoinWorkerThread.run(ForkJoinWorkerThread.java:165) ~[?:?]
Caused by: java.io.EOFException: End of input at line 1 column 1 path $
	at com.google.gson.stream.JsonReader.nextNonWhitespace(JsonReader.java:1455) ~[gson-2.10.jar%2372!/:?]
	at com.google.gson.stream.JsonReader.doPeek(JsonReader.java:558) ~[gson-2.10.jar%2372!/:?]
	at com.google.gson.stream.JsonReader.peek(JsonReader.java:433) ~[gson-2.10.jar%2372!/:?]
	at com.google.gson.internal.bind.TypeAdapters$28.read(TypeAdapters.java:769) ~[gson-2.10.jar%2372!/:?]
	at com.google.gson.internal.bind.TypeAdapters$28.read(TypeAdapters.java:725) ~[gson-2.10.jar%2372!/:?]
	at com.google.gson.internal.bind.TypeAdapters$34$1.read(TypeAdapters.java:1007) ~[gson-2.10.jar%2372!/:?]
	at net.minecraft.util.GsonHelper.m_13780_(GsonHelper.java:524) ~[server-1.20.1-20230612.114412-srg.jar%23420!/:?]
	... 13 more
[02Sep2026 01:02:01.693] [Worker-Main-2/ERROR] [net.minecraft.server.packs.resources.SimpleJsonResourceReloadListener/]: Couldn't parse data file cataclysm:blazing_grips from cataclysm:recipes/blazing_grips.json
com.google.gson.JsonParseException: java.io.EOFException: End of input at line 1 column 1 path $
	at net.minecraft.util.GsonHelper.m_13780_(GsonHelper.java:526) ~[server-1.20.1-20230612.114412-srg.jar%23420!/:?]
	at net.minecraft.util.GsonHelper.m_263475_(GsonHelper.java:531) ~[server-1.20.1-20230612.114412-srg.jar%23420!/:?]
	at net.minecraft.util.GsonHelper.m_13776_(GsonHelper.java:581) ~[server-1.20.1-20230612.114412-srg.jar%23420!/:?]
	at net.minecraft.server.packs.resources.SimpleJsonResourceReloadListener.m_278771_(SimpleJsonResourceReloadListener.java:41) ~[server-1.20.1-20230612.114412-srg.jar%23420!/:?]
	at net.minecraft.server.packs.resources.SimpleJsonResourceReloadListener.m_5944_(SimpleJsonResourceReloadListener.java:29) ~[server-1.20.1-20230612.114412-srg.jar%23420!/:?]
	at net.minecraft.server.packs.resources.SimpleJsonResourceReloadListener.m_5944_(SimpleJsonResourceReloadListener.java:17) ~[server-1.20.1-20230612.114412-srg.jar%23420!/:?]
	at net.minecraft.server.packs.resources.SimplePreparableReloadListener.m_10786_(SimplePreparableReloadListener.java:11) ~[server-1.20.1-20230612.114412-srg.jar%23420!/:?]
	at java.util.concurrent.CompletableFuture$AsyncSupply.run(CompletableFuture.java:1768) ~[?:?]
	at java.util.concurrent.CompletableFuture$AsyncSupply.exec(CompletableFuture.java:1760) ~[?:?]
	at java.util.concurrent.ForkJoinTask.doExec(ForkJoinTask.java:373) ~[?:?]
	at java.util.concurrent.ForkJoinPool$WorkQueue.topLevelExec(ForkJoinPool.java:1182) ~[?:?]
	at java.util.concurrent.ForkJoinPool.scan(ForkJoinPool.java:1655) ~[?:?]
	at java.util.concurrent.ForkJoinPool.runWorker(ForkJoinPool.java:1622) ~[?:?]
	at java.util.concurrent.ForkJoinWorkerThread.run(ForkJoinWorkerThread.java:165) ~[?:?]
Caused by: java.io.EOFException: End of input at line 1 column 1 path $
	at com.google.gson.stream.JsonReader.nextNonWhitespace(JsonReader.java:1455) ~[gson-2.10.jar%2372!/:?]
	at com.google.gson.stream.JsonReader.doPeek(JsonReader.java:558) ~[gson-2.10.jar%2372!/:?]
	at com.google.gson.stream.JsonReader.peek(JsonReader.java:433) ~[gson-2.10.jar%2372!/:?]
	at com.google.gson.internal.bind.TypeAdapters$28.read(TypeAdapters.java:769) ~[gson-2.10.jar%2372!/:?]
	at com.google.gson.internal.bind.TypeAdapters$28.read(TypeAdapters.java:725) ~[gson-2.10.jar%2372!/:?]
	at com.google.gson.internal.bind.TypeAdapters$34$1.read(TypeAdapters.java:1007) ~[gson-2.10.jar%2372!/:?]
	at net.minecraft.util.GsonHelper.m_13780_(GsonHelper.java:524) ~[server-1.20.1-20230612.114412-srg.jar%23420!/:?]
	... 13 more
[02Sep2026 01:02:01.694] [Worker-Main-2/ERROR] [net.minecraft.server.packs.resources.SimpleJsonResourceReloadListener/]: Couldn't parse data file cataclysm_spellbooks:bloom_stone_staff from cataclysm_spellbooks:recipes/bloom_stone_staff.json
com.google.gson.JsonParseException: java.io.EOFException: End of input at line 1 column 1 path $
	at net.minecraft.util.GsonHelper.m_13780_(GsonHelper.java:526) ~[server-1.20.1-20230612.114412-srg.jar%23420!/:?]
	at net.minecraft.util.GsonHelper.m_263475_(GsonHelper.java:531) ~[server-1.20.1-20230612.114412-srg.jar%23420!/:?]
	at net.minecraft.util.GsonHelper.m_13776_(GsonHelper.java:581) ~[server-1.20.1-20230612.114412-srg.jar%23420!/:?]
	at net.minecraft.server.packs.resources.SimpleJsonResourceReloadListener.m_278771_(SimpleJsonResourceReloadListener.java:41) ~[server-1.20.1-20230612.114412-srg.jar%23420!/:?]
	at net.minecraft.server.packs.resources.SimpleJsonResourceReloadListener.m_5944_(SimpleJsonResourceReloadListener.java:29) ~[server-1.20.1-20230612.114412-srg.jar%23420!/:?]
	at net.minecraft.server.packs.resources.SimpleJsonResourceReloadListener.m_5944_(SimpleJsonResourceReloadListener.java:17) ~[server-1.20.1-20230612.114412-srg.jar%23420!/:?]
	at net.minecraft.server.packs.resources.SimplePreparableReloadListener.m_10786_(SimplePreparableReloadListener.java:11) ~[server-1.20.1-20230612.114412-srg.jar%23420!/:?]
	at java.util.concurrent.CompletableFuture$AsyncSupply.run(CompletableFuture.java:1768) ~[?:?]
	at java.util.concurrent.CompletableFuture$AsyncSupply.exec(CompletableFuture.java:1760) ~[?:?]
	at java.util.concurrent.ForkJoinTask.doExec(ForkJoinTask.java:373) ~[?:?]
	at java.util.concurrent.ForkJoinPool$WorkQueue.topLevelExec(ForkJoinPool.java:1182) ~[?:?]
	at java.util.concurrent.ForkJoinPool.scan(ForkJoinPool.java:1655) ~[?:?]
	at java.util.concurrent.ForkJoinPool.runWorker(ForkJoinPool.java:1622) ~[?:?]
	at java.util.concurrent.ForkJoinWorkerThread.run(ForkJoinWorkerThread.java:165) ~[?:?]
Caused by: java.io.EOFException: End of input at line 1 column 1 path $
	at com.google.gson.stream.JsonReader.nextNonWhitespace(JsonReader.java:1455) ~[gson-2.10.jar%2372!/:?]
	at com.google.gson.stream.JsonReader.doPeek(JsonReader.java:558) ~[gson-2.10.jar%2372!/:?]
	at com.google.gson.stream.JsonReader.peek(JsonReader.java:433) ~[gson-2.10.jar%2372!/:?]
	at com.google.gson.internal.bind.TypeAdapters$28.read(TypeAdapters.java:769) ~[gson-2.10.jar%2372!/:?]
	at com.google.gson.internal.bind.TypeAdapters$28.read(TypeAdapters.java:725) ~[gson-2.10.jar%2372!/:?]
	at com.google.gson.internal.bind.TypeAdapters$34$1.read(TypeAdapters.java:1007) ~[gson-2.10.jar%2372!/:?]
	at net.minecraft.util.GsonHelper.m_13780_(GsonHelper.java:524) ~[server-1.20.1-20230612.114412-srg.jar%23420!/:?]
	... 13 more
[02Sep2026 01:02:01.697] [Worker-Main-2/ERROR] [net.minecraft.server.packs.resources.SimpleJsonResourceReloadListener/]: Couldn't parse data file irons_spellbooks:boreal_blade from irons_spellbooks:recipes/boreal_blade.json
com.google.gson.JsonParseException: java.io.EOFException: End of input at line 1 column 1 path $
	at net.minecraft.util.GsonHelper.m_13780_(GsonHelper.java:526) ~[server-1.20.1-20230612.114412-srg.jar%23420!/:?]
	at net.minecraft.util.GsonHelper.m_263475_(GsonHelper.java:531) ~[server-1.20.1-20230612.114412-srg.jar%23420!/:?]
	at net.minecraft.util.GsonHelper.m_13776_(GsonHelper.java:581) ~[server-1.20.1-20230612.114412-srg.jar%23420!/:?]
	at net.minecraft.server.packs.resources.SimpleJsonResourceReloadListener.m_278771_(SimpleJsonResourceReloadListener.java:41) ~[server-1.20.1-20230612.114412-srg.jar%23420!/:?]
	at net.minecraft.server.packs.resources.SimpleJsonResourceReloadListener.m_5944_(SimpleJsonResourceReloadListener.java:29) ~[server-1.20.1-20230612.114412-srg.jar%23420!/:?]
	at net.minecraft.server.packs.resources.SimpleJsonResourceReloadListener.m_5944_(SimpleJsonResourceReloadListener.java:17) ~[server-1.20.1-20230612.114412-srg.jar%23420!/:?]
	at net.minecraft.server.packs.resources.SimplePreparableReloadListener.m_10786_(SimplePreparableReloadListener.java:11) ~[server-1.20.1-20230612.114412-srg.jar%23420!/:?]
	at java.util.concurrent.CompletableFuture$AsyncSupply.run(CompletableFuture.java:1768) ~[?:?]
	at java.util.concurrent.CompletableFuture$AsyncSupply.exec(CompletableFuture.java:1760) ~[?:?]
	at java.util.concurrent.ForkJoinTask.doExec(ForkJoinTask.java:373) ~[?:?]
	at java.util.concurrent.ForkJoinPool$WorkQueue.topLevelExec(ForkJoinPool.java:1182) ~[?:?]
	at java.util.concurrent.ForkJoinPool.scan(ForkJoinPool.java:1655) ~[?:?]
	at java.util.concurrent.ForkJoinPool.runWorker(ForkJoinPool.java:1622) ~[?:?]
	at java.util.concurrent.ForkJoinWorkerThread.run(ForkJoinWorkerThread.java:165) ~[?:?]
Caused by: java.io.EOFException: End of input at line 1 column 1 path $
	at com.google.gson.stream.JsonReader.nextNonWhitespace(JsonReader.java:1455) ~[gson-2.10.jar%2372!/:?]
	at com.google.gson.stream.JsonReader.doPeek(JsonReader.java:558) ~[gson-2.10.jar%2372!/:?]
	at com.google.gson.stream.JsonReader.peek(JsonReader.java:433) ~[gson-2.10.jar%2372!/:?]
	at com.google.gson.internal.bind.TypeAdapters$28.read(TypeAdapters.java:769) ~[gson-2.10.jar%2372!/:?]
	at com.google.gson.internal.bind.TypeAdapters$28.read(TypeAdapters.java:725) ~[gson-2.10.jar%2372!/:?]
	at com.google.gson.internal.bind.TypeAdapters$34$1.read(TypeAdapters.java:1007) ~[gson-2.10.jar%2372!/:?]
	at net.minecraft.util.GsonHelper.m_13780_(GsonHelper.java:524) ~[server-1.20.1-20230612.114412-srg.jar%23420!/:?]
	... 13 more
[02Sep2026 01:02:01.698] [Worker-Main-2/ERROR] [net.minecraft.server.packs.resources.SimpleJsonResourceReloadListener/]: Couldn't parse data file efn:broadblade from efn:recipes/broadblade.json
com.google.gson.JsonParseException: java.io.EOFException: End of input at line 1 column 1 path $
	at net.minecraft.util.GsonHelper.m_13780_(GsonHelper.java:526) ~[server-1.20.1-20230612.114412-srg.jar%23420!/:?]
	at net.minecraft.util.GsonHelper.m_263475_(GsonHelper.java:531) ~[server-1.20.1-20230612.114412-srg.jar%23420!/:?]
	at net.minecraft.util.GsonHelper.m_13776_(GsonHelper.java:581) ~[server-1.20.1-20230612.114412-srg.jar%23420!/:?]
	at net.minecraft.server.packs.resources.SimpleJsonResourceReloadListener.m_278771_(SimpleJsonResourceReloadListener.java:41) ~[server-1.20.1-20230612.114412-srg.jar%23420!/:?]
	at net.minecraft.server.packs.resources.SimpleJsonResourceReloadListener.m_5944_(SimpleJsonResourceReloadListener.java:29) ~[server-1.20.1-20230612.114412-srg.jar%23420!/:?]
	at net.minecraft.server.packs.resources.SimpleJsonResourceReloadListener.m_5944_(SimpleJsonResourceReloadListener.java:17) ~[server-1.20.1-20230612.114412-srg.jar%23420!/:?]
	at net.minecraft.server.packs.resources.SimplePreparableReloadListener.m_10786_(SimplePreparableReloadListener.java:11) ~[server-1.20.1-20230612.114412-srg.jar%23420!/:?]
	at java.util.concurrent.CompletableFuture$AsyncSupply.run(CompletableFuture.java:1768) ~[?:?]
	at java.util.concurrent.CompletableFuture$AsyncSupply.exec(CompletableFuture.java:1760) ~[?:?]
	at java.util.concurrent.ForkJoinTask.doExec(ForkJoinTask.java:373) ~[?:?]
	at java.util.concurrent.ForkJoinPool$WorkQueue.topLevelExec(ForkJoinPool.java:1182) ~[?:?]
	at java.util.concurrent.ForkJoinPool.scan(ForkJoinPool.java:1655) ~[?:?]
	at java.util.concurrent.ForkJoinPool.runWorker(ForkJoinPool.java:1622) ~[?:?]
	at java.util.concurrent.ForkJoinWorkerThread.run(ForkJoinWorkerThread.java:165) ~[?:?]
Caused by: java.io.EOFException: End of input at line 1 column 1 path $
	at com.google.gson.stream.JsonReader.nextNonWhitespace(JsonReader.java:1455) ~[gson-2.10.jar%2372!/:?]
	at com.google.gson.stream.JsonReader.doPeek(JsonReader.java:558) ~[gson-2.10.jar%2372!/:?]
	at com.google.gson.stream.JsonReader.peek(JsonReader.java:433) ~[gson-2.10.jar%2372!/:?]
	at com.google.gson.internal.bind.TypeAdapters$28.read(TypeAdapters.java:769) ~[gson-2.10.jar%2372!/:?]
	at com.google.gson.internal.bind.TypeAdapters$28.read(TypeAdapters.java:725) ~[gson-2.10.jar%2372!/:?]
	at com.google.gson.internal.bind.TypeAdapters$34$1.read(TypeAdapters.java:1007) ~[gson-2.10.jar%2372!/:?]
	at net.minecraft.util.GsonHelper.m_13780_(GsonHelper.java:524) ~[server-1.20.1-20230612.114412-srg.jar%23420!/:?]
	... 13 more
[02Sep2026 01:02:01.730] [Worker-Main-2/ERROR] [net.minecraft.server.packs.resources.SimpleJsonResourceReloadListener/]: Couldn't parse data file cataclysm:bulwark_of_the_flame from cataclysm:recipes/bulwark_of_the_flame.json
com.google.gson.JsonParseException: java.io.EOFException: End of input at line 1 column 1 path $
	at net.minecraft.util.GsonHelper.m_13780_(GsonHelper.java:526) ~[server-1.20.1-20230612.114412-srg.jar%23420!/:?]
	at net.minecraft.util.GsonHelper.m_263475_(GsonHelper.java:531) ~[server-1.20.1-20230612.114412-srg.jar%23420!/:?]
	at net.minecraft.util.GsonHelper.m_13776_(GsonHelper.java:581) ~[server-1.20.1-20230612.114412-srg.jar%23420!/:?]
	at net.minecraft.server.packs.resources.SimpleJsonResourceReloadListener.m_278771_(SimpleJsonResourceReloadListener.java:41) ~[server-1.20.1-20230612.114412-srg.jar%23420!/:?]
	at net.minecraft.server.packs.resources.SimpleJsonResourceReloadListener.m_5944_(SimpleJsonResourceReloadListener.java:29) ~[server-1.20.1-20230612.114412-srg.jar%23420!/:?]
	at net.minecraft.server.packs.resources.SimpleJsonResourceReloadListener.m_5944_(SimpleJsonResourceReloadListener.java:17) ~[server-1.20.1-20230612.114412-srg.jar%23420!/:?]
	at net.minecraft.server.packs.resources.SimplePreparableReloadListener.m_10786_(SimplePreparableReloadListener.java:11) ~[server-1.20.1-20230612.114412-srg.jar%23420!/:?]
	at java.util.concurrent.CompletableFuture$AsyncSupply.run(CompletableFuture.java:1768) ~[?:?]
	at java.util.concurrent.CompletableFuture$AsyncSupply.exec(CompletableFuture.java:1760) ~[?:?]
	at java.util.concurrent.ForkJoinTask.doExec(ForkJoinTask.java:373) ~[?:?]
	at java.util.concurrent.ForkJoinPool$WorkQueue.topLevelExec(ForkJoinPool.java:1182) ~[?:?]
	at java.util.concurrent.ForkJoinPool.scan(ForkJoinPool.java:1655) ~[?:?]
	at java.util.concurrent.ForkJoinPool.runWorker(ForkJoinPool.java:1622) ~[?:?]
	at java.util.concurrent.ForkJoinWorkerThread.run(ForkJoinWorkerThread.java:165) ~[?:?]
Caused by: java.io.EOFException: End of input at line 1 column 1 path $
	at com.google.gson.stream.JsonReader.nextNonWhitespace(JsonReader.java:1455) ~[gson-2.10.jar%2372!/:?]
	at com.google.gson.stream.JsonReader.doPeek(JsonReader.java:558) ~[gson-2.10.jar%2372!/:?]
	at com.google.gson.stream.JsonReader.peek(JsonReader.java:433) ~[gson-2.10.jar%2372!/:?]
	at com.google.gson.internal.bind.TypeAdapters$28.read(TypeAdapters.java:769) ~[gson-2.10.jar%2372!/:?]
	at com.google.gson.internal.bind.TypeAdapters$28.read(TypeAdapters.java:725) ~[gson-2.10.jar%2372!/:?]
	at com.google.gson.internal.bind.TypeAdapters$34$1.read(TypeAdapters.java:1007) ~[gson-2.10.jar%2372!/:?]
	at net.minecraft.util.GsonHelper.m_13780_(GsonHelper.java:524) ~[server-1.20.1-20230612.114412-srg.jar%23420!/:?]
	... 13 more
[02Sep2026 01:02:01.738] [Worker-Main-2/ERROR] [net.minecraft.server.packs.resources.SimpleJsonResourceReloadListener/]: Couldn't parse data file efn:co_tachi from efn:recipes/co_tachi.json
com.google.gson.JsonParseException: java.io.EOFException: End of input at line 1 column 1 path $
	at net.minecraft.util.GsonHelper.m_13780_(GsonHelper.java:526) ~[server-1.20.1-20230612.114412-srg.jar%23420!/:?]
	at net.minecraft.util.GsonHelper.m_263475_(GsonHelper.java:531) ~[server-1.20.1-20230612.114412-srg.jar%23420!/:?]
	at net.minecraft.util.GsonHelper.m_13776_(GsonHelper.java:581) ~[server-1.20.1-20230612.114412-srg.jar%23420!/:?]
	at net.minecraft.server.packs.resources.SimpleJsonResourceReloadListener.m_278771_(SimpleJsonResourceReloadListener.java:41) ~[server-1.20.1-20230612.114412-srg.jar%23420!/:?]
	at net.minecraft.server.packs.resources.SimpleJsonResourceReloadListener.m_5944_(SimpleJsonResourceReloadListener.java:29) ~[server-1.20.1-20230612.114412-srg.jar%23420!/:?]
	at net.minecraft.server.packs.resources.SimpleJsonResourceReloadListener.m_5944_(SimpleJsonResourceReloadListener.java:17) ~[server-1.20.1-20230612.114412-srg.jar%23420!/:?]
	at net.minecraft.server.packs.resources.SimplePreparableReloadListener.m_10786_(SimplePreparableReloadListener.java:11) ~[server-1.20.1-20230612.114412-srg.jar%23420!/:?]
	at java.util.concurrent.CompletableFuture$AsyncSupply.run(CompletableFuture.java:1768) ~[?:?]
	at java.util.concurrent.CompletableFuture$AsyncSupply.exec(CompletableFuture.java:1760) ~[?:?]
	at java.util.concurrent.ForkJoinTask.doExec(ForkJoinTask.java:373) ~[?:?]
	at java.util.concurrent.ForkJoinPool$WorkQueue.topLevelExec(ForkJoinPool.java:1182) ~[?:?]
	at java.util.concurrent.ForkJoinPool.scan(ForkJoinPool.java:1655) ~[?:?]
	at java.util.concurrent.ForkJoinPool.runWorker(ForkJoinPool.java:1622) ~[?:?]
	at java.util.concurrent.ForkJoinWorkerThread.run(ForkJoinWorkerThread.java:165) ~[?:?]
Caused by: java.io.EOFException: End of input at line 1 column 1 path $
	at com.google.gson.stream.JsonReader.nextNonWhitespace(JsonReader.java:1455) ~[gson-2.10.jar%2372!/:?]
	at com.google.gson.stream.JsonReader.doPeek(JsonReader.java:558) ~[gson-2.10.jar%2372!/:?]
	at com.google.gson.stream.JsonReader.peek(JsonReader.java:433) ~[gson-2.10.jar%2372!/:?]
	at com.google.gson.internal.bind.TypeAdapters$28.read(TypeAdapters.java:769) ~[gson-2.10.jar%2372!/:?]
	at com.google.gson.internal.bind.TypeAdapters$28.read(TypeAdapters.java:725) ~[gson-2.10.jar%2372!/:?]
	at com.google.gson.internal.bind.TypeAdapters$34$1.read(TypeAdapters.java:1007) ~[gson-2.10.jar%2372!/:?]
	at net.minecraft.util.GsonHelper.m_13780_(GsonHelper.java:524) ~[server-1.20.1-20230612.114412-srg.jar%23420!/:?]
	... 13 more
[02Sep2026 01:02:01.738] [Worker-Main-2/ERROR] [net.minecraft.server.packs.resources.SimpleJsonResourceReloadListener/]: Couldn't parse data file efn:co_tachi_to_air from efn:recipes/co_tachi_to_air.json
com.google.gson.JsonParseException: java.io.EOFException: End of input at line 1 column 1 path $
	at net.minecraft.util.GsonHelper.m_13780_(GsonHelper.java:526) ~[server-1.20.1-20230612.114412-srg.jar%23420!/:?]
	at net.minecraft.util.GsonHelper.m_263475_(GsonHelper.java:531) ~[server-1.20.1-20230612.114412-srg.jar%23420!/:?]
	at net.minecraft.util.GsonHelper.m_13776_(GsonHelper.java:581) ~[server-1.20.1-20230612.114412-srg.jar%23420!/:?]
	at net.minecraft.server.packs.resources.SimpleJsonResourceReloadListener.m_278771_(SimpleJsonResourceReloadListener.java:41) ~[server-1.20.1-20230612.114412-srg.jar%23420!/:?]
	at net.minecraft.server.packs.resources.SimpleJsonResourceReloadListener.m_5944_(SimpleJsonResourceReloadListener.java:29) ~[server-1.20.1-20230612.114412-srg.jar%23420!/:?]
	at net.minecraft.server.packs.resources.SimpleJsonResourceReloadListener.m_5944_(SimpleJsonResourceReloadListener.java:17) ~[server-1.20.1-20230612.114412-srg.jar%23420!/:?]
	at net.minecraft.server.packs.resources.SimplePreparableReloadListener.m_10786_(SimplePreparableReloadListener.java:11) ~[server-1.20.1-20230612.114412-srg.jar%23420!/:?]
	at java.util.concurrent.CompletableFuture$AsyncSupply.run(CompletableFuture.java:1768) ~[?:?]
	at java.util.concurrent.CompletableFuture$AsyncSupply.exec(CompletableFuture.java:1760) ~[?:?]
	at java.util.concurrent.ForkJoinTask.doExec(ForkJoinTask.java:373) ~[?:?]
	at java.util.concurrent.ForkJoinPool$WorkQueue.topLevelExec(ForkJoinPool.java:1182) ~[?:?]
	at java.util.concurrent.ForkJoinPool.scan(ForkJoinPool.java:1655) ~[?:?]
	at java.util.concurrent.ForkJoinPool.runWorker(ForkJoinPool.java:1622) ~[?:?]
	at java.util.concurrent.ForkJoinWorkerThread.run(ForkJoinWorkerThread.java:165) ~[?:?]
Caused by: java.io.EOFException: End of input at line 1 column 1 path $
	at com.google.gson.stream.JsonReader.nextNonWhitespace(JsonReader.java:1455) ~[gson-2.10.jar%2372!/:?]
	at com.google.gson.stream.JsonReader.doPeek(JsonReader.java:558) ~[gson-2.10.jar%2372!/:?]
	at com.google.gson.stream.JsonReader.peek(JsonReader.java:433) ~[gson-2.10.jar%2372!/:?]
	at com.google.gson.internal.bind.TypeAdapters$28.read(TypeAdapters.java:769) ~[gson-2.10.jar%2372!/:?]
	at com.google.gson.internal.bind.TypeAdapters$28.read(TypeAdapters.java:725) ~[gson-2.10.jar%2372!/:?]
	at com.google.gson.internal.bind.TypeAdapters$34$1.read(TypeAdapters.java:1007) ~[gson-2.10.jar%2372!/:?]
	at net.minecraft.util.GsonHelper.m_13780_(GsonHelper.java:524) ~[server-1.20.1-20230612.114412-srg.jar%23420!/:?]
	... 13 more
[02Sep2026 01:02:01.740] [Worker-Main-2/ERROR] [net.minecraft.server.packs.resources.SimpleJsonResourceReloadListener/]: Couldn't parse data file epicfightx:combat_mastery_i from epicfightx:recipes/combat_mastery_i.json
com.google.gson.JsonParseException: java.io.EOFException: End of input at line 1 column 1 path $
	at net.minecraft.util.GsonHelper.m_13780_(GsonHelper.java:526) ~[server-1.20.1-20230612.114412-srg.jar%23420!/:?]
	at net.minecraft.util.GsonHelper.m_263475_(GsonHelper.java:531) ~[server-1.20.1-20230612.114412-srg.jar%23420!/:?]
	at net.minecraft.util.GsonHelper.m_13776_(GsonHelper.java:581) ~[server-1.20.1-20230612.114412-srg.jar%23420!/:?]
	at net.minecraft.server.packs.resources.SimpleJsonResourceReloadListener.m_278771_(SimpleJsonResourceReloadListener.java:41) ~[server-1.20.1-20230612.114412-srg.jar%23420!/:?]
	at net.minecraft.server.packs.resources.SimpleJsonResourceReloadListener.m_5944_(SimpleJsonResourceReloadListener.java:29) ~[server-1.20.1-20230612.114412-srg.jar%23420!/:?]
	at net.minecraft.server.packs.resources.SimpleJsonResourceReloadListener.m_5944_(SimpleJsonResourceReloadListener.java:17) ~[server-1.20.1-20230612.114412-srg.jar%23420!/:?]
	at net.minecraft.server.packs.resources.SimplePreparableReloadListener.m_10786_(SimplePreparableReloadListener.java:11) ~[server-1.20.1-20230612.114412-srg.jar%23420!/:?]
	at java.util.concurrent.CompletableFuture$AsyncSupply.run(CompletableFuture.java:1768) ~[?:?]
	at java.util.concurrent.CompletableFuture$AsyncSupply.exec(CompletableFuture.java:1760) ~[?:?]
	at java.util.concurrent.ForkJoinTask.doExec(ForkJoinTask.java:373) ~[?:?]
	at java.util.concurrent.ForkJoinPool$WorkQueue.topLevelExec(ForkJoinPool.java:1182) ~[?:?]
	at java.util.concurrent.ForkJoinPool.scan(ForkJoinPool.java:1655) ~[?:?]
	at java.util.concurrent.ForkJoinPool.runWorker(ForkJoinPool.java:1622) ~[?:?]
	at java.util.concurrent.ForkJoinWorkerThread.run(ForkJoinWorkerThread.java:165) ~[?:?]
Caused by: java.io.EOFException: End of input at line 1 column 1 path $
	at com.google.gson.stream.JsonReader.nextNonWhitespace(JsonReader.java:1455) ~[gson-2.10.jar%2372!/:?]
	at com.google.gson.stream.JsonReader.doPeek(JsonReader.java:558) ~[gson-2.10.jar%2372!/:?]
	at com.google.gson.stream.JsonReader.peek(JsonReader.java:433) ~[gson-2.10.jar%2372!/:?]
	at com.google.gson.internal.bind.TypeAdapters$28.read(TypeAdapters.java:769) ~[gson-2.10.jar%2372!/:?]
	at com.google.gson.internal.bind.TypeAdapters$28.read(TypeAdapters.java:725) ~[gson-2.10.jar%2372!/:?]
	at com.google.gson.internal.bind.TypeAdapters$34$1.read(TypeAdapters.java:1007) ~[gson-2.10.jar%2372!/:?]
	at net.minecraft.util.GsonHelper.m_13780_(GsonHelper.java:524) ~[server-1.20.1-20230612.114412-srg.jar%23420!/:?]
	... 13 more
[02Sep2026 01:02:01.743] [Worker-Main-2/ERROR] [net.minecraft.server.packs.resources.SimpleJsonResourceReloadListener/]: Couldn't parse data file irons_spellbooks:copper_spell_book from irons_spellbooks:recipes/copper_spell_book.json
com.google.gson.JsonParseException: java.io.EOFException: End of input at line 1 column 1 path $
	at net.minecraft.util.GsonHelper.m_13780_(GsonHelper.java:526) ~[server-1.20.1-20230612.114412-srg.jar%23420!/:?]
	at net.minecraft.util.GsonHelper.m_263475_(GsonHelper.java:531) ~[server-1.20.1-20230612.114412-srg.jar%23420!/:?]
	at net.minecraft.util.GsonHelper.m_13776_(GsonHelper.java:581) ~[server-1.20.1-20230612.114412-srg.jar%23420!/:?]
	at net.minecraft.server.packs.resources.SimpleJsonResourceReloadListener.m_278771_(SimpleJsonResourceReloadListener.java:41) ~[server-1.20.1-20230612.114412-srg.jar%23420!/:?]
	at net.minecraft.server.packs.resources.SimpleJsonResourceReloadListener.m_5944_(SimpleJsonResourceReloadListener.java:29) ~[server-1.20.1-20230612.114412-srg.jar%23420!/:?]
	at net.minecraft.server.packs.resources.SimpleJsonResourceReloadListener.m_5944_(SimpleJsonResourceReloadListener.java:17) ~[server-1.20.1-20230612.114412-srg.jar%23420!/:?]
	at net.minecraft.server.packs.resources.SimplePreparableReloadListener.m_10786_(SimplePreparableReloadListener.java:11) ~[server-1.20.1-20230612.114412-srg.jar%23420!/:?]
	at java.util.concurrent.CompletableFuture$AsyncSupply.run(CompletableFuture.java:1768) ~[?:?]
	at java.util.concurrent.CompletableFuture$AsyncSupply.exec(CompletableFuture.java:1760) ~[?:?]
	at java.util.concurrent.ForkJoinTask.doExec(ForkJoinTask.java:373) ~[?:?]
	at java.util.concurrent.ForkJoinPool$WorkQueue.topLevelExec(ForkJoinPool.java:1182) ~[?:?]
	at java.util.concurrent.ForkJoinPool.scan(ForkJoinPool.java:1655) ~[?:?]
	at java.util.concurrent.ForkJoinPool.runWorker(ForkJoinPool.java:1622) ~[?:?]
	at java.util.concurrent.ForkJoinWorkerThread.run(ForkJoinWorkerThread.java:165) ~[?:?]
Caused by: java.io.EOFException: End of input at line 1 column 1 path $
	at com.google.gson.stream.JsonReader.nextNonWhitespace(JsonReader.java:1455) ~[gson-2.10.jar%2372!/:?]
	at com.google.gson.stream.JsonReader.doPeek(JsonReader.java:558) ~[gson-2.10.jar%2372!/:?]
	at com.google.gson.stream.JsonReader.peek(JsonReader.java:433) ~[gson-2.10.jar%2372!/:?]
	at com.google.gson.internal.bind.TypeAdapters$28.read(TypeAdapters.java:769) ~[gson-2.10.jar%2372!/:?]
	at com.google.gson.internal.bind.TypeAdapters$28.read(TypeAdapters.java:725) ~[gson-2.10.jar%2372!/:?]
	at com.google.gson.internal.bind.TypeAdapters$34$1.read(TypeAdapters.java:1007) ~[gson-2.10.jar%2372!/:?]
	at net.minecraft.util.GsonHelper.m_13780_(GsonHelper.java:524) ~[server-1.20.1-20230612.114412-srg.jar%23420!/:?]
	... 13 more
[02Sep2026 01:02:01.744] [Worker-Main-2/ERROR] [net.minecraft.server.packs.resources.SimpleJsonResourceReloadListener/]: Couldn't parse data file cataclysm_spellbooks:coral_staff from cataclysm_spellbooks:recipes/coral_staff.json
com.google.gson.JsonParseException: java.io.EOFException: End of input at line 1 column 1 path $
	at net.minecraft.util.GsonHelper.m_13780_(GsonHelper.java:526) ~[server-1.20.1-20230612.114412-srg.jar%23420!/:?]
	at net.minecraft.util.GsonHelper.m_263475_(GsonHelper.java:531) ~[server-1.20.1-20230612.114412-srg.jar%23420!/:?]
	at net.minecraft.util.GsonHelper.m_13776_(GsonHelper.java:581) ~[server-1.20.1-20230612.114412-srg.jar%23420!/:?]
	at net.minecraft.server.packs.resources.SimpleJsonResourceReloadListener.m_278771_(SimpleJsonResourceReloadListener.java:41) ~[server-1.20.1-20230612.114412-srg.jar%23420!/:?]
	at net.minecraft.server.packs.resources.SimpleJsonResourceReloadListener.m_5944_(SimpleJsonResourceReloadListener.java:29) ~[server-1.20.1-20230612.114412-srg.jar%23420!/:?]
	at net.minecraft.server.packs.resources.SimpleJsonResourceReloadListener.m_5944_(SimpleJsonResourceReloadListener.java:17) ~[server-1.20.1-20230612.114412-srg.jar%23420!/:?]
	at net.minecraft.server.packs.resources.SimplePreparableReloadListener.m_10786_(SimplePreparableReloadListener.java:11) ~[server-1.20.1-20230612.114412-srg.jar%23420!/:?]
	at java.util.concurrent.CompletableFuture$AsyncSupply.run(CompletableFuture.java:1768) ~[?:?]
	at java.util.concurrent.CompletableFuture$AsyncSupply.exec(CompletableFuture.java:1760) ~[?:?]
	at java.util.concurrent.ForkJoinTask.doExec(ForkJoinTask.java:373) ~[?:?]
	at java.util.concurrent.ForkJoinPool$WorkQueue.topLevelExec(ForkJoinPool.java:1182) ~[?:?]
	at java.util.concurrent.ForkJoinPool.scan(ForkJoinPool.java:1655) ~[?:?]
	at java.util.concurrent.ForkJoinPool.runWorker(ForkJoinPool.java:1622) ~[?:?]
	at java.util.concurrent.ForkJoinWorkerThread.run(ForkJoinWorkerThread.java:165) ~[?:?]
Caused by: java.io.EOFException: End of input at line 1 column 1 path $
	at com.google.gson.stream.JsonReader.nextNonWhitespace(JsonReader.java:1455) ~[gson-2.10.jar%2372!/:?]
	at com.google.gson.stream.JsonReader.doPeek(JsonReader.java:558) ~[gson-2.10.jar%2372!/:?]
	at com.google.gson.stream.JsonReader.peek(JsonReader.java:433) ~[gson-2.10.jar%2372!/:?]
	at com.google.gson.internal.bind.TypeAdapters$28.read(TypeAdapters.java:769) ~[gson-2.10.jar%2372!/:?]
	at com.google.gson.internal.bind.TypeAdapters$28.read(TypeAdapters.java:725) ~[gson-2.10.jar%2372!/:?]
	at com.google.gson.internal.bind.TypeAdapters$34$1.read(TypeAdapters.java:1007) ~[gson-2.10.jar%2372!/:?]
	at net.minecraft.util.GsonHelper.m_13780_(GsonHelper.java:524) ~[server-1.20.1-20230612.114412-srg.jar%23420!/:?]
	... 13 more
[02Sep2026 01:02:01.746] [Worker-Main-2/ERROR] [net.minecraft.server.packs.resources.SimpleJsonResourceReloadListener/]: Couldn't parse data file efn:crescent_moon from efn:recipes/crescent_moon.json
com.google.gson.JsonParseException: java.io.EOFException: End of input at line 1 column 1 path $
	at net.minecraft.util.GsonHelper.m_13780_(GsonHelper.java:526) ~[server-1.20.1-20230612.114412-srg.jar%23420!/:?]
	at net.minecraft.util.GsonHelper.m_263475_(GsonHelper.java:531) ~[server-1.20.1-20230612.114412-srg.jar%23420!/:?]
	at net.minecraft.util.GsonHelper.m_13776_(GsonHelper.java:581) ~[server-1.20.1-20230612.114412-srg.jar%23420!/:?]
	at net.minecraft.server.packs.resources.SimpleJsonResourceReloadListener.m_278771_(SimpleJsonResourceReloadListener.java:41) ~[server-1.20.1-20230612.114412-srg.jar%23420!/:?]
	at net.minecraft.server.packs.resources.SimpleJsonResourceReloadListener.m_5944_(SimpleJsonResourceReloadListener.java:29) ~[server-1.20.1-20230612.114412-srg.jar%23420!/:?]
	at net.minecraft.server.packs.resources.SimpleJsonResourceReloadListener.m_5944_(SimpleJsonResourceReloadListener.java:17) ~[server-1.20.1-20230612.114412-srg.jar%23420!/:?]
	at net.minecraft.server.packs.resources.SimplePreparableReloadListener.m_10786_(SimplePreparableReloadListener.java:11) ~[server-1.20.1-20230612.114412-srg.jar%23420!/:?]
	at java.util.concurrent.CompletableFuture$AsyncSupply.run(CompletableFuture.java:1768) ~[?:?]
	at java.util.concurrent.CompletableFuture$AsyncSupply.exec(CompletableFuture.java:1760) ~[?:?]
	at java.util.concurrent.ForkJoinTask.doExec(ForkJoinTask.java:373) ~[?:?]
	at java.util.concurrent.ForkJoinPool$WorkQueue.topLevelExec(ForkJoinPool.java:1182) ~[?:?]
	at java.util.concurrent.ForkJoinPool.scan(ForkJoinPool.java:1655) ~[?:?]
	at java.util.concurrent.ForkJoinPool.runWorker(ForkJoinPool.java:1622) ~[?:?]
	at java.util.concurrent.ForkJoinWorkerThread.run(ForkJoinWorkerThread.java:165) ~[?:?]
Caused by: java.io.EOFException: End of input at line 1 column 1 path $
	at com.google.gson.stream.JsonReader.nextNonWhitespace(JsonReader.java:1455) ~[gson-2.10.jar%2372!/:?]
	at com.google.gson.stream.JsonReader.doPeek(JsonReader.java:558) ~[gson-2.10.jar%2372!/:?]
	at com.google.gson.stream.JsonReader.peek(JsonReader.java:433) ~[gson-2.10.jar%2372!/:?]
	at com.google.gson.internal.bind.TypeAdapters$28.read(TypeAdapters.java:769) ~[gson-2.10.jar%2372!/:?]
	at com.google.gson.internal.bind.TypeAdapters$28.read(TypeAdapters.java:725) ~[gson-2.10.jar%2372!/:?]
	at com.google.gson.internal.bind.TypeAdapters$34$1.read(TypeAdapters.java:1007) ~[gson-2.10.jar%2372!/:?]
	at net.minecraft.util.GsonHelper.m_13780_(GsonHelper.java:524) ~[server-1.20.1-20230612.114412-srg.jar%23420!/:?]
	... 13 more
[02Sep2026 01:02:01.748] [Worker-Main-2/ERROR] [net.minecraft.server.packs.resources.SimpleJsonResourceReloadListener/]: Couldn't parse data file efn:crimson_moon from efn:recipes/crimson_moon.json
com.google.gson.JsonParseException: java.io.EOFException: End of input at line 1 column 1 path $
	at net.minecraft.util.GsonHelper.m_13780_(GsonHelper.java:526) ~[server-1.20.1-20230612.114412-srg.jar%23420!/:?]
	at net.minecraft.util.GsonHelper.m_263475_(GsonHelper.java:531) ~[server-1.20.1-20230612.114412-srg.jar%23420!/:?]
	at net.minecraft.util.GsonHelper.m_13776_(GsonHelper.java:581) ~[server-1.20.1-20230612.114412-srg.jar%23420!/:?]
	at net.minecraft.server.packs.resources.SimpleJsonResourceReloadListener.m_278771_(SimpleJsonResourceReloadListener.java:41) ~[server-1.20.1-20230612.114412-srg.jar%23420!/:?]
	at net.minecraft.server.packs.resources.SimpleJsonResourceReloadListener.m_5944_(SimpleJsonResourceReloadListener.java:29) ~[server-1.20.1-20230612.114412-srg.jar%23420!/:?]
	at net.minecraft.server.packs.resources.SimpleJsonResourceReloadListener.m_5944_(SimpleJsonResourceReloadListener.java:17) ~[server-1.20.1-20230612.114412-srg.jar%23420!/:?]
	at net.minecraft.server.packs.resources.SimplePreparableReloadListener.m_10786_(SimplePreparableReloadListener.java:11) ~[server-1.20.1-20230612.114412-srg.jar%23420!/:?]
	at java.util.concurrent.CompletableFuture$AsyncSupply.run(CompletableFuture.java:1768) ~[?:?]
	at java.util.concurrent.CompletableFuture$AsyncSupply.exec(CompletableFuture.java:1760) ~[?:?]
	at java.util.concurrent.ForkJoinTask.doExec(ForkJoinTask.java:373) ~[?:?]
	at java.util.concurrent.ForkJoinPool$WorkQueue.topLevelExec(ForkJoinPool.java:1182) ~[?:?]
	at java.util.concurrent.ForkJoinPool.scan(ForkJoinPool.java:1655) ~[?:?]
	at java.util.concurrent.ForkJoinPool.runWorker(ForkJoinPool.java:1622) ~[?:?]
	at java.util.concurrent.ForkJoinWorkerThread.run(ForkJoinWorkerThread.java:165) ~[?:?]
Caused by: java.io.EOFException: End of input at line 1 column 1 path $
	at com.google.gson.stream.JsonReader.nextNonWhitespace(JsonReader.java:1455) ~[gson-2.10.jar%2372!/:?]
	at com.google.gson.stream.JsonReader.doPeek(JsonReader.java:558) ~[gson-2.10.jar%2372!/:?]
	at com.google.gson.stream.JsonReader.peek(JsonReader.java:433) ~[gson-2.10.jar%2372!/:?]
	at com.google.gson.internal.bind.TypeAdapters$28.read(TypeAdapters.java:769) ~[gson-2.10.jar%2372!/:?]
	at com.google.gson.internal.bind.TypeAdapters$28.read(TypeAdapters.java:725) ~[gson-2.10.jar%2372!/:?]
	at com.google.gson.internal.bind.TypeAdapters$34$1.read(TypeAdapters.java:1007) ~[gson-2.10.jar%2372!/:?]
	at net.minecraft.util.GsonHelper.m_13780_(GsonHelper.java:524) ~[server-1.20.1-20230612.114412-srg.jar%23420!/:?]
	... 13 more
[02Sep2026 01:02:01.750] [Worker-Main-2/ERROR] [net.minecraft.server.packs.resources.SimpleJsonResourceReloadListener/]: Couldn't parse data file fromtheshadows:crystallized_dagger from fromtheshadows:recipes/crystallized_dagger.json
com.google.gson.JsonParseException: java.io.EOFException: End of input at line 1 column 1 path $
	at net.minecraft.util.GsonHelper.m_13780_(GsonHelper.java:526) ~[server-1.20.1-20230612.114412-srg.jar%23420!/:?]
	at net.minecraft.util.GsonHelper.m_263475_(GsonHelper.java:531) ~[server-1.20.1-20230612.114412-srg.jar%23420!/:?]
	at net.minecraft.util.GsonHelper.m_13776_(GsonHelper.java:581) ~[server-1.20.1-20230612.114412-srg.jar%23420!/:?]
	at net.minecraft.server.packs.resources.SimpleJsonResourceReloadListener.m_278771_(SimpleJsonResourceReloadListener.java:41) ~[server-1.20.1-20230612.114412-srg.jar%23420!/:?]
	at net.minecraft.server.packs.resources.SimpleJsonResourceReloadListener.m_5944_(SimpleJsonResourceReloadListener.java:29) ~[server-1.20.1-20230612.114412-srg.jar%23420!/:?]
	at net.minecraft.server.packs.resources.SimpleJsonResourceReloadListener.m_5944_(SimpleJsonResourceReloadListener.java:17) ~[server-1.20.1-20230612.114412-srg.jar%23420!/:?]
	at net.minecraft.server.packs.resources.SimplePreparableReloadListener.m_10786_(SimplePreparableReloadListener.java:11) ~[server-1.20.1-20230612.114412-srg.jar%23420!/:?]
	at java.util.concurrent.CompletableFuture$AsyncSupply.run(CompletableFuture.java:1768) ~[?:?]
	at java.util.concurrent.CompletableFuture$AsyncSupply.exec(CompletableFuture.java:1760) ~[?:?]
	at java.util.concurrent.ForkJoinTask.doExec(ForkJoinTask.java:373) ~[?:?]
	at java.util.concurrent.ForkJoinPool$WorkQueue.topLevelExec(ForkJoinPool.java:1182) ~[?:?]
	at java.util.concurrent.ForkJoinPool.scan(ForkJoinPool.java:1655) ~[?:?]
	at java.util.concurrent.ForkJoinPool.runWorker(ForkJoinPool.java:1622) ~[?:?]
	at java.util.concurrent.ForkJoinWorkerThread.run(ForkJoinWorkerThread.java:165) ~[?:?]
Caused by: java.io.EOFException: End of input at line 1 column 1 path $
	at com.google.gson.stream.JsonReader.nextNonWhitespace(JsonReader.java:1455) ~[gson-2.10.jar%2372!/:?]
	at com.google.gson.stream.JsonReader.doPeek(JsonReader.java:558) ~[gson-2.10.jar%2372!/:?]
	at com.google.gson.stream.JsonReader.peek(JsonReader.java:433) ~[gson-2.10.jar%2372!/:?]
	at com.google.gson.internal.bind.TypeAdapters$28.read(TypeAdapters.java:769) ~[gson-2.10.jar%2372!/:?]
	at com.google.gson.internal.bind.TypeAdapters$28.read(TypeAdapters.java:725) ~[gson-2.10.jar%2372!/:?]
	at com.google.gson.internal.bind.TypeAdapters$34$1.read(TypeAdapters.java:1007) ~[gson-2.10.jar%2372!/:?]
	at net.minecraft.util.GsonHelper.m_13780_(GsonHelper.java:524) ~[server-1.20.1-20230612.114412-srg.jar%23420!/:?]
	... 13 more
[02Sep2026 01:02:01.753] [Worker-Main-2/ERROR] [net.minecraft.server.packs.resources.SimpleJsonResourceReloadListener/]: Couldn't parse data file cataclysm:cursed_bow from cataclysm:recipes/cursed_bow.json
com.google.gson.JsonParseException: java.io.EOFException: End of input at line 1 column 1 path $
	at net.minecraft.util.GsonHelper.m_13780_(GsonHelper.java:526) ~[server-1.20.1-20230612.114412-srg.jar%23420!/:?]
	at net.minecraft.util.GsonHelper.m_263475_(GsonHelper.java:531) ~[server-1.20.1-20230612.114412-srg.jar%23420!/:?]
	at net.minecraft.util.GsonHelper.m_13776_(GsonHelper.java:581) ~[server-1.20.1-20230612.114412-srg.jar%23420!/:?]
	at net.minecraft.server.packs.resources.SimpleJsonResourceReloadListener.m_278771_(SimpleJsonResourceReloadListener.java:41) ~[server-1.20.1-20230612.114412-srg.jar%23420!/:?]
	at net.minecraft.server.packs.resources.SimpleJsonResourceReloadListener.m_5944_(SimpleJsonResourceReloadListener.java:29) ~[server-1.20.1-20230612.114412-srg.jar%23420!/:?]
	at net.minecraft.server.packs.resources.SimpleJsonResourceReloadListener.m_5944_(SimpleJsonResourceReloadListener.java:17) ~[server-1.20.1-20230612.114412-srg.jar%23420!/:?]
	at net.minecraft.server.packs.resources.SimplePreparableReloadListener.m_10786_(SimplePreparableReloadListener.java:11) ~[server-1.20.1-20230612.114412-srg.jar%23420!/:?]
	at java.util.concurrent.CompletableFuture$AsyncSupply.run(CompletableFuture.java:1768) ~[?:?]
	at java.util.concurrent.CompletableFuture$AsyncSupply.exec(CompletableFuture.java:1760) ~[?:?]
	at java.util.concurrent.ForkJoinTask.doExec(ForkJoinTask.java:373) ~[?:?]
	at java.util.concurrent.ForkJoinPool$WorkQueue.topLevelExec(ForkJoinPool.java:1182) ~[?:?]
	at java.util.concurrent.ForkJoinPool.scan(ForkJoinPool.java:1655) ~[?:?]
	at java.util.concurrent.ForkJoinPool.runWorker(ForkJoinPool.java:1622) ~[?:?]
	at java.util.concurrent.ForkJoinWorkerThread.run(ForkJoinWorkerThread.java:165) ~[?:?]
Caused by: java.io.EOFException: End of input at line 1 column 1 path $
	at com.google.gson.stream.JsonReader.nextNonWhitespace(JsonReader.java:1455) ~[gson-2.10.jar%2372!/:?]
	at com.google.gson.stream.JsonReader.doPeek(JsonReader.java:558) ~[gson-2.10.jar%2372!/:?]
	at com.google.gson.stream.JsonReader.peek(JsonReader.java:433) ~[gson-2.10.jar%2372!/:?]
	at com.google.gson.internal.bind.TypeAdapters$28.read(TypeAdapters.java:769) ~[gson-2.10.jar%2372!/:?]
	at com.google.gson.internal.bind.TypeAdapters$28.read(TypeAdapters.java:725) ~[gson-2.10.jar%2372!/:?]
	at com.google.gson.internal.bind.TypeAdapters$34$1.read(TypeAdapters.java:1007) ~[gson-2.10.jar%2372!/:?]
	at net.minecraft.util.GsonHelper.m_13780_(GsonHelper.java:524) ~[server-1.20.1-20230612.114412-srg.jar%23420!/:?]
	... 13 more
[02Sep2026 01:02:01.754] [Worker-Main-2/ERROR] [net.minecraft.server.packs.resources.SimpleJsonResourceReloadListener/]: Couldn't parse data file irons_spellbooks:cursed_doll_spell_book from irons_spellbooks:recipes/cursed_doll_spell_book.json
com.google.gson.JsonParseException: java.io.EOFException: End of input at line 1 column 1 path $
	at net.minecraft.util.GsonHelper.m_13780_(GsonHelper.java:526) ~[server-1.20.1-20230612.114412-srg.jar%23420!/:?]
	at net.minecraft.util.GsonHelper.m_263475_(GsonHelper.java:531) ~[server-1.20.1-20230612.114412-srg.jar%23420!/:?]
	at net.minecraft.util.GsonHelper.m_13776_(GsonHelper.java:581) ~[server-1.20.1-20230612.114412-srg.jar%23420!/:?]
	at net.minecraft.server.packs.resources.SimpleJsonResourceReloadListener.m_278771_(SimpleJsonResourceReloadListener.java:41) ~[server-1.20.1-20230612.114412-srg.jar%23420!/:?]
	at net.minecraft.server.packs.resources.SimpleJsonResourceReloadListener.m_5944_(SimpleJsonResourceReloadListener.java:29) ~[server-1.20.1-20230612.114412-srg.jar%23420!/:?]
	at net.minecraft.server.packs.resources.SimpleJsonResourceReloadListener.m_5944_(SimpleJsonResourceReloadListener.java:17) ~[server-1.20.1-20230612.114412-srg.jar%23420!/:?]
	at net.minecraft.server.packs.resources.SimplePreparableReloadListener.m_10786_(SimplePreparableReloadListener.java:11) ~[server-1.20.1-20230612.114412-srg.jar%23420!/:?]
	at java.util.concurrent.CompletableFuture$AsyncSupply.run(CompletableFuture.java:1768) ~[?:?]
	at java.util.concurrent.CompletableFuture$AsyncSupply.exec(CompletableFuture.java:1760) ~[?:?]
	at java.util.concurrent.ForkJoinTask.doExec(ForkJoinTask.java:373) ~[?:?]
	at java.util.concurrent.ForkJoinPool$WorkQueue.topLevelExec(ForkJoinPool.java:1182) ~[?:?]
	at java.util.concurrent.ForkJoinPool.scan(ForkJoinPool.java:1655) ~[?:?]
	at java.util.concurrent.ForkJoinPool.runWorker(ForkJoinPool.java:1622) ~[?:?]
	at java.util.concurrent.ForkJoinWorkerThread.run(ForkJoinWorkerThread.java:165) ~[?:?]
Caused by: java.io.EOFException: End of input at line 1 column 1 path $
	at com.google.gson.stream.JsonReader.nextNonWhitespace(JsonReader.java:1455) ~[gson-2.10.jar%2372!/:?]
	at com.google.gson.stream.JsonReader.doPeek(JsonReader.java:558) ~[gson-2.10.jar%2372!/:?]
	at com.google.gson.stream.JsonReader.peek(JsonReader.java:433) ~[gson-2.10.jar%2372!/:?]
	at com.google.gson.internal.bind.TypeAdapters$28.read(TypeAdapters.java:769) ~[gson-2.10.jar%2372!/:?]
	at com.google.gson.internal.bind.TypeAdapters$28.read(TypeAdapters.java:725) ~[gson-2.10.jar%2372!/:?]
	at com.google.gson.internal.bind.TypeAdapters$34$1.read(TypeAdapters.java:1007) ~[gson-2.10.jar%2372!/:?]
	at net.minecraft.util.GsonHelper.m_13780_(GsonHelper.java:524) ~[server-1.20.1-20230612.114412-srg.jar%23420!/:?]
	... 13 more
[02Sep2026 01:02:01.760] [Worker-Main-2/ERROR] [net.minecraft.server.packs.resources.SimpleJsonResourceReloadListener/]: Couldn't parse data file irons_spellbooks:decrepit_scythe_repair from irons_spellbooks:recipes/decrepit_scythe_repair.json
com.google.gson.JsonParseException: java.io.EOFException: End of input at line 1 column 1 path $
	at net.minecraft.util.GsonHelper.m_13780_(GsonHelper.java:526) ~[server-1.20.1-20230612.114412-srg.jar%23420!/:?]
	at net.minecraft.util.GsonHelper.m_263475_(GsonHelper.java:531) ~[server-1.20.1-20230612.114412-srg.jar%23420!/:?]
	at net.minecraft.util.GsonHelper.m_13776_(GsonHelper.java:581) ~[server-1.20.1-20230612.114412-srg.jar%23420!/:?]
	at net.minecraft.server.packs.resources.SimpleJsonResourceReloadListener.m_278771_(SimpleJsonResourceReloadListener.java:41) ~[server-1.20.1-20230612.114412-srg.jar%23420!/:?]
	at net.minecraft.server.packs.resources.SimpleJsonResourceReloadListener.m_5944_(SimpleJsonResourceReloadListener.java:29) ~[server-1.20.1-20230612.114412-srg.jar%23420!/:?]
	at net.minecraft.server.packs.resources.SimpleJsonResourceReloadListener.m_5944_(SimpleJsonResourceReloadListener.java:17) ~[server-1.20.1-20230612.114412-srg.jar%23420!/:?]
	at net.minecraft.server.packs.resources.SimplePreparableReloadListener.m_10786_(SimplePreparableReloadListener.java:11) ~[server-1.20.1-20230612.114412-srg.jar%23420!/:?]
	at java.util.concurrent.CompletableFuture$AsyncSupply.run(CompletableFuture.java:1768) ~[?:?]
	at java.util.concurrent.CompletableFuture$AsyncSupply.exec(CompletableFuture.java:1760) ~[?:?]
	at java.util.concurrent.ForkJoinTask.doExec(ForkJoinTask.java:373) ~[?:?]
	at java.util.concurrent.ForkJoinPool$WorkQueue.topLevelExec(ForkJoinPool.java:1182) ~[?:?]
	at java.util.concurrent.ForkJoinPool.scan(ForkJoinPool.java:1655) ~[?:?]
	at java.util.concurrent.ForkJoinPool.runWorker(ForkJoinPool.java:1622) ~[?:?]
	at java.util.concurrent.ForkJoinWorkerThread.run(ForkJoinWorkerThread.java:165) ~[?:?]
Caused by: java.io.EOFException: End of input at line 1 column 1 path $
	at com.google.gson.stream.JsonReader.nextNonWhitespace(JsonReader.java:1455) ~[gson-2.10.jar%2372!/:?]
	at com.google.gson.stream.JsonReader.doPeek(JsonReader.java:558) ~[gson-2.10.jar%2372!/:?]
	at com.google.gson.stream.JsonReader.peek(JsonReader.java:433) ~[gson-2.10.jar%2372!/:?]
	at com.google.gson.internal.bind.TypeAdapters$28.read(TypeAdapters.java:769) ~[gson-2.10.jar%2372!/:?]
	at com.google.gson.internal.bind.TypeAdapters$28.read(TypeAdapters.java:725) ~[gson-2.10.jar%2372!/:?]
	at com.google.gson.internal.bind.TypeAdapters$34$1.read(TypeAdapters.java:1007) ~[gson-2.10.jar%2372!/:?]
	at net.minecraft.util.GsonHelper.m_13780_(GsonHelper.java:524) ~[server-1.20.1-20230612.114412-srg.jar%23420!/:?]
	... 13 more
[02Sep2026 01:02:01.764] [Worker-Main-2/ERROR] [net.minecraft.server.packs.resources.SimpleJsonResourceReloadListener/]: Couldn't parse data file fromtheshadows:devil_splitter from fromtheshadows:recipes/devil_splitter.json
com.google.gson.JsonParseException: java.io.EOFException: End of input at line 1 column 1 path $
	at net.minecraft.util.GsonHelper.m_13780_(GsonHelper.java:526) ~[server-1.20.1-20230612.114412-srg.jar%23420!/:?]
	at net.minecraft.util.GsonHelper.m_263475_(GsonHelper.java:531) ~[server-1.20.1-20230612.114412-srg.jar%23420!/:?]
	at net.minecraft.util.GsonHelper.m_13776_(GsonHelper.java:581) ~[server-1.20.1-20230612.114412-srg.jar%23420!/:?]
	at net.minecraft.server.packs.resources.SimpleJsonResourceReloadListener.m_278771_(SimpleJsonResourceReloadListener.java:41) ~[server-1.20.1-20230612.114412-srg.jar%23420!/:?]
	at net.minecraft.server.packs.resources.SimpleJsonResourceReloadListener.m_5944_(SimpleJsonResourceReloadListener.java:29) ~[server-1.20.1-20230612.114412-srg.jar%23420!/:?]
	at net.minecraft.server.packs.resources.SimpleJsonResourceReloadListener.m_5944_(SimpleJsonResourceReloadListener.java:17) ~[server-1.20.1-20230612.114412-srg.jar%23420!/:?]
	at net.minecraft.server.packs.resources.SimplePreparableReloadListener.m_10786_(SimplePreparableReloadListener.java:11) ~[server-1.20.1-20230612.114412-srg.jar%23420!/:?]
	at java.util.concurrent.CompletableFuture$AsyncSupply.run(CompletableFuture.java:1768) ~[?:?]
	at java.util.concurrent.CompletableFuture$AsyncSupply.exec(CompletableFuture.java:1760) ~[?:?]
	at java.util.concurrent.ForkJoinTask.doExec(ForkJoinTask.java:373) ~[?:?]
	at java.util.concurrent.ForkJoinPool$WorkQueue.topLevelExec(ForkJoinPool.java:1182) ~[?:?]
	at java.util.concurrent.ForkJoinPool.scan(ForkJoinPool.java:1655) ~[?:?]
	at java.util.concurrent.ForkJoinPool.runWorker(ForkJoinPool.java:1622) ~[?:?]
	at java.util.concurrent.ForkJoinWorkerThread.run(ForkJoinWorkerThread.java:165) ~[?:?]
Caused by: java.io.EOFException: End of input at line 1 column 1 path $
	at com.google.gson.stream.JsonReader.nextNonWhitespace(JsonReader.java:1455) ~[gson-2.10.jar%2372!/:?]
	at com.google.gson.stream.JsonReader.doPeek(JsonReader.java:558) ~[gson-2.10.jar%2372!/:?]
	at com.google.gson.stream.JsonReader.peek(JsonReader.java:433) ~[gson-2.10.jar%2372!/:?]
	at com.google.gson.internal.bind.TypeAdapters$28.read(TypeAdapters.java:769) ~[gson-2.10.jar%2372!/:?]
	at com.google.gson.internal.bind.TypeAdapters$28.read(TypeAdapters.java:725) ~[gson-2.10.jar%2372!/:?]
	at com.google.gson.internal.bind.TypeAdapters$34$1.read(TypeAdapters.java:1007) ~[gson-2.10.jar%2372!/:?]
	at net.minecraft.util.GsonHelper.m_13780_(GsonHelper.java:524) ~[server-1.20.1-20230612.114412-srg.jar%23420!/:?]
	... 13 more
[02Sep2026 01:02:01.768] [Worker-Main-2/ERROR] [net.minecraft.server.packs.resources.SimpleJsonResourceReloadListener/]: Couldn't parse data file irons_spellbooks:diamond_spell_book from irons_spellbooks:recipes/diamond_spell_book.json
com.google.gson.JsonParseException: java.io.EOFException: End of input at line 1 column 1 path $
	at net.minecraft.util.GsonHelper.m_13780_(GsonHelper.java:526) ~[server-1.20.1-20230612.114412-srg.jar%23420!/:?]
	at net.minecraft.util.GsonHelper.m_263475_(GsonHelper.java:531) ~[server-1.20.1-20230612.114412-srg.jar%23420!/:?]
	at net.minecraft.util.GsonHelper.m_13776_(GsonHelper.java:581) ~[server-1.20.1-20230612.114412-srg.jar%23420!/:?]
	at net.minecraft.server.packs.resources.SimpleJsonResourceReloadListener.m_278771_(SimpleJsonResourceReloadListener.java:41) ~[server-1.20.1-20230612.114412-srg.jar%23420!/:?]
	at net.minecraft.server.packs.resources.SimpleJsonResourceReloadListener.m_5944_(SimpleJsonResourceReloadListener.java:29) ~[server-1.20.1-20230612.114412-srg.jar%23420!/:?]
	at net.minecraft.server.packs.resources.SimpleJsonResourceReloadListener.m_5944_(SimpleJsonResourceReloadListener.java:17) ~[server-1.20.1-20230612.114412-srg.jar%23420!/:?]
	at net.minecraft.server.packs.resources.SimplePreparableReloadListener.m_10786_(SimplePreparableReloadListener.java:11) ~[server-1.20.1-20230612.114412-srg.jar%23420!/:?]
	at java.util.concurrent.CompletableFuture$AsyncSupply.run(CompletableFuture.java:1768) ~[?:?]
	at java.util.concurrent.CompletableFuture$AsyncSupply.exec(CompletableFuture.java:1760) ~[?:?]
	at java.util.concurrent.ForkJoinTask.doExec(ForkJoinTask.java:373) ~[?:?]
	at java.util.concurrent.ForkJoinPool$WorkQueue.topLevelExec(ForkJoinPool.java:1182) ~[?:?]
	at java.util.concurrent.ForkJoinPool.scan(ForkJoinPool.java:1655) ~[?:?]
	at java.util.concurrent.ForkJoinPool.runWorker(ForkJoinPool.java:1622) ~[?:?]
	at java.util.concurrent.ForkJoinWorkerThread.run(ForkJoinWorkerThread.java:165) ~[?:?]
Caused by: java.io.EOFException: End of input at line 1 column 1 path $
	at com.google.gson.stream.JsonReader.nextNonWhitespace(JsonReader.java:1455) ~[gson-2.10.jar%2372!/:?]
	at com.google.gson.stream.JsonReader.doPeek(JsonReader.java:558) ~[gson-2.10.jar%2372!/:?]
	at com.google.gson.stream.JsonReader.peek(JsonReader.java:433) ~[gson-2.10.jar%2372!/:?]
	at com.google.gson.internal.bind.TypeAdapters$28.read(TypeAdapters.java:769) ~[gson-2.10.jar%2372!/:?]
	at com.google.gson.internal.bind.TypeAdapters$28.read(TypeAdapters.java:725) ~[gson-2.10.jar%2372!/:?]
	at com.google.gson.internal.bind.TypeAdapters$34$1.read(TypeAdapters.java:1007) ~[gson-2.10.jar%2372!/:?]
	at net.minecraft.util.GsonHelper.m_13780_(GsonHelper.java:524) ~[server-1.20.1-20230612.114412-srg.jar%23420!/:?]
	... 13 more
[02Sep2026 01:02:01.770] [Worker-Main-2/ERROR] [net.minecraft.server.packs.resources.SimpleJsonResourceReloadListener/]: Couldn't parse data file irons_spellbooks:dragonskin_spell_book from irons_spellbooks:recipes/dragonskin_spell_book.json
com.google.gson.JsonParseException: java.io.EOFException: End of input at line 1 column 1 path $
	at net.minecraft.util.GsonHelper.m_13780_(GsonHelper.java:526) ~[server-1.20.1-20230612.114412-srg.jar%23420!/:?]
	at net.minecraft.util.GsonHelper.m_263475_(GsonHelper.java:531) ~[server-1.20.1-20230612.114412-srg.jar%23420!/:?]
	at net.minecraft.util.GsonHelper.m_13776_(GsonHelper.java:581) ~[server-1.20.1-20230612.114412-srg.jar%23420!/:?]
	at net.minecraft.server.packs.resources.SimpleJsonResourceReloadListener.m_278771_(SimpleJsonResourceReloadListener.java:41) ~[server-1.20.1-20230612.114412-srg.jar%23420!/:?]
	at net.minecraft.server.packs.resources.SimpleJsonResourceReloadListener.m_5944_(SimpleJsonResourceReloadListener.java:29) ~[server-1.20.1-20230612.114412-srg.jar%23420!/:?]
	at net.minecraft.server.packs.resources.SimpleJsonResourceReloadListener.m_5944_(SimpleJsonResourceReloadListener.java:17) ~[server-1.20.1-20230612.114412-srg.jar%23420!/:?]
	at net.minecraft.server.packs.resources.SimplePreparableReloadListener.m_10786_(SimplePreparableReloadListener.java:11) ~[server-1.20.1-20230612.114412-srg.jar%23420!/:?]
	at java.util.concurrent.CompletableFuture$AsyncSupply.run(CompletableFuture.java:1768) ~[?:?]
	at java.util.concurrent.CompletableFuture$AsyncSupply.exec(CompletableFuture.java:1760) ~[?:?]
	at java.util.concurrent.ForkJoinTask.doExec(ForkJoinTask.java:373) ~[?:?]
	at java.util.concurrent.ForkJoinPool$WorkQueue.topLevelExec(ForkJoinPool.java:1182) ~[?:?]
	at java.util.concurrent.ForkJoinPool.scan(ForkJoinPool.java:1655) ~[?:?]
	at java.util.concurrent.ForkJoinPool.runWorker(ForkJoinPool.java:1622) ~[?:?]
	at java.util.concurrent.ForkJoinWorkerThread.run(ForkJoinWorkerThread.java:165) ~[?:?]
Caused by: java.io.EOFException: End of input at line 1 column 1 path $
	at com.google.gson.stream.JsonReader.nextNonWhitespace(JsonReader.java:1455) ~[gson-2.10.jar%2372!/:?]
	at com.google.gson.stream.JsonReader.doPeek(JsonReader.java:558) ~[gson-2.10.jar%2372!/:?]
	at com.google.gson.stream.JsonReader.peek(JsonReader.java:433) ~[gson-2.10.jar%2372!/:?]
	at com.google.gson.internal.bind.TypeAdapters$28.read(TypeAdapters.java:769) ~[gson-2.10.jar%2372!/:?]
	at com.google.gson.internal.bind.TypeAdapters$28.read(TypeAdapters.java:725) ~[gson-2.10.jar%2372!/:?]
	at com.google.gson.internal.bind.TypeAdapters$34$1.read(TypeAdapters.java:1007) ~[gson-2.10.jar%2372!/:?]
	at net.minecraft.util.GsonHelper.m_13780_(GsonHelper.java:524) ~[server-1.20.1-20230612.114412-srg.jar%23420!/:?]
	... 13 more
[02Sep2026 01:02:01.773] [Worker-Main-2/ERROR] [net.minecraft.server.packs.resources.SimpleJsonResourceReloadListener/]: Couldn't parse data file irons_spellbooks:druidic_spell_book from irons_spellbooks:recipes/druidic_spell_book.json
com.google.gson.JsonParseException: java.io.EOFException: End of input at line 1 column 1 path $
	at net.minecraft.util.GsonHelper.m_13780_(GsonHelper.java:526) ~[server-1.20.1-20230612.114412-srg.jar%23420!/:?]
	at net.minecraft.util.GsonHelper.m_263475_(GsonHelper.java:531) ~[server-1.20.1-20230612.114412-srg.jar%23420!/:?]
	at net.minecraft.util.GsonHelper.m_13776_(GsonHelper.java:581) ~[server-1.20.1-20230612.114412-srg.jar%23420!/:?]
	at net.minecraft.server.packs.resources.SimpleJsonResourceReloadListener.m_278771_(SimpleJsonResourceReloadListener.java:41) ~[server-1.20.1-20230612.114412-srg.jar%23420!/:?]
	at net.minecraft.server.packs.resources.SimpleJsonResourceReloadListener.m_5944_(SimpleJsonResourceReloadListener.java:29) ~[server-1.20.1-20230612.114412-srg.jar%23420!/:?]
	at net.minecraft.server.packs.resources.SimpleJsonResourceReloadListener.m_5944_(SimpleJsonResourceReloadListener.java:17) ~[server-1.20.1-20230612.114412-srg.jar%23420!/:?]
	at net.minecraft.server.packs.resources.SimplePreparableReloadListener.m_10786_(SimplePreparableReloadListener.java:11) ~[server-1.20.1-20230612.114412-srg.jar%23420!/:?]
	at java.util.concurrent.CompletableFuture$AsyncSupply.run(CompletableFuture.java:1768) ~[?:?]
	at java.util.concurrent.CompletableFuture$AsyncSupply.exec(CompletableFuture.java:1760) ~[?:?]
	at java.util.concurrent.ForkJoinTask.doExec(ForkJoinTask.java:373) ~[?:?]
	at java.util.concurrent.ForkJoinPool$WorkQueue.topLevelExec(ForkJoinPool.java:1182) ~[?:?]
	at java.util.concurrent.ForkJoinPool.scan(ForkJoinPool.java:1655) ~[?:?]
	at java.util.concurrent.ForkJoinPool.runWorker(ForkJoinPool.java:1622) ~[?:?]
	at java.util.concurrent.ForkJoinWorkerThread.run(ForkJoinWorkerThread.java:165) ~[?:?]
Caused by: java.io.EOFException: End of input at line 1 column 1 path $
	at com.google.gson.stream.JsonReader.nextNonWhitespace(JsonReader.java:1455) ~[gson-2.10.jar%2372!/:?]
	at com.google.gson.stream.JsonReader.doPeek(JsonReader.java:558) ~[gson-2.10.jar%2372!/:?]
	at com.google.gson.stream.JsonReader.peek(JsonReader.java:433) ~[gson-2.10.jar%2372!/:?]
	at com.google.gson.internal.bind.TypeAdapters$28.read(TypeAdapters.java:769) ~[gson-2.10.jar%2372!/:?]
	at com.google.gson.internal.bind.TypeAdapters$28.read(TypeAdapters.java:725) ~[gson-2.10.jar%2372!/:?]
	at com.google.gson.internal.bind.TypeAdapters$34$1.read(TypeAdapters.java:1007) ~[gson-2.10.jar%2372!/:?]
	at net.minecraft.util.GsonHelper.m_13780_(GsonHelper.java:524) ~[server-1.20.1-20230612.114412-srg.jar%23420!/:?]
	... 13 more
[02Sep2026 01:02:01.775] [Worker-Main-2/ERROR] [net.minecraft.server.packs.resources.SimpleJsonResourceReloadListener/]: Couldn't parse data file efn:duskfire_boots from efn:recipes/duskfire_boots.json
com.google.gson.JsonParseException: java.io.EOFException: End of input at line 1 column 1 path $
	at net.minecraft.util.GsonHelper.m_13780_(GsonHelper.java:526) ~[server-1.20.1-20230612.114412-srg.jar%23420!/:?]
	at net.minecraft.util.GsonHelper.m_263475_(GsonHelper.java:531) ~[server-1.20.1-20230612.114412-srg.jar%23420!/:?]
	at net.minecraft.util.GsonHelper.m_13776_(GsonHelper.java:581) ~[server-1.20.1-20230612.114412-srg.jar%23420!/:?]
	at net.minecraft.server.packs.resources.SimpleJsonResourceReloadListener.m_278771_(SimpleJsonResourceReloadListener.java:41) ~[server-1.20.1-20230612.114412-srg.jar%23420!/:?]
	at net.minecraft.server.packs.resources.SimpleJsonResourceReloadListener.m_5944_(SimpleJsonResourceReloadListener.java:29) ~[server-1.20.1-20230612.114412-srg.jar%23420!/:?]
	at net.minecraft.server.packs.resources.SimpleJsonResourceReloadListener.m_5944_(SimpleJsonResourceReloadListener.java:17) ~[server-1.20.1-20230612.114412-srg.jar%23420!/:?]
	at net.minecraft.server.packs.resources.SimplePreparableReloadListener.m_10786_(SimplePreparableReloadListener.java:11) ~[server-1.20.1-20230612.114412-srg.jar%23420!/:?]
	at java.util.concurrent.CompletableFuture$AsyncSupply.run(CompletableFuture.java:1768) ~[?:?]
	at java.util.concurrent.CompletableFuture$AsyncSupply.exec(CompletableFuture.java:1760) ~[?:?]
	at java.util.concurrent.ForkJoinTask.doExec(ForkJoinTask.java:373) ~[?:?]
	at java.util.concurrent.ForkJoinPool$WorkQueue.topLevelExec(ForkJoinPool.java:1182) ~[?:?]
	at java.util.concurrent.ForkJoinPool.scan(ForkJoinPool.java:1655) ~[?:?]
	at java.util.concurrent.ForkJoinPool.runWorker(ForkJoinPool.java:1622) ~[?:?]
	at java.util.concurrent.ForkJoinWorkerThread.run(ForkJoinWorkerThread.java:165) ~[?:?]
Caused by: java.io.EOFException: End of input at line 1 column 1 path $
	at com.google.gson.stream.JsonReader.nextNonWhitespace(JsonReader.java:1455) ~[gson-2.10.jar%2372!/:?]
	at com.google.gson.stream.JsonReader.doPeek(JsonReader.java:558) ~[gson-2.10.jar%2372!/:?]
	at com.google.gson.stream.JsonReader.peek(JsonReader.java:433) ~[gson-2.10.jar%2372!/:?]
	at com.google.gson.internal.bind.TypeAdapters$28.read(TypeAdapters.java:769) ~[gson-2.10.jar%2372!/:?]
	at com.google.gson.internal.bind.TypeAdapters$28.read(TypeAdapters.java:725) ~[gson-2.10.jar%2372!/:?]
	at com.google.gson.internal.bind.TypeAdapters$34$1.read(TypeAdapters.java:1007) ~[gson-2.10.jar%2372!/:?]
	at net.minecraft.util.GsonHelper.m_13780_(GsonHelper.java:524) ~[server-1.20.1-20230612.114412-srg.jar%23420!/:?]
	... 13 more
[02Sep2026 01:02:01.776] [Worker-Main-2/ERROR] [net.minecraft.server.packs.resources.SimpleJsonResourceReloadListener/]: Couldn't parse data file efn:duskfire_chestplate from efn:recipes/duskfire_chestplate.json
com.google.gson.JsonParseException: java.io.EOFException: End of input at line 1 column 1 path $
	at net.minecraft.util.GsonHelper.m_13780_(GsonHelper.java:526) ~[server-1.20.1-20230612.114412-srg.jar%23420!/:?]
	at net.minecraft.util.GsonHelper.m_263475_(GsonHelper.java:531) ~[server-1.20.1-20230612.114412-srg.jar%23420!/:?]
	at net.minecraft.util.GsonHelper.m_13776_(GsonHelper.java:581) ~[server-1.20.1-20230612.114412-srg.jar%23420!/:?]
	at net.minecraft.server.packs.resources.SimpleJsonResourceReloadListener.m_278771_(SimpleJsonResourceReloadListener.java:41) ~[server-1.20.1-20230612.114412-srg.jar%23420!/:?]
	at net.minecraft.server.packs.resources.SimpleJsonResourceReloadListener.m_5944_(SimpleJsonResourceReloadListener.java:29) ~[server-1.20.1-20230612.114412-srg.jar%23420!/:?]
	at net.minecraft.server.packs.resources.SimpleJsonResourceReloadListener.m_5944_(SimpleJsonResourceReloadListener.java:17) ~[server-1.20.1-20230612.114412-srg.jar%23420!/:?]
	at net.minecraft.server.packs.resources.SimplePreparableReloadListener.m_10786_(SimplePreparableReloadListener.java:11) ~[server-1.20.1-20230612.114412-srg.jar%23420!/:?]
	at java.util.concurrent.CompletableFuture$AsyncSupply.run(CompletableFuture.java:1768) ~[?:?]
	at java.util.concurrent.CompletableFuture$AsyncSupply.exec(CompletableFuture.java:1760) ~[?:?]
	at java.util.concurrent.ForkJoinTask.doExec(ForkJoinTask.java:373) ~[?:?]
	at java.util.concurrent.ForkJoinPool$WorkQueue.topLevelExec(ForkJoinPool.java:1182) ~[?:?]
	at java.util.concurrent.ForkJoinPool.scan(ForkJoinPool.java:1655) ~[?:?]
	at java.util.concurrent.ForkJoinPool.runWorker(ForkJoinPool.java:1622) ~[?:?]
	at java.util.concurrent.ForkJoinWorkerThread.run(ForkJoinWorkerThread.java:165) ~[?:?]
Caused by: java.io.EOFException: End of input at line 1 column 1 path $
	at com.google.gson.stream.JsonReader.nextNonWhitespace(JsonReader.java:1455) ~[gson-2.10.jar%2372!/:?]
	at com.google.gson.stream.JsonReader.doPeek(JsonReader.java:558) ~[gson-2.10.jar%2372!/:?]
	at com.google.gson.stream.JsonReader.peek(JsonReader.java:433) ~[gson-2.10.jar%2372!/:?]
	at com.google.gson.internal.bind.TypeAdapters$28.read(TypeAdapters.java:769) ~[gson-2.10.jar%2372!/:?]
	at com.google.gson.internal.bind.TypeAdapters$28.read(TypeAdapters.java:725) ~[gson-2.10.jar%2372!/:?]
	at com.google.gson.internal.bind.TypeAdapters$34$1.read(TypeAdapters.java:1007) ~[gson-2.10.jar%2372!/:?]
	at net.minecraft.util.GsonHelper.m_13780_(GsonHelper.java:524) ~[server-1.20.1-20230612.114412-srg.jar%23420!/:?]
	... 13 more
[02Sep2026 01:02:01.778] [Worker-Main-2/ERROR] [net.minecraft.server.packs.resources.SimpleJsonResourceReloadListener/]: Couldn't parse data file efn:duskfire_helmet from efn:recipes/duskfire_helmet.json
com.google.gson.JsonParseException: java.io.EOFException: End of input at line 1 column 1 path $
	at net.minecraft.util.GsonHelper.m_13780_(GsonHelper.java:526) ~[server-1.20.1-20230612.114412-srg.jar%23420!/:?]
	at net.minecraft.util.GsonHelper.m_263475_(GsonHelper.java:531) ~[server-1.20.1-20230612.114412-srg.jar%23420!/:?]
	at net.minecraft.util.GsonHelper.m_13776_(GsonHelper.java:581) ~[server-1.20.1-20230612.114412-srg.jar%23420!/:?]
	at net.minecraft.server.packs.resources.SimpleJsonResourceReloadListener.m_278771_(SimpleJsonResourceReloadListener.java:41) ~[server-1.20.1-20230612.114412-srg.jar%23420!/:?]
	at net.minecraft.server.packs.resources.SimpleJsonResourceReloadListener.m_5944_(SimpleJsonResourceReloadListener.java:29) ~[server-1.20.1-20230612.114412-srg.jar%23420!/:?]
	at net.minecraft.server.packs.resources.SimpleJsonResourceReloadListener.m_5944_(SimpleJsonResourceReloadListener.java:17) ~[server-1.20.1-20230612.114412-srg.jar%23420!/:?]
	at net.minecraft.server.packs.resources.SimplePreparableReloadListener.m_10786_(SimplePreparableReloadListener.java:11) ~[server-1.20.1-20230612.114412-srg.jar%23420!/:?]
	at java.util.concurrent.CompletableFuture$AsyncSupply.run(CompletableFuture.java:1768) ~[?:?]
	at java.util.concurrent.CompletableFuture$AsyncSupply.exec(CompletableFuture.java:1760) ~[?:?]
	at java.util.concurrent.ForkJoinTask.doExec(ForkJoinTask.java:373) ~[?:?]
	at java.util.concurrent.ForkJoinPool$WorkQueue.topLevelExec(ForkJoinPool.java:1182) ~[?:?]
	at java.util.concurrent.ForkJoinPool.scan(ForkJoinPool.java:1655) ~[?:?]
	at java.util.concurrent.ForkJoinPool.runWorker(ForkJoinPool.java:1622) ~[?:?]
	at java.util.concurrent.ForkJoinWorkerThread.run(ForkJoinWorkerThread.java:165) ~[?:?]
Caused by: java.io.EOFException: End of input at line 1 column 1 path $
	at com.google.gson.stream.JsonReader.nextNonWhitespace(JsonReader.java:1455) ~[gson-2.10.jar%2372!/:?]
	at com.google.gson.stream.JsonReader.doPeek(JsonReader.java:558) ~[gson-2.10.jar%2372!/:?]
	at com.google.gson.stream.JsonReader.peek(JsonReader.java:433) ~[gson-2.10.jar%2372!/:?]
	at com.google.gson.internal.bind.TypeAdapters$28.read(TypeAdapters.java:769) ~[gson-2.10.jar%2372!/:?]
	at com.google.gson.internal.bind.TypeAdapters$28.read(TypeAdapters.java:725) ~[gson-2.10.jar%2372!/:?]
	at com.google.gson.internal.bind.TypeAdapters$34$1.read(TypeAdapters.java:1007) ~[gson-2.10.jar%2372!/:?]
	at net.minecraft.util.GsonHelper.m_13780_(GsonHelper.java:524) ~[server-1.20.1-20230612.114412-srg.jar%23420!/:?]
	... 13 more
[02Sep2026 01:02:01.780] [Worker-Main-2/ERROR] [net.minecraft.server.packs.resources.SimpleJsonResourceReloadListener/]: Couldn't parse data file efn:duskfire_leggings from efn:recipes/duskfire_leggings.json
com.google.gson.JsonParseException: java.io.EOFException: End of input at line 1 column 1 path $
	at net.minecraft.util.GsonHelper.m_13780_(GsonHelper.java:526) ~[server-1.20.1-20230612.114412-srg.jar%23420!/:?]
	at net.minecraft.util.GsonHelper.m_263475_(GsonHelper.java:531) ~[server-1.20.1-20230612.114412-srg.jar%23420!/:?]
	at net.minecraft.util.GsonHelper.m_13776_(GsonHelper.java:581) ~[server-1.20.1-20230612.114412-srg.jar%23420!/:?]
	at net.minecraft.server.packs.resources.SimpleJsonResourceReloadListener.m_278771_(SimpleJsonResourceReloadListener.java:41) ~[server-1.20.1-20230612.114412-srg.jar%23420!/:?]
	at net.minecraft.server.packs.resources.SimpleJsonResourceReloadListener.m_5944_(SimpleJsonResourceReloadListener.java:29) ~[server-1.20.1-20230612.114412-srg.jar%23420!/:?]
	at net.minecraft.server.packs.resources.SimpleJsonResourceReloadListener.m_5944_(SimpleJsonResourceReloadListener.java:17) ~[server-1.20.1-20230612.114412-srg.jar%23420!/:?]
	at net.minecraft.server.packs.resources.SimplePreparableReloadListener.m_10786_(SimplePreparableReloadListener.java:11) ~[server-1.20.1-20230612.114412-srg.jar%23420!/:?]
	at java.util.concurrent.CompletableFuture$AsyncSupply.run(CompletableFuture.java:1768) ~[?:?]
	at java.util.concurrent.CompletableFuture$AsyncSupply.exec(CompletableFuture.java:1760) ~[?:?]
	at java.util.concurrent.ForkJoinTask.doExec(ForkJoinTask.java:373) ~[?:?]
	at java.util.concurrent.ForkJoinPool$WorkQueue.topLevelExec(ForkJoinPool.java:1182) ~[?:?]
	at java.util.concurrent.ForkJoinPool.scan(ForkJoinPool.java:1655) ~[?:?]
	at java.util.concurrent.ForkJoinPool.runWorker(ForkJoinPool.java:1622) ~[?:?]
	at java.util.concurrent.ForkJoinWorkerThread.run(ForkJoinWorkerThread.java:165) ~[?:?]
Caused by: java.io.EOFException: End of input at line 1 column 1 path $
	at com.google.gson.stream.JsonReader.nextNonWhitespace(JsonReader.java:1455) ~[gson-2.10.jar%2372!/:?]
	at com.google.gson.stream.JsonReader.doPeek(JsonReader.java:558) ~[gson-2.10.jar%2372!/:?]
	at com.google.gson.stream.JsonReader.peek(JsonReader.java:433) ~[gson-2.10.jar%2372!/:?]
	at com.google.gson.internal.bind.TypeAdapters$28.read(TypeAdapters.java:769) ~[gson-2.10.jar%2372!/:?]
	at com.google.gson.internal.bind.TypeAdapters$28.read(TypeAdapters.java:725) ~[gson-2.10.jar%2372!/:?]
	at com.google.gson.internal.bind.TypeAdapters$34$1.read(TypeAdapters.java:1007) ~[gson-2.10.jar%2372!/:?]
	at net.minecraft.util.GsonHelper.m_13780_(GsonHelper.java:524) ~[server-1.20.1-20230612.114412-srg.jar%23420!/:?]
	... 13 more
[02Sep2026 01:02:01.784] [Worker-Main-2/ERROR] [net.minecraft.server.packs.resources.SimpleJsonResourceReloadListener/]: Couldn't parse data file efn:efn_dodge from efn:recipes/efn_dodge.json
com.google.gson.JsonParseException: java.io.EOFException: End of input at line 1 column 1 path $
	at net.minecraft.util.GsonHelper.m_13780_(GsonHelper.java:526) ~[server-1.20.1-20230612.114412-srg.jar%23420!/:?]
	at net.minecraft.util.GsonHelper.m_263475_(GsonHelper.java:531) ~[server-1.20.1-20230612.114412-srg.jar%23420!/:?]
	at net.minecraft.util.GsonHelper.m_13776_(GsonHelper.java:581) ~[server-1.20.1-20230612.114412-srg.jar%23420!/:?]
	at net.minecraft.server.packs.resources.SimpleJsonResourceReloadListener.m_278771_(SimpleJsonResourceReloadListener.java:41) ~[server-1.20.1-20230612.114412-srg.jar%23420!/:?]
	at net.minecraft.server.packs.resources.SimpleJsonResourceReloadListener.m_5944_(SimpleJsonResourceReloadListener.java:29) ~[server-1.20.1-20230612.114412-srg.jar%23420!/:?]
	at net.minecraft.server.packs.resources.SimpleJsonResourceReloadListener.m_5944_(SimpleJsonResourceReloadListener.java:17) ~[server-1.20.1-20230612.114412-srg.jar%23420!/:?]
	at net.minecraft.server.packs.resources.SimplePreparableReloadListener.m_10786_(SimplePreparableReloadListener.java:11) ~[server-1.20.1-20230612.114412-srg.jar%23420!/:?]
	at java.util.concurrent.CompletableFuture$AsyncSupply.run(CompletableFuture.java:1768) ~[?:?]
	at java.util.concurrent.CompletableFuture$AsyncSupply.exec(CompletableFuture.java:1760) ~[?:?]
	at java.util.concurrent.ForkJoinTask.doExec(ForkJoinTask.java:373) ~[?:?]
	at java.util.concurrent.ForkJoinPool$WorkQueue.topLevelExec(ForkJoinPool.java:1182) ~[?:?]
	at java.util.concurrent.ForkJoinPool.scan(ForkJoinPool.java:1655) ~[?:?]
	at java.util.concurrent.ForkJoinPool.runWorker(ForkJoinPool.java:1622) ~[?:?]
	at java.util.concurrent.ForkJoinWorkerThread.run(ForkJoinWorkerThread.java:165) ~[?:?]
Caused by: java.io.EOFException: End of input at line 1 column 1 path $
	at com.google.gson.stream.JsonReader.nextNonWhitespace(JsonReader.java:1455) ~[gson-2.10.jar%2372!/:?]
	at com.google.gson.stream.JsonReader.doPeek(JsonReader.java:558) ~[gson-2.10.jar%2372!/:?]
	at com.google.gson.stream.JsonReader.peek(JsonReader.java:433) ~[gson-2.10.jar%2372!/:?]
	at com.google.gson.internal.bind.TypeAdapters$28.read(TypeAdapters.java:769) ~[gson-2.10.jar%2372!/:?]
	at com.google.gson.internal.bind.TypeAdapters$28.read(TypeAdapters.java:725) ~[gson-2.10.jar%2372!/:?]
	at com.google.gson.internal.bind.TypeAdapters$34$1.read(TypeAdapters.java:1007) ~[gson-2.10.jar%2372!/:?]
	at net.minecraft.util.GsonHelper.m_13780_(GsonHelper.java:524) ~[server-1.20.1-20230612.114412-srg.jar%23420!/:?]
	... 13 more
[02Sep2026 01:02:01.785] [Worker-Main-2/ERROR] [net.minecraft.server.packs.resources.SimpleJsonResourceReloadListener/]: Couldn't parse data file efn:efn_step from efn:recipes/efn_step.json
com.google.gson.JsonParseException: java.io.EOFException: End of input at line 1 column 1 path $
	at net.minecraft.util.GsonHelper.m_13780_(GsonHelper.java:526) ~[server-1.20.1-20230612.114412-srg.jar%23420!/:?]
	at net.minecraft.util.GsonHelper.m_263475_(GsonHelper.java:531) ~[server-1.20.1-20230612.114412-srg.jar%23420!/:?]
	at net.minecraft.util.GsonHelper.m_13776_(GsonHelper.java:581) ~[server-1.20.1-20230612.114412-srg.jar%23420!/:?]
	at net.minecraft.server.packs.resources.SimpleJsonResourceReloadListener.m_278771_(SimpleJsonResourceReloadListener.java:41) ~[server-1.20.1-20230612.114412-srg.jar%23420!/:?]
	at net.minecraft.server.packs.resources.SimpleJsonResourceReloadListener.m_5944_(SimpleJsonResourceReloadListener.java:29) ~[server-1.20.1-20230612.114412-srg.jar%23420!/:?]
	at net.minecraft.server.packs.resources.SimpleJsonResourceReloadListener.m_5944_(SimpleJsonResourceReloadListener.java:17) ~[server-1.20.1-20230612.114412-srg.jar%23420!/:?]
	at net.minecraft.server.packs.resources.SimplePreparableReloadListener.m_10786_(SimplePreparableReloadListener.java:11) ~[server-1.20.1-20230612.114412-srg.jar%23420!/:?]
	at java.util.concurrent.CompletableFuture$AsyncSupply.run(CompletableFuture.java:1768) ~[?:?]
	at java.util.concurrent.CompletableFuture$AsyncSupply.exec(CompletableFuture.java:1760) ~[?:?]
	at java.util.concurrent.ForkJoinTask.doExec(ForkJoinTask.java:373) ~[?:?]
	at java.util.concurrent.ForkJoinPool$WorkQueue.topLevelExec(ForkJoinPool.java:1182) ~[?:?]
	at java.util.concurrent.ForkJoinPool.scan(ForkJoinPool.java:1655) ~[?:?]
	at java.util.concurrent.ForkJoinPool.runWorker(ForkJoinPool.java:1622) ~[?:?]
	at java.util.concurrent.ForkJoinWorkerThread.run(ForkJoinWorkerThread.java:165) ~[?:?]
Caused by: java.io.EOFException: End of input at line 1 column 1 path $
	at com.google.gson.stream.JsonReader.nextNonWhitespace(JsonReader.java:1455) ~[gson-2.10.jar%2372!/:?]
	at com.google.gson.stream.JsonReader.doPeek(JsonReader.java:558) ~[gson-2.10.jar%2372!/:?]
	at com.google.gson.stream.JsonReader.peek(JsonReader.java:433) ~[gson-2.10.jar%2372!/:?]
	at com.google.gson.internal.bind.TypeAdapters$28.read(TypeAdapters.java:769) ~[gson-2.10.jar%2372!/:?]
	at com.google.gson.internal.bind.TypeAdapters$28.read(TypeAdapters.java:725) ~[gson-2.10.jar%2372!/:?]
	at com.google.gson.internal.bind.TypeAdapters$34$1.read(TypeAdapters.java:1007) ~[gson-2.10.jar%2372!/:?]
	at net.minecraft.util.GsonHelper.m_13780_(GsonHelper.java:524) ~[server-1.20.1-20230612.114412-srg.jar%23420!/:?]
	... 13 more
[02Sep2026 01:02:01.787] [Worker-Main-2/ERROR] [net.minecraft.server.packs.resources.SimpleJsonResourceReloadListener/]: Couldn't parse data file irons_spellbooks:eldritch_manuscript from irons_spellbooks:recipes/eldritch_manuscript.json
com.google.gson.JsonParseException: java.io.EOFException: End of input at line 1 column 1 path $
	at net.minecraft.util.GsonHelper.m_13780_(GsonHelper.java:526) ~[server-1.20.1-20230612.114412-srg.jar%23420!/:?]
	at net.minecraft.util.GsonHelper.m_263475_(GsonHelper.java:531) ~[server-1.20.1-20230612.114412-srg.jar%23420!/:?]
	at net.minecraft.util.GsonHelper.m_13776_(GsonHelper.java:581) ~[server-1.20.1-20230612.114412-srg.jar%23420!/:?]
	at net.minecraft.server.packs.resources.SimpleJsonResourceReloadListener.m_278771_(SimpleJsonResourceReloadListener.java:41) ~[server-1.20.1-20230612.114412-srg.jar%23420!/:?]
	at net.minecraft.server.packs.resources.SimpleJsonResourceReloadListener.m_5944_(SimpleJsonResourceReloadListener.java:29) ~[server-1.20.1-20230612.114412-srg.jar%23420!/:?]
	at net.minecraft.server.packs.resources.SimpleJsonResourceReloadListener.m_5944_(SimpleJsonResourceReloadListener.java:17) ~[server-1.20.1-20230612.114412-srg.jar%23420!/:?]
	at net.minecraft.server.packs.resources.SimplePreparableReloadListener.m_10786_(SimplePreparableReloadListener.java:11) ~[server-1.20.1-20230612.114412-srg.jar%23420!/:?]
	at java.util.concurrent.CompletableFuture$AsyncSupply.run(CompletableFuture.java:1768) ~[?:?]
	at java.util.concurrent.CompletableFuture$AsyncSupply.exec(CompletableFuture.java:1760) ~[?:?]
	at java.util.concurrent.ForkJoinTask.doExec(ForkJoinTask.java:373) ~[?:?]
	at java.util.concurrent.ForkJoinPool$WorkQueue.topLevelExec(ForkJoinPool.java:1182) ~[?:?]
	at java.util.concurrent.ForkJoinPool.scan(ForkJoinPool.java:1655) ~[?:?]
	at java.util.concurrent.ForkJoinPool.runWorker(ForkJoinPool.java:1622) ~[?:?]
	at java.util.concurrent.ForkJoinWorkerThread.run(ForkJoinWorkerThread.java:165) ~[?:?]
Caused by: java.io.EOFException: End of input at line 1 column 1 path $
	at com.google.gson.stream.JsonReader.nextNonWhitespace(JsonReader.java:1455) ~[gson-2.10.jar%2372!/:?]
	at com.google.gson.stream.JsonReader.doPeek(JsonReader.java:558) ~[gson-2.10.jar%2372!/:?]
	at com.google.gson.stream.JsonReader.peek(JsonReader.java:433) ~[gson-2.10.jar%2372!/:?]
	at com.google.gson.internal.bind.TypeAdapters$28.read(TypeAdapters.java:769) ~[gson-2.10.jar%2372!/:?]
	at com.google.gson.internal.bind.TypeAdapters$28.read(TypeAdapters.java:725) ~[gson-2.10.jar%2372!/:?]
	at com.google.gson.internal.bind.TypeAdapters$34$1.read(TypeAdapters.java:1007) ~[gson-2.10.jar%2372!/:?]
	at net.minecraft.util.GsonHelper.m_13780_(GsonHelper.java:524) ~[server-1.20.1-20230612.114412-srg.jar%23420!/:?]
	... 13 more
[02Sep2026 01:02:01.791] [Worker-Main-2/ERROR] [net.minecraft.server.packs.resources.SimpleJsonResourceReloadListener/]: Couldn't parse data file irons_spellbooks:energized_core from irons_spellbooks:recipes/energized_core.json
com.google.gson.JsonParseException: java.io.EOFException: End of input at line 1 column 1 path $
	at net.minecraft.util.GsonHelper.m_13780_(GsonHelper.java:526) ~[server-1.20.1-20230612.114412-srg.jar%23420!/:?]
	at net.minecraft.util.GsonHelper.m_263475_(GsonHelper.java:531) ~[server-1.20.1-20230612.114412-srg.jar%23420!/:?]
	at net.minecraft.util.GsonHelper.m_13776_(GsonHelper.java:581) ~[server-1.20.1-20230612.114412-srg.jar%23420!/:?]
	at net.minecraft.server.packs.resources.SimpleJsonResourceReloadListener.m_278771_(SimpleJsonResourceReloadListener.java:41) ~[server-1.20.1-20230612.114412-srg.jar%23420!/:?]
	at net.minecraft.server.packs.resources.SimpleJsonResourceReloadListener.m_5944_(SimpleJsonResourceReloadListener.java:29) ~[server-1.20.1-20230612.114412-srg.jar%23420!/:?]
	at net.minecraft.server.packs.resources.SimpleJsonResourceReloadListener.m_5944_(SimpleJsonResourceReloadListener.java:17) ~[server-1.20.1-20230612.114412-srg.jar%23420!/:?]
	at net.minecraft.server.packs.resources.SimplePreparableReloadListener.m_10786_(SimplePreparableReloadListener.java:11) ~[server-1.20.1-20230612.114412-srg.jar%23420!/:?]
	at java.util.concurrent.CompletableFuture$AsyncSupply.run(CompletableFuture.java:1768) ~[?:?]
	at java.util.concurrent.CompletableFuture$AsyncSupply.exec(CompletableFuture.java:1760) ~[?:?]
	at java.util.concurrent.ForkJoinTask.doExec(ForkJoinTask.java:373) ~[?:?]
	at java.util.concurrent.ForkJoinPool$WorkQueue.topLevelExec(ForkJoinPool.java:1182) ~[?:?]
	at java.util.concurrent.ForkJoinPool.scan(ForkJoinPool.java:1655) ~[?:?]
	at java.util.concurrent.ForkJoinPool.runWorker(ForkJoinPool.java:1622) ~[?:?]
	at java.util.concurrent.ForkJoinWorkerThread.run(ForkJoinWorkerThread.java:165) ~[?:?]
Caused by: java.io.EOFException: End of input at line 1 column 1 path $
	at com.google.gson.stream.JsonReader.nextNonWhitespace(JsonReader.java:1455) ~[gson-2.10.jar%2372!/:?]
	at com.google.gson.stream.JsonReader.doPeek(JsonReader.java:558) ~[gson-2.10.jar%2372!/:?]
	at com.google.gson.stream.JsonReader.peek(JsonReader.java:433) ~[gson-2.10.jar%2372!/:?]
	at com.google.gson.internal.bind.TypeAdapters$28.read(TypeAdapters.java:769) ~[gson-2.10.jar%2372!/:?]
	at com.google.gson.internal.bind.TypeAdapters$28.read(TypeAdapters.java:725) ~[gson-2.10.jar%2372!/:?]
	at com.google.gson.internal.bind.TypeAdapters$34$1.read(TypeAdapters.java:1007) ~[gson-2.10.jar%2372!/:?]
	at net.minecraft.util.GsonHelper.m_13780_(GsonHelper.java:524) ~[server-1.20.1-20230612.114412-srg.jar%23420!/:?]
	... 13 more
[02Sep2026 01:02:01.793] [Worker-Main-2/ERROR] [net.minecraft.server.packs.resources.SimpleJsonResourceReloadListener/]: Couldn't parse data file efn:exsiliumgladius from efn:recipes/exsiliumgladius.json
com.google.gson.JsonParseException: java.io.EOFException: End of input at line 1 column 1 path $
	at net.minecraft.util.GsonHelper.m_13780_(GsonHelper.java:526) ~[server-1.20.1-20230612.114412-srg.jar%23420!/:?]
	at net.minecraft.util.GsonHelper.m_263475_(GsonHelper.java:531) ~[server-1.20.1-20230612.114412-srg.jar%23420!/:?]
	at net.minecraft.util.GsonHelper.m_13776_(GsonHelper.java:581) ~[server-1.20.1-20230612.114412-srg.jar%23420!/:?]
	at net.minecraft.server.packs.resources.SimpleJsonResourceReloadListener.m_278771_(SimpleJsonResourceReloadListener.java:41) ~[server-1.20.1-20230612.114412-srg.jar%23420!/:?]
	at net.minecraft.server.packs.resources.SimpleJsonResourceReloadListener.m_5944_(SimpleJsonResourceReloadListener.java:29) ~[server-1.20.1-20230612.114412-srg.jar%23420!/:?]
	at net.minecraft.server.packs.resources.SimpleJsonResourceReloadListener.m_5944_(SimpleJsonResourceReloadListener.java:17) ~[server-1.20.1-20230612.114412-srg.jar%23420!/:?]
	at net.minecraft.server.packs.resources.SimplePreparableReloadListener.m_10786_(SimplePreparableReloadListener.java:11) ~[server-1.20.1-20230612.114412-srg.jar%23420!/:?]
	at java.util.concurrent.CompletableFuture$AsyncSupply.run(CompletableFuture.java:1768) ~[?:?]
	at java.util.concurrent.CompletableFuture$AsyncSupply.exec(CompletableFuture.java:1760) ~[?:?]
	at java.util.concurrent.ForkJoinTask.doExec(ForkJoinTask.java:373) ~[?:?]
	at java.util.concurrent.ForkJoinPool$WorkQueue.topLevelExec(ForkJoinPool.java:1182) ~[?:?]
	at java.util.concurrent.ForkJoinPool.scan(ForkJoinPool.java:1655) ~[?:?]
	at java.util.concurrent.ForkJoinPool.runWorker(ForkJoinPool.java:1622) ~[?:?]
	at java.util.concurrent.ForkJoinWorkerThread.run(ForkJoinWorkerThread.java:165) ~[?:?]
Caused by: java.io.EOFException: End of input at line 1 column 1 path $
	at com.google.gson.stream.JsonReader.nextNonWhitespace(JsonReader.java:1455) ~[gson-2.10.jar%2372!/:?]
	at com.google.gson.stream.JsonReader.doPeek(JsonReader.java:558) ~[gson-2.10.jar%2372!/:?]
	at com.google.gson.stream.JsonReader.peek(JsonReader.java:433) ~[gson-2.10.jar%2372!/:?]
	at com.google.gson.internal.bind.TypeAdapters$28.read(TypeAdapters.java:769) ~[gson-2.10.jar%2372!/:?]
	at com.google.gson.internal.bind.TypeAdapters$28.read(TypeAdapters.java:725) ~[gson-2.10.jar%2372!/:?]
	at com.google.gson.internal.bind.TypeAdapters$34$1.read(TypeAdapters.java:1007) ~[gson-2.10.jar%2372!/:?]
	at net.minecraft.util.GsonHelper.m_13780_(GsonHelper.java:524) ~[server-1.20.1-20230612.114412-srg.jar%23420!/:?]
	... 13 more
[02Sep2026 01:02:01.796] [Worker-Main-2/ERROR] [net.minecraft.server.packs.resources.SimpleJsonResourceReloadListener/]: Couldn't parse data file efn:fire_exsiliumgladius from efn:recipes/fire_exsiliumgladius.json
com.google.gson.JsonParseException: java.io.EOFException: End of input at line 1 column 1 path $
	at net.minecraft.util.GsonHelper.m_13780_(GsonHelper.java:526) ~[server-1.20.1-20230612.114412-srg.jar%23420!/:?]
	at net.minecraft.util.GsonHelper.m_263475_(GsonHelper.java:531) ~[server-1.20.1-20230612.114412-srg.jar%23420!/:?]
	at net.minecraft.util.GsonHelper.m_13776_(GsonHelper.java:581) ~[server-1.20.1-20230612.114412-srg.jar%23420!/:?]
	at net.minecraft.server.packs.resources.SimpleJsonResourceReloadListener.m_278771_(SimpleJsonResourceReloadListener.java:41) ~[server-1.20.1-20230612.114412-srg.jar%23420!/:?]
	at net.minecraft.server.packs.resources.SimpleJsonResourceReloadListener.m_5944_(SimpleJsonResourceReloadListener.java:29) ~[server-1.20.1-20230612.114412-srg.jar%23420!/:?]
	at net.minecraft.server.packs.resources.SimpleJsonResourceReloadListener.m_5944_(SimpleJsonResourceReloadListener.java:17) ~[server-1.20.1-20230612.114412-srg.jar%23420!/:?]
	at net.minecraft.server.packs.resources.SimplePreparableReloadListener.m_10786_(SimplePreparableReloadListener.java:11) ~[server-1.20.1-20230612.114412-srg.jar%23420!/:?]
	at java.util.concurrent.CompletableFuture$AsyncSupply.run(CompletableFuture.java:1768) ~[?:?]
	at java.util.concurrent.CompletableFuture$AsyncSupply.exec(CompletableFuture.java:1760) ~[?:?]
	at java.util.concurrent.ForkJoinTask.doExec(ForkJoinTask.java:373) ~[?:?]
	at java.util.concurrent.ForkJoinPool$WorkQueue.topLevelExec(ForkJoinPool.java:1182) ~[?:?]
	at java.util.concurrent.ForkJoinPool.scan(ForkJoinPool.java:1655) ~[?:?]
	at java.util.concurrent.ForkJoinPool.runWorker(ForkJoinPool.java:1622) ~[?:?]
	at java.util.concurrent.ForkJoinWorkerThread.run(ForkJoinWorkerThread.java:165) ~[?:?]
Caused by: java.io.EOFException: End of input at line 1 column 1 path $
	at com.google.gson.stream.JsonReader.nextNonWhitespace(JsonReader.java:1455) ~[gson-2.10.jar%2372!/:?]
	at com.google.gson.stream.JsonReader.doPeek(JsonReader.java:558) ~[gson-2.10.jar%2372!/:?]
	at com.google.gson.stream.JsonReader.peek(JsonReader.java:433) ~[gson-2.10.jar%2372!/:?]
	at com.google.gson.internal.bind.TypeAdapters$28.read(TypeAdapters.java:769) ~[gson-2.10.jar%2372!/:?]
	at com.google.gson.internal.bind.TypeAdapters$28.read(TypeAdapters.java:725) ~[gson-2.10.jar%2372!/:?]
	at com.google.gson.internal.bind.TypeAdapters$34$1.read(TypeAdapters.java:1007) ~[gson-2.10.jar%2372!/:?]
	at net.minecraft.util.GsonHelper.m_13780_(GsonHelper.java:524) ~[server-1.20.1-20230612.114412-srg.jar%23420!/:?]
	... 13 more
[02Sep2026 01:02:01.804] [Worker-Main-2/ERROR] [net.minecraft.server.packs.resources.SimpleJsonResourceReloadListener/]: Couldn't parse data file irons_spellbooks:gold_spell_book from irons_spellbooks:recipes/gold_spell_book.json
com.google.gson.JsonParseException: java.io.EOFException: End of input at line 1 column 1 path $
	at net.minecraft.util.GsonHelper.m_13780_(GsonHelper.java:526) ~[server-1.20.1-20230612.114412-srg.jar%23420!/:?]
	at net.minecraft.util.GsonHelper.m_263475_(GsonHelper.java:531) ~[server-1.20.1-20230612.114412-srg.jar%23420!/:?]
	at net.minecraft.util.GsonHelper.m_13776_(GsonHelper.java:581) ~[server-1.20.1-20230612.114412-srg.jar%23420!/:?]
	at net.minecraft.server.packs.resources.SimpleJsonResourceReloadListener.m_278771_(SimpleJsonResourceReloadListener.java:41) ~[server-1.20.1-20230612.114412-srg.jar%23420!/:?]
	at net.minecraft.server.packs.resources.SimpleJsonResourceReloadListener.m_5944_(SimpleJsonResourceReloadListener.java:29) ~[server-1.20.1-20230612.114412-srg.jar%23420!/:?]
	at net.minecraft.server.packs.resources.SimpleJsonResourceReloadListener.m_5944_(SimpleJsonResourceReloadListener.java:17) ~[server-1.20.1-20230612.114412-srg.jar%23420!/:?]
	at net.minecraft.server.packs.resources.SimplePreparableReloadListener.m_10786_(SimplePreparableReloadListener.java:11) ~[server-1.20.1-20230612.114412-srg.jar%23420!/:?]
	at java.util.concurrent.CompletableFuture$AsyncSupply.run(CompletableFuture.java:1768) ~[?:?]
	at java.util.concurrent.CompletableFuture$AsyncSupply.exec(CompletableFuture.java:1760) ~[?:?]
	at java.util.concurrent.ForkJoinTask.doExec(ForkJoinTask.java:373) ~[?:?]
	at java.util.concurrent.ForkJoinPool$WorkQueue.topLevelExec(ForkJoinPool.java:1182) ~[?:?]
	at java.util.concurrent.ForkJoinPool.scan(ForkJoinPool.java:1655) ~[?:?]
	at java.util.concurrent.ForkJoinPool.runWorker(ForkJoinPool.java:1622) ~[?:?]
	at java.util.concurrent.ForkJoinWorkerThread.run(ForkJoinWorkerThread.java:165) ~[?:?]
Caused by: java.io.EOFException: End of input at line 1 column 1 path $
	at com.google.gson.stream.JsonReader.nextNonWhitespace(JsonReader.java:1455) ~[gson-2.10.jar%2372!/:?]
	at com.google.gson.stream.JsonReader.doPeek(JsonReader.java:558) ~[gson-2.10.jar%2372!/:?]
	at com.google.gson.stream.JsonReader.peek(JsonReader.java:433) ~[gson-2.10.jar%2372!/:?]
	at com.google.gson.internal.bind.TypeAdapters$28.read(TypeAdapters.java:769) ~[gson-2.10.jar%2372!/:?]
	at com.google.gson.internal.bind.TypeAdapters$28.read(TypeAdapters.java:725) ~[gson-2.10.jar%2372!/:?]
	at com.google.gson.internal.bind.TypeAdapters$34$1.read(TypeAdapters.java:1007) ~[gson-2.10.jar%2372!/:?]
	at net.minecraft.util.GsonHelper.m_13780_(GsonHelper.java:524) ~[server-1.20.1-20230612.114412-srg.jar%23420!/:?]
	... 13 more
[02Sep2026 01:02:01.810] [Worker-Main-2/ERROR] [net.minecraft.server.packs.resources.SimpleJsonResourceReloadListener/]: Couldn't parse data file irons_spellbooks:graybeard_staff from irons_spellbooks:recipes/graybeard_staff.json
com.google.gson.JsonParseException: java.io.EOFException: End of input at line 1 column 1 path $
	at net.minecraft.util.GsonHelper.m_13780_(GsonHelper.java:526) ~[server-1.20.1-20230612.114412-srg.jar%23420!/:?]
	at net.minecraft.util.GsonHelper.m_263475_(GsonHelper.java:531) ~[server-1.20.1-20230612.114412-srg.jar%23420!/:?]
	at net.minecraft.util.GsonHelper.m_13776_(GsonHelper.java:581) ~[server-1.20.1-20230612.114412-srg.jar%23420!/:?]
	at net.minecraft.server.packs.resources.SimpleJsonResourceReloadListener.m_278771_(SimpleJsonResourceReloadListener.java:41) ~[server-1.20.1-20230612.114412-srg.jar%23420!/:?]
	at net.minecraft.server.packs.resources.SimpleJsonResourceReloadListener.m_5944_(SimpleJsonResourceReloadListener.java:29) ~[server-1.20.1-20230612.114412-srg.jar%23420!/:?]
	at net.minecraft.server.packs.resources.SimpleJsonResourceReloadListener.m_5944_(SimpleJsonResourceReloadListener.java:17) ~[server-1.20.1-20230612.114412-srg.jar%23420!/:?]
	at net.minecraft.server.packs.resources.SimplePreparableReloadListener.m_10786_(SimplePreparableReloadListener.java:11) ~[server-1.20.1-20230612.114412-srg.jar%23420!/:?]
	at java.util.concurrent.CompletableFuture$AsyncSupply.run(CompletableFuture.java:1768) ~[?:?]
	at java.util.concurrent.CompletableFuture$AsyncSupply.exec(CompletableFuture.java:1760) ~[?:?]
	at java.util.concurrent.ForkJoinTask.doExec(ForkJoinTask.java:373) ~[?:?]
	at java.util.concurrent.ForkJoinPool$WorkQueue.topLevelExec(ForkJoinPool.java:1182) ~[?:?]
	at java.util.concurrent.ForkJoinPool.scan(ForkJoinPool.java:1655) ~[?:?]
	at java.util.concurrent.ForkJoinPool.runWorker(ForkJoinPool.java:1622) ~[?:?]
	at java.util.concurrent.ForkJoinWorkerThread.run(ForkJoinWorkerThread.java:165) ~[?:?]
Caused by: java.io.EOFException: End of input at line 1 column 1 path $
	at com.google.gson.stream.JsonReader.nextNonWhitespace(JsonReader.java:1455) ~[gson-2.10.jar%2372!/:?]
	at com.google.gson.stream.JsonReader.doPeek(JsonReader.java:558) ~[gson-2.10.jar%2372!/:?]
	at com.google.gson.stream.JsonReader.peek(JsonReader.java:433) ~[gson-2.10.jar%2372!/:?]
	at com.google.gson.internal.bind.TypeAdapters$28.read(TypeAdapters.java:769) ~[gson-2.10.jar%2372!/:?]
	at com.google.gson.internal.bind.TypeAdapters$28.read(TypeAdapters.java:725) ~[gson-2.10.jar%2372!/:?]
	at com.google.gson.internal.bind.TypeAdapters$34$1.read(TypeAdapters.java:1007) ~[gson-2.10.jar%2372!/:?]
	at net.minecraft.util.GsonHelper.m_13780_(GsonHelper.java:524) ~[server-1.20.1-20230612.114412-srg.jar%23420!/:?]
	... 13 more
[02Sep2026 01:02:01.817] [Worker-Main-2/ERROR] [net.minecraft.server.packs.resources.SimpleJsonResourceReloadListener/]: Couldn't parse data file irons_spellbooks:ice_spell_book from irons_spellbooks:recipes/ice_spell_book.json
com.google.gson.JsonParseException: java.io.EOFException: End of input at line 1 column 1 path $
	at net.minecraft.util.GsonHelper.m_13780_(GsonHelper.java:526) ~[server-1.20.1-20230612.114412-srg.jar%23420!/:?]
	at net.minecraft.util.GsonHelper.m_263475_(GsonHelper.java:531) ~[server-1.20.1-20230612.114412-srg.jar%23420!/:?]
	at net.minecraft.util.GsonHelper.m_13776_(GsonHelper.java:581) ~[server-1.20.1-20230612.114412-srg.jar%23420!/:?]
	at net.minecraft.server.packs.resources.SimpleJsonResourceReloadListener.m_278771_(SimpleJsonResourceReloadListener.java:41) ~[server-1.20.1-20230612.114412-srg.jar%23420!/:?]
	at net.minecraft.server.packs.resources.SimpleJsonResourceReloadListener.m_5944_(SimpleJsonResourceReloadListener.java:29) ~[server-1.20.1-20230612.114412-srg.jar%23420!/:?]
	at net.minecraft.server.packs.resources.SimpleJsonResourceReloadListener.m_5944_(SimpleJsonResourceReloadListener.java:17) ~[server-1.20.1-20230612.114412-srg.jar%23420!/:?]
	at net.minecraft.server.packs.resources.SimplePreparableReloadListener.m_10786_(SimplePreparableReloadListener.java:11) ~[server-1.20.1-20230612.114412-srg.jar%23420!/:?]
	at java.util.concurrent.CompletableFuture$AsyncSupply.run(CompletableFuture.java:1768) ~[?:?]
	at java.util.concurrent.CompletableFuture$AsyncSupply.exec(CompletableFuture.java:1760) ~[?:?]
	at java.util.concurrent.ForkJoinTask.doExec(ForkJoinTask.java:373) ~[?:?]
	at java.util.concurrent.ForkJoinPool$WorkQueue.topLevelExec(ForkJoinPool.java:1182) ~[?:?]
	at java.util.concurrent.ForkJoinPool.scan(ForkJoinPool.java:1655) ~[?:?]
	at java.util.concurrent.ForkJoinPool.runWorker(ForkJoinPool.java:1622) ~[?:?]
	at java.util.concurrent.ForkJoinWorkerThread.run(ForkJoinWorkerThread.java:165) ~[?:?]
Caused by: java.io.EOFException: End of input at line 1 column 1 path $
	at com.google.gson.stream.JsonReader.nextNonWhitespace(JsonReader.java:1455) ~[gson-2.10.jar%2372!/:?]
	at com.google.gson.stream.JsonReader.doPeek(JsonReader.java:558) ~[gson-2.10.jar%2372!/:?]
	at com.google.gson.stream.JsonReader.peek(JsonReader.java:433) ~[gson-2.10.jar%2372!/:?]
	at com.google.gson.internal.bind.TypeAdapters$28.read(TypeAdapters.java:769) ~[gson-2.10.jar%2372!/:?]
	at com.google.gson.internal.bind.TypeAdapters$28.read(TypeAdapters.java:725) ~[gson-2.10.jar%2372!/:?]
	at com.google.gson.internal.bind.TypeAdapters$34$1.read(TypeAdapters.java:1007) ~[gson-2.10.jar%2372!/:?]
	at net.minecraft.util.GsonHelper.m_13780_(GsonHelper.java:524) ~[server-1.20.1-20230612.114412-srg.jar%23420!/:?]
	... 13 more
[02Sep2026 01:02:01.818] [Worker-Main-2/ERROR] [net.minecraft.server.packs.resources.SimpleJsonResourceReloadListener/]: Couldn't parse data file irons_spellbooks:ice_staff from irons_spellbooks:recipes/ice_staff.json
com.google.gson.JsonParseException: java.io.EOFException: End of input at line 1 column 1 path $
	at net.minecraft.util.GsonHelper.m_13780_(GsonHelper.java:526) ~[server-1.20.1-20230612.114412-srg.jar%23420!/:?]
	at net.minecraft.util.GsonHelper.m_263475_(GsonHelper.java:531) ~[server-1.20.1-20230612.114412-srg.jar%23420!/:?]
	at net.minecraft.util.GsonHelper.m_13776_(GsonHelper.java:581) ~[server-1.20.1-20230612.114412-srg.jar%23420!/:?]
	at net.minecraft.server.packs.resources.SimpleJsonResourceReloadListener.m_278771_(SimpleJsonResourceReloadListener.java:41) ~[server-1.20.1-20230612.114412-srg.jar%23420!/:?]
	at net.minecraft.server.packs.resources.SimpleJsonResourceReloadListener.m_5944_(SimpleJsonResourceReloadListener.java:29) ~[server-1.20.1-20230612.114412-srg.jar%23420!/:?]
	at net.minecraft.server.packs.resources.SimpleJsonResourceReloadListener.m_5944_(SimpleJsonResourceReloadListener.java:17) ~[server-1.20.1-20230612.114412-srg.jar%23420!/:?]
	at net.minecraft.server.packs.resources.SimplePreparableReloadListener.m_10786_(SimplePreparableReloadListener.java:11) ~[server-1.20.1-20230612.114412-srg.jar%23420!/:?]
	at java.util.concurrent.CompletableFuture$AsyncSupply.run(CompletableFuture.java:1768) ~[?:?]
	at java.util.concurrent.CompletableFuture$AsyncSupply.exec(CompletableFuture.java:1760) ~[?:?]
	at java.util.concurrent.ForkJoinTask.doExec(ForkJoinTask.java:373) ~[?:?]
	at java.util.concurrent.ForkJoinPool$WorkQueue.topLevelExec(ForkJoinPool.java:1182) ~[?:?]
	at java.util.concurrent.ForkJoinPool.scan(ForkJoinPool.java:1655) ~[?:?]
	at java.util.concurrent.ForkJoinPool.runWorker(ForkJoinPool.java:1622) ~[?:?]
	at java.util.concurrent.ForkJoinWorkerThread.run(ForkJoinWorkerThread.java:165) ~[?:?]
Caused by: java.io.EOFException: End of input at line 1 column 1 path $
	at com.google.gson.stream.JsonReader.nextNonWhitespace(JsonReader.java:1455) ~[gson-2.10.jar%2372!/:?]
	at com.google.gson.stream.JsonReader.doPeek(JsonReader.java:558) ~[gson-2.10.jar%2372!/:?]
	at com.google.gson.stream.JsonReader.peek(JsonReader.java:433) ~[gson-2.10.jar%2372!/:?]
	at com.google.gson.internal.bind.TypeAdapters$28.read(TypeAdapters.java:769) ~[gson-2.10.jar%2372!/:?]
	at com.google.gson.internal.bind.TypeAdapters$28.read(TypeAdapters.java:725) ~[gson-2.10.jar%2372!/:?]
	at com.google.gson.internal.bind.TypeAdapters$34$1.read(TypeAdapters.java:1007) ~[gson-2.10.jar%2372!/:?]
	at net.minecraft.util.GsonHelper.m_13780_(GsonHelper.java:524) ~[server-1.20.1-20230612.114412-srg.jar%23420!/:?]
	... 13 more
[02Sep2026 01:02:01.820] [Worker-Main-2/ERROR] [net.minecraft.server.packs.resources.SimpleJsonResourceReloadListener/]: Couldn't parse data file irons_spellbooks:inscription_table from irons_spellbooks:recipes/inscription_table.json
com.google.gson.JsonParseException: java.io.EOFException: End of input at line 1 column 1 path $
	at net.minecraft.util.GsonHelper.m_13780_(GsonHelper.java:526) ~[server-1.20.1-20230612.114412-srg.jar%23420!/:?]
	at net.minecraft.util.GsonHelper.m_263475_(GsonHelper.java:531) ~[server-1.20.1-20230612.114412-srg.jar%23420!/:?]
	at net.minecraft.util.GsonHelper.m_13776_(GsonHelper.java:581) ~[server-1.20.1-20230612.114412-srg.jar%23420!/:?]
	at net.minecraft.server.packs.resources.SimpleJsonResourceReloadListener.m_278771_(SimpleJsonResourceReloadListener.java:41) ~[server-1.20.1-20230612.114412-srg.jar%23420!/:?]
	at net.minecraft.server.packs.resources.SimpleJsonResourceReloadListener.m_5944_(SimpleJsonResourceReloadListener.java:29) ~[server-1.20.1-20230612.114412-srg.jar%23420!/:?]
	at net.minecraft.server.packs.resources.SimpleJsonResourceReloadListener.m_5944_(SimpleJsonResourceReloadListener.java:17) ~[server-1.20.1-20230612.114412-srg.jar%23420!/:?]
	at net.minecraft.server.packs.resources.SimplePreparableReloadListener.m_10786_(SimplePreparableReloadListener.java:11) ~[server-1.20.1-20230612.114412-srg.jar%23420!/:?]
	at java.util.concurrent.CompletableFuture$AsyncSupply.run(CompletableFuture.java:1768) ~[?:?]
	at java.util.concurrent.CompletableFuture$AsyncSupply.exec(CompletableFuture.java:1760) ~[?:?]
	at java.util.concurrent.ForkJoinTask.doExec(ForkJoinTask.java:373) ~[?:?]
	at java.util.concurrent.ForkJoinPool$WorkQueue.topLevelExec(ForkJoinPool.java:1182) ~[?:?]
	at java.util.concurrent.ForkJoinPool.scan(ForkJoinPool.java:1655) ~[?:?]
	at java.util.concurrent.ForkJoinPool.runWorker(ForkJoinPool.java:1622) ~[?:?]
	at java.util.concurrent.ForkJoinWorkerThread.run(ForkJoinWorkerThread.java:165) ~[?:?]
Caused by: java.io.EOFException: End of input at line 1 column 1 path $
	at com.google.gson.stream.JsonReader.nextNonWhitespace(JsonReader.java:1455) ~[gson-2.10.jar%2372!/:?]
	at com.google.gson.stream.JsonReader.doPeek(JsonReader.java:558) ~[gson-2.10.jar%2372!/:?]
	at com.google.gson.stream.JsonReader.peek(JsonReader.java:433) ~[gson-2.10.jar%2372!/:?]
	at com.google.gson.internal.bind.TypeAdapters$28.read(TypeAdapters.java:769) ~[gson-2.10.jar%2372!/:?]
	at com.google.gson.internal.bind.TypeAdapters$28.read(TypeAdapters.java:725) ~[gson-2.10.jar%2372!/:?]
	at com.google.gson.internal.bind.TypeAdapters$34$1.read(TypeAdapters.java:1007) ~[gson-2.10.jar%2372!/:?]
	at net.minecraft.util.GsonHelper.m_13780_(GsonHelper.java:524) ~[server-1.20.1-20230612.114412-srg.jar%23420!/:?]
	... 13 more
[02Sep2026 01:02:01.824] [Worker-Main-2/ERROR] [net.minecraft.server.packs.resources.SimpleJsonResourceReloadListener/]: Couldn't parse data file irons_spellbooks:iron_spell_book from irons_spellbooks:recipes/iron_spell_book.json
com.google.gson.JsonParseException: java.io.EOFException: End of input at line 1 column 1 path $
	at net.minecraft.util.GsonHelper.m_13780_(GsonHelper.java:526) ~[server-1.20.1-20230612.114412-srg.jar%23420!/:?]
	at net.minecraft.util.GsonHelper.m_263475_(GsonHelper.java:531) ~[server-1.20.1-20230612.114412-srg.jar%23420!/:?]
	at net.minecraft.util.GsonHelper.m_13776_(GsonHelper.java:581) ~[server-1.20.1-20230612.114412-srg.jar%23420!/:?]
	at net.minecraft.server.packs.resources.SimpleJsonResourceReloadListener.m_278771_(SimpleJsonResourceReloadListener.java:41) ~[server-1.20.1-20230612.114412-srg.jar%23420!/:?]
	at net.minecraft.server.packs.resources.SimpleJsonResourceReloadListener.m_5944_(SimpleJsonResourceReloadListener.java:29) ~[server-1.20.1-20230612.114412-srg.jar%23420!/:?]
	at net.minecraft.server.packs.resources.SimpleJsonResourceReloadListener.m_5944_(SimpleJsonResourceReloadListener.java:17) ~[server-1.20.1-20230612.114412-srg.jar%23420!/:?]
	at net.minecraft.server.packs.resources.SimplePreparableReloadListener.m_10786_(SimplePreparableReloadListener.java:11) ~[server-1.20.1-20230612.114412-srg.jar%23420!/:?]
	at java.util.concurrent.CompletableFuture$AsyncSupply.run(CompletableFuture.java:1768) ~[?:?]
	at java.util.concurrent.CompletableFuture$AsyncSupply.exec(CompletableFuture.java:1760) ~[?:?]
	at java.util.concurrent.ForkJoinTask.doExec(ForkJoinTask.java:373) ~[?:?]
	at java.util.concurrent.ForkJoinPool$WorkQueue.topLevelExec(ForkJoinPool.java:1182) ~[?:?]
	at java.util.concurrent.ForkJoinPool.scan(ForkJoinPool.java:1655) ~[?:?]
	at java.util.concurrent.ForkJoinPool.runWorker(ForkJoinPool.java:1622) ~[?:?]
	at java.util.concurrent.ForkJoinWorkerThread.run(ForkJoinWorkerThread.java:165) ~[?:?]
Caused by: java.io.EOFException: End of input at line 1 column 1 path $
	at com.google.gson.stream.JsonReader.nextNonWhitespace(JsonReader.java:1455) ~[gson-2.10.jar%2372!/:?]
	at com.google.gson.stream.JsonReader.doPeek(JsonReader.java:558) ~[gson-2.10.jar%2372!/:?]
	at com.google.gson.stream.JsonReader.peek(JsonReader.java:433) ~[gson-2.10.jar%2372!/:?]
	at com.google.gson.internal.bind.TypeAdapters$28.read(TypeAdapters.java:769) ~[gson-2.10.jar%2372!/:?]
	at com.google.gson.internal.bind.TypeAdapters$28.read(TypeAdapters.java:725) ~[gson-2.10.jar%2372!/:?]
	at com.google.gson.internal.bind.TypeAdapters$34$1.read(TypeAdapters.java:1007) ~[gson-2.10.jar%2372!/:?]
	at net.minecraft.util.GsonHelper.m_13780_(GsonHelper.java:524) ~[server-1.20.1-20230612.114412-srg.jar%23420!/:?]
	... 13 more
[02Sep2026 01:02:01.828] [Worker-Main-2/ERROR] [net.minecraft.server.packs.resources.SimpleJsonResourceReloadListener/]: Couldn't parse data file efn:kusabimaru from efn:recipes/kusabimaru.json
com.google.gson.JsonParseException: java.io.EOFException: End of input at line 1 column 1 path $
	at net.minecraft.util.GsonHelper.m_13780_(GsonHelper.java:526) ~[server-1.20.1-20230612.114412-srg.jar%23420!/:?]
	at net.minecraft.util.GsonHelper.m_263475_(GsonHelper.java:531) ~[server-1.20.1-20230612.114412-srg.jar%23420!/:?]
	at net.minecraft.util.GsonHelper.m_13776_(GsonHelper.java:581) ~[server-1.20.1-20230612.114412-srg.jar%23420!/:?]
	at net.minecraft.server.packs.resources.SimpleJsonResourceReloadListener.m_278771_(SimpleJsonResourceReloadListener.java:41) ~[server-1.20.1-20230612.114412-srg.jar%23420!/:?]
	at net.minecraft.server.packs.resources.SimpleJsonResourceReloadListener.m_5944_(SimpleJsonResourceReloadListener.java:29) ~[server-1.20.1-20230612.114412-srg.jar%23420!/:?]
	at net.minecraft.server.packs.resources.SimpleJsonResourceReloadListener.m_5944_(SimpleJsonResourceReloadListener.java:17) ~[server-1.20.1-20230612.114412-srg.jar%23420!/:?]
	at net.minecraft.server.packs.resources.SimplePreparableReloadListener.m_10786_(SimplePreparableReloadListener.java:11) ~[server-1.20.1-20230612.114412-srg.jar%23420!/:?]
	at java.util.concurrent.CompletableFuture$AsyncSupply.run(CompletableFuture.java:1768) ~[?:?]
	at java.util.concurrent.CompletableFuture$AsyncSupply.exec(CompletableFuture.java:1760) ~[?:?]
	at java.util.concurrent.ForkJoinTask.doExec(ForkJoinTask.java:373) ~[?:?]
	at java.util.concurrent.ForkJoinPool$WorkQueue.topLevelExec(ForkJoinPool.java:1182) ~[?:?]
	at java.util.concurrent.ForkJoinPool.scan(ForkJoinPool.java:1655) ~[?:?]
	at java.util.concurrent.ForkJoinPool.runWorker(ForkJoinPool.java:1622) ~[?:?]
	at java.util.concurrent.ForkJoinWorkerThread.run(ForkJoinWorkerThread.java:165) ~[?:?]
Caused by: java.io.EOFException: End of input at line 1 column 1 path $
	at com.google.gson.stream.JsonReader.nextNonWhitespace(JsonReader.java:1455) ~[gson-2.10.jar%2372!/:?]
	at com.google.gson.stream.JsonReader.doPeek(JsonReader.java:558) ~[gson-2.10.jar%2372!/:?]
	at com.google.gson.stream.JsonReader.peek(JsonReader.java:433) ~[gson-2.10.jar%2372!/:?]
	at com.google.gson.internal.bind.TypeAdapters$28.read(TypeAdapters.java:769) ~[gson-2.10.jar%2372!/:?]
	at com.google.gson.internal.bind.TypeAdapters$28.read(TypeAdapters.java:725) ~[gson-2.10.jar%2372!/:?]
	at com.google.gson.internal.bind.TypeAdapters$34$1.read(TypeAdapters.java:1007) ~[gson-2.10.jar%2372!/:?]
	at net.minecraft.util.GsonHelper.m_13780_(GsonHelper.java:524) ~[server-1.20.1-20230612.114412-srg.jar%23420!/:?]
	... 13 more
[02Sep2026 01:02:01.830] [Worker-Main-2/ERROR] [net.minecraft.server.packs.resources.SimpleJsonResourceReloadListener/]: Couldn't parse data file cataclysm:laser_gatling from cataclysm:recipes/laser_gatling.json
com.google.gson.JsonParseException: java.io.EOFException: End of input at line 1 column 1 path $
	at net.minecraft.util.GsonHelper.m_13780_(GsonHelper.java:526) ~[server-1.20.1-20230612.114412-srg.jar%23420!/:?]
	at net.minecraft.util.GsonHelper.m_263475_(GsonHelper.java:531) ~[server-1.20.1-20230612.114412-srg.jar%23420!/:?]
	at net.minecraft.util.GsonHelper.m_13776_(GsonHelper.java:581) ~[server-1.20.1-20230612.114412-srg.jar%23420!/:?]
	at net.minecraft.server.packs.resources.SimpleJsonResourceReloadListener.m_278771_(SimpleJsonResourceReloadListener.java:41) ~[server-1.20.1-20230612.114412-srg.jar%23420!/:?]
	at net.minecraft.server.packs.resources.SimpleJsonResourceReloadListener.m_5944_(SimpleJsonResourceReloadListener.java:29) ~[server-1.20.1-20230612.114412-srg.jar%23420!/:?]
	at net.minecraft.server.packs.resources.SimpleJsonResourceReloadListener.m_5944_(SimpleJsonResourceReloadListener.java:17) ~[server-1.20.1-20230612.114412-srg.jar%23420!/:?]
	at net.minecraft.server.packs.resources.SimplePreparableReloadListener.m_10786_(SimplePreparableReloadListener.java:11) ~[server-1.20.1-20230612.114412-srg.jar%23420!/:?]
	at java.util.concurrent.CompletableFuture$AsyncSupply.run(CompletableFuture.java:1768) ~[?:?]
	at java.util.concurrent.CompletableFuture$AsyncSupply.exec(CompletableFuture.java:1760) ~[?:?]
	at java.util.concurrent.ForkJoinTask.doExec(ForkJoinTask.java:373) ~[?:?]
	at java.util.concurrent.ForkJoinPool$WorkQueue.topLevelExec(ForkJoinPool.java:1182) ~[?:?]
	at java.util.concurrent.ForkJoinPool.scan(ForkJoinPool.java:1655) ~[?:?]
	at java.util.concurrent.ForkJoinPool.runWorker(ForkJoinPool.java:1622) ~[?:?]
	at java.util.concurrent.ForkJoinWorkerThread.run(ForkJoinWorkerThread.java:165) ~[?:?]
Caused by: java.io.EOFException: End of input at line 1 column 1 path $
	at com.google.gson.stream.JsonReader.nextNonWhitespace(JsonReader.java:1455) ~[gson-2.10.jar%2372!/:?]
	at com.google.gson.stream.JsonReader.doPeek(JsonReader.java:558) ~[gson-2.10.jar%2372!/:?]
	at com.google.gson.stream.JsonReader.peek(JsonReader.java:433) ~[gson-2.10.jar%2372!/:?]
	at com.google.gson.internal.bind.TypeAdapters$28.read(TypeAdapters.java:769) ~[gson-2.10.jar%2372!/:?]
	at com.google.gson.internal.bind.TypeAdapters$28.read(TypeAdapters.java:725) ~[gson-2.10.jar%2372!/:?]
	at com.google.gson.internal.bind.TypeAdapters$34$1.read(TypeAdapters.java:1007) ~[gson-2.10.jar%2372!/:?]
	at net.minecraft.util.GsonHelper.m_13780_(GsonHelper.java:524) ~[server-1.20.1-20230612.114412-srg.jar%23420!/:?]
	... 13 more
[02Sep2026 01:02:01.831] [Worker-Main-2/ERROR] [net.minecraft.server.packs.resources.SimpleJsonResourceReloadListener/]: Couldn't parse data file irons_spellbooks:legionnaire_flamberge_repair from irons_spellbooks:recipes/legionnaire_flamberge_repair.json
com.google.gson.JsonParseException: java.io.EOFException: End of input at line 1 column 1 path $
	at net.minecraft.util.GsonHelper.m_13780_(GsonHelper.java:526) ~[server-1.20.1-20230612.114412-srg.jar%23420!/:?]
	at net.minecraft.util.GsonHelper.m_263475_(GsonHelper.java:531) ~[server-1.20.1-20230612.114412-srg.jar%23420!/:?]
	at net.minecraft.util.GsonHelper.m_13776_(GsonHelper.java:581) ~[server-1.20.1-20230612.114412-srg.jar%23420!/:?]
	at net.minecraft.server.packs.resources.SimpleJsonResourceReloadListener.m_278771_(SimpleJsonResourceReloadListener.java:41) ~[server-1.20.1-20230612.114412-srg.jar%23420!/:?]
	at net.minecraft.server.packs.resources.SimpleJsonResourceReloadListener.m_5944_(SimpleJsonResourceReloadListener.java:29) ~[server-1.20.1-20230612.114412-srg.jar%23420!/:?]
	at net.minecraft.server.packs.resources.SimpleJsonResourceReloadListener.m_5944_(SimpleJsonResourceReloadListener.java:17) ~[server-1.20.1-20230612.114412-srg.jar%23420!/:?]
	at net.minecraft.server.packs.resources.SimplePreparableReloadListener.m_10786_(SimplePreparableReloadListener.java:11) ~[server-1.20.1-20230612.114412-srg.jar%23420!/:?]
	at java.util.concurrent.CompletableFuture$AsyncSupply.run(CompletableFuture.java:1768) ~[?:?]
	at java.util.concurrent.CompletableFuture$AsyncSupply.exec(CompletableFuture.java:1760) ~[?:?]
	at java.util.concurrent.ForkJoinTask.doExec(ForkJoinTask.java:373) ~[?:?]
	at java.util.concurrent.ForkJoinPool$WorkQueue.topLevelExec(ForkJoinPool.java:1182) ~[?:?]
	at java.util.concurrent.ForkJoinPool.scan(ForkJoinPool.java:1655) ~[?:?]
	at java.util.concurrent.ForkJoinPool.runWorker(ForkJoinPool.java:1622) ~[?:?]
	at java.util.concurrent.ForkJoinWorkerThread.run(ForkJoinWorkerThread.java:165) ~[?:?]
Caused by: java.io.EOFException: End of input at line 1 column 1 path $
	at com.google.gson.stream.JsonReader.nextNonWhitespace(JsonReader.java:1455) ~[gson-2.10.jar%2372!/:?]
	at com.google.gson.stream.JsonReader.doPeek(JsonReader.java:558) ~[gson-2.10.jar%2372!/:?]
	at com.google.gson.stream.JsonReader.peek(JsonReader.java:433) ~[gson-2.10.jar%2372!/:?]
	at com.google.gson.internal.bind.TypeAdapters$28.read(TypeAdapters.java:769) ~[gson-2.10.jar%2372!/:?]
	at com.google.gson.internal.bind.TypeAdapters$28.read(TypeAdapters.java:725) ~[gson-2.10.jar%2372!/:?]
	at com.google.gson.internal.bind.TypeAdapters$34$1.read(TypeAdapters.java:1007) ~[gson-2.10.jar%2372!/:?]
	at net.minecraft.util.GsonHelper.m_13780_(GsonHelper.java:524) ~[server-1.20.1-20230612.114412-srg.jar%23420!/:?]
	... 13 more
[02Sep2026 01:02:01.839] [Worker-Main-2/ERROR] [net.minecraft.server.packs.resources.SimpleJsonResourceReloadListener/]: Couldn't parse data file cataclysm:meat_shredder from cataclysm:recipes/meat_shredder.json
com.google.gson.JsonParseException: java.io.EOFException: End of input at line 1 column 1 path $
	at net.minecraft.util.GsonHelper.m_13780_(GsonHelper.java:526) ~[server-1.20.1-20230612.114412-srg.jar%23420!/:?]
	at net.minecraft.util.GsonHelper.m_263475_(GsonHelper.java:531) ~[server-1.20.1-20230612.114412-srg.jar%23420!/:?]
	at net.minecraft.util.GsonHelper.m_13776_(GsonHelper.java:581) ~[server-1.20.1-20230612.114412-srg.jar%23420!/:?]
	at net.minecraft.server.packs.resources.SimpleJsonResourceReloadListener.m_278771_(SimpleJsonResourceReloadListener.java:41) ~[server-1.20.1-20230612.114412-srg.jar%23420!/:?]
	at net.minecraft.server.packs.resources.SimpleJsonResourceReloadListener.m_5944_(SimpleJsonResourceReloadListener.java:29) ~[server-1.20.1-20230612.114412-srg.jar%23420!/:?]
	at net.minecraft.server.packs.resources.SimpleJsonResourceReloadListener.m_5944_(SimpleJsonResourceReloadListener.java:17) ~[server-1.20.1-20230612.114412-srg.jar%23420!/:?]
	at net.minecraft.server.packs.resources.SimplePreparableReloadListener.m_10786_(SimplePreparableReloadListener.java:11) ~[server-1.20.1-20230612.114412-srg.jar%23420!/:?]
	at java.util.concurrent.CompletableFuture$AsyncSupply.run(CompletableFuture.java:1768) ~[?:?]
	at java.util.concurrent.CompletableFuture$AsyncSupply.exec(CompletableFuture.java:1760) ~[?:?]
	at java.util.concurrent.ForkJoinTask.doExec(ForkJoinTask.java:373) ~[?:?]
	at java.util.concurrent.ForkJoinPool$WorkQueue.topLevelExec(ForkJoinPool.java:1182) ~[?:?]
	at java.util.concurrent.ForkJoinPool.scan(ForkJoinPool.java:1655) ~[?:?]
	at java.util.concurrent.ForkJoinPool.runWorker(ForkJoinPool.java:1622) ~[?:?]
	at java.util.concurrent.ForkJoinWorkerThread.run(ForkJoinWorkerThread.java:165) ~[?:?]
Caused by: java.io.EOFException: End of input at line 1 column 1 path $
	at com.google.gson.stream.JsonReader.nextNonWhitespace(JsonReader.java:1455) ~[gson-2.10.jar%2372!/:?]
	at com.google.gson.stream.JsonReader.doPeek(JsonReader.java:558) ~[gson-2.10.jar%2372!/:?]
	at com.google.gson.stream.JsonReader.peek(JsonReader.java:433) ~[gson-2.10.jar%2372!/:?]
	at com.google.gson.internal.bind.TypeAdapters$28.read(TypeAdapters.java:769) ~[gson-2.10.jar%2372!/:?]
	at com.google.gson.internal.bind.TypeAdapters$28.read(TypeAdapters.java:725) ~[gson-2.10.jar%2372!/:?]
	at com.google.gson.internal.bind.TypeAdapters$34$1.read(TypeAdapters.java:1007) ~[gson-2.10.jar%2372!/:?]
	at net.minecraft.util.GsonHelper.m_13780_(GsonHelper.java:524) ~[server-1.20.1-20230612.114412-srg.jar%23420!/:?]
	... 13 more
[02Sep2026 01:02:01.841] [Worker-Main-2/ERROR] [net.minecraft.server.packs.resources.SimpleJsonResourceReloadListener/]: Couldn't parse data file efn:meen_spear from efn:recipes/meen_spear.json
com.google.gson.JsonParseException: java.io.EOFException: End of input at line 1 column 1 path $
	at net.minecraft.util.GsonHelper.m_13780_(GsonHelper.java:526) ~[server-1.20.1-20230612.114412-srg.jar%23420!/:?]
	at net.minecraft.util.GsonHelper.m_263475_(GsonHelper.java:531) ~[server-1.20.1-20230612.114412-srg.jar%23420!/:?]
	at net.minecraft.util.GsonHelper.m_13776_(GsonHelper.java:581) ~[server-1.20.1-20230612.114412-srg.jar%23420!/:?]
	at net.minecraft.server.packs.resources.SimpleJsonResourceReloadListener.m_278771_(SimpleJsonResourceReloadListener.java:41) ~[server-1.20.1-20230612.114412-srg.jar%23420!/:?]
	at net.minecraft.server.packs.resources.SimpleJsonResourceReloadListener.m_5944_(SimpleJsonResourceReloadListener.java:29) ~[server-1.20.1-20230612.114412-srg.jar%23420!/:?]
	at net.minecraft.server.packs.resources.SimpleJsonResourceReloadListener.m_5944_(SimpleJsonResourceReloadListener.java:17) ~[server-1.20.1-20230612.114412-srg.jar%23420!/:?]
	at net.minecraft.server.packs.resources.SimplePreparableReloadListener.m_10786_(SimplePreparableReloadListener.java:11) ~[server-1.20.1-20230612.114412-srg.jar%23420!/:?]
	at java.util.concurrent.CompletableFuture$AsyncSupply.run(CompletableFuture.java:1768) ~[?:?]
	at java.util.concurrent.CompletableFuture$AsyncSupply.exec(CompletableFuture.java:1760) ~[?:?]
	at java.util.concurrent.ForkJoinTask.doExec(ForkJoinTask.java:373) ~[?:?]
	at java.util.concurrent.ForkJoinPool$WorkQueue.topLevelExec(ForkJoinPool.java:1182) ~[?:?]
	at java.util.concurrent.ForkJoinPool.scan(ForkJoinPool.java:1655) ~[?:?]
	at java.util.concurrent.ForkJoinPool.runWorker(ForkJoinPool.java:1622) ~[?:?]
	at java.util.concurrent.ForkJoinWorkerThread.run(ForkJoinWorkerThread.java:165) ~[?:?]
Caused by: java.io.EOFException: End of input at line 1 column 1 path $
	at com.google.gson.stream.JsonReader.nextNonWhitespace(JsonReader.java:1455) ~[gson-2.10.jar%2372!/:?]
	at com.google.gson.stream.JsonReader.doPeek(JsonReader.java:558) ~[gson-2.10.jar%2372!/:?]
	at com.google.gson.stream.JsonReader.peek(JsonReader.java:433) ~[gson-2.10.jar%2372!/:?]
	at com.google.gson.internal.bind.TypeAdapters$28.read(TypeAdapters.java:769) ~[gson-2.10.jar%2372!/:?]
	at com.google.gson.internal.bind.TypeAdapters$28.read(TypeAdapters.java:725) ~[gson-2.10.jar%2372!/:?]
	at com.google.gson.internal.bind.TypeAdapters$34$1.read(TypeAdapters.java:1007) ~[gson-2.10.jar%2372!/:?]
	at net.minecraft.util.GsonHelper.m_13780_(GsonHelper.java:524) ~[server-1.20.1-20230612.114412-srg.jar%23420!/:?]
	... 13 more
[02Sep2026 01:02:01.843] [Worker-Main-2/ERROR] [net.minecraft.server.packs.resources.SimpleJsonResourceReloadListener/]: Couldn't parse data file efn:mortal_blade from efn:recipes/mortal_blade.json
com.google.gson.JsonParseException: java.io.EOFException: End of input at line 1 column 1 path $
	at net.minecraft.util.GsonHelper.m_13780_(GsonHelper.java:526) ~[server-1.20.1-20230612.114412-srg.jar%23420!/:?]
	at net.minecraft.util.GsonHelper.m_263475_(GsonHelper.java:531) ~[server-1.20.1-20230612.114412-srg.jar%23420!/:?]
	at net.minecraft.util.GsonHelper.m_13776_(GsonHelper.java:581) ~[server-1.20.1-20230612.114412-srg.jar%23420!/:?]
	at net.minecraft.server.packs.resources.SimpleJsonResourceReloadListener.m_278771_(SimpleJsonResourceReloadListener.java:41) ~[server-1.20.1-20230612.114412-srg.jar%23420!/:?]
	at net.minecraft.server.packs.resources.SimpleJsonResourceReloadListener.m_5944_(SimpleJsonResourceReloadListener.java:29) ~[server-1.20.1-20230612.114412-srg.jar%23420!/:?]
	at net.minecraft.server.packs.resources.SimpleJsonResourceReloadListener.m_5944_(SimpleJsonResourceReloadListener.java:17) ~[server-1.20.1-20230612.114412-srg.jar%23420!/:?]
	at net.minecraft.server.packs.resources.SimplePreparableReloadListener.m_10786_(SimplePreparableReloadListener.java:11) ~[server-1.20.1-20230612.114412-srg.jar%23420!/:?]
	at java.util.concurrent.CompletableFuture$AsyncSupply.run(CompletableFuture.java:1768) ~[?:?]
	at java.util.concurrent.CompletableFuture$AsyncSupply.exec(CompletableFuture.java:1760) ~[?:?]
	at java.util.concurrent.ForkJoinTask.doExec(ForkJoinTask.java:373) ~[?:?]
	at java.util.concurrent.ForkJoinPool$WorkQueue.topLevelExec(ForkJoinPool.java:1182) ~[?:?]
	at java.util.concurrent.ForkJoinPool.scan(ForkJoinPool.java:1655) ~[?:?]
	at java.util.concurrent.ForkJoinPool.runWorker(ForkJoinPool.java:1622) ~[?:?]
	at java.util.concurrent.ForkJoinWorkerThread.run(ForkJoinWorkerThread.java:165) ~[?:?]
Caused by: java.io.EOFException: End of input at line 1 column 1 path $
	at com.google.gson.stream.JsonReader.nextNonWhitespace(JsonReader.java:1455) ~[gson-2.10.jar%2372!/:?]
	at com.google.gson.stream.JsonReader.doPeek(JsonReader.java:558) ~[gson-2.10.jar%2372!/:?]
	at com.google.gson.stream.JsonReader.peek(JsonReader.java:433) ~[gson-2.10.jar%2372!/:?]
	at com.google.gson.internal.bind.TypeAdapters$28.read(TypeAdapters.java:769) ~[gson-2.10.jar%2372!/:?]
	at com.google.gson.internal.bind.TypeAdapters$28.read(TypeAdapters.java:725) ~[gson-2.10.jar%2372!/:?]
	at com.google.gson.internal.bind.TypeAdapters$34$1.read(TypeAdapters.java:1007) ~[gson-2.10.jar%2372!/:?]
	at net.minecraft.util.GsonHelper.m_13780_(GsonHelper.java:524) ~[server-1.20.1-20230612.114412-srg.jar%23420!/:?]
	... 13 more
[02Sep2026 01:02:01.845] [Worker-Main-2/ERROR] [net.minecraft.server.packs.resources.SimpleJsonResourceReloadListener/]: Couldn't parse data file p1nero_bow:mortis_bow from p1nero_bow:recipes/mortis_bow.json
com.google.gson.JsonParseException: java.io.EOFException: End of input at line 1 column 1 path $
	at net.minecraft.util.GsonHelper.m_13780_(GsonHelper.java:526) ~[server-1.20.1-20230612.114412-srg.jar%23420!/:?]
	at net.minecraft.util.GsonHelper.m_263475_(GsonHelper.java:531) ~[server-1.20.1-20230612.114412-srg.jar%23420!/:?]
	at net.minecraft.util.GsonHelper.m_13776_(GsonHelper.java:581) ~[server-1.20.1-20230612.114412-srg.jar%23420!/:?]
	at net.minecraft.server.packs.resources.SimpleJsonResourceReloadListener.m_278771_(SimpleJsonResourceReloadListener.java:41) ~[server-1.20.1-20230612.114412-srg.jar%23420!/:?]
	at net.minecraft.server.packs.resources.SimpleJsonResourceReloadListener.m_5944_(SimpleJsonResourceReloadListener.java:29) ~[server-1.20.1-20230612.114412-srg.jar%23420!/:?]
	at net.minecraft.server.packs.resources.SimpleJsonResourceReloadListener.m_5944_(SimpleJsonResourceReloadListener.java:17) ~[server-1.20.1-20230612.114412-srg.jar%23420!/:?]
	at net.minecraft.server.packs.resources.SimplePreparableReloadListener.m_10786_(SimplePreparableReloadListener.java:11) ~[server-1.20.1-20230612.114412-srg.jar%23420!/:?]
	at java.util.concurrent.CompletableFuture$AsyncSupply.run(CompletableFuture.java:1768) ~[?:?]
	at java.util.concurrent.CompletableFuture$AsyncSupply.exec(CompletableFuture.java:1760) ~[?:?]
	at java.util.concurrent.ForkJoinTask.doExec(ForkJoinTask.java:373) ~[?:?]
	at java.util.concurrent.ForkJoinPool$WorkQueue.topLevelExec(ForkJoinPool.java:1182) ~[?:?]
	at java.util.concurrent.ForkJoinPool.scan(ForkJoinPool.java:1655) ~[?:?]
	at java.util.concurrent.ForkJoinPool.runWorker(ForkJoinPool.java:1622) ~[?:?]
	at java.util.concurrent.ForkJoinWorkerThread.run(ForkJoinWorkerThread.java:165) ~[?:?]
Caused by: java.io.EOFException: End of input at line 1 column 1 path $
	at com.google.gson.stream.JsonReader.nextNonWhitespace(JsonReader.java:1455) ~[gson-2.10.jar%2372!/:?]
	at com.google.gson.stream.JsonReader.doPeek(JsonReader.java:558) ~[gson-2.10.jar%2372!/:?]
	at com.google.gson.stream.JsonReader.peek(JsonReader.java:433) ~[gson-2.10.jar%2372!/:?]
	at com.google.gson.internal.bind.TypeAdapters$28.read(TypeAdapters.java:769) ~[gson-2.10.jar%2372!/:?]
	at com.google.gson.internal.bind.TypeAdapters$28.read(TypeAdapters.java:725) ~[gson-2.10.jar%2372!/:?]
	at com.google.gson.internal.bind.TypeAdapters$34$1.read(TypeAdapters.java:1007) ~[gson-2.10.jar%2372!/:?]
	at net.minecraft.util.GsonHelper.m_13780_(GsonHelper.java:524) ~[server-1.20.1-20230612.114412-srg.jar%23420!/:?]
	... 13 more
[02Sep2026 01:02:01.849] [Worker-Main-2/ERROR] [net.minecraft.server.packs.resources.SimpleJsonResourceReloadListener/]: Couldn't parse data file cataclysm_spellbooks:murasama from cataclysm_spellbooks:recipes/murasama.json
com.google.gson.JsonParseException: java.io.EOFException: End of input at line 1 column 1 path $
	at net.minecraft.util.GsonHelper.m_13780_(GsonHelper.java:526) ~[server-1.20.1-20230612.114412-srg.jar%23420!/:?]
	at net.minecraft.util.GsonHelper.m_263475_(GsonHelper.java:531) ~[server-1.20.1-20230612.114412-srg.jar%23420!/:?]
	at net.minecraft.util.GsonHelper.m_13776_(GsonHelper.java:581) ~[server-1.20.1-20230612.114412-srg.jar%23420!/:?]
	at net.minecraft.server.packs.resources.SimpleJsonResourceReloadListener.m_278771_(SimpleJsonResourceReloadListener.java:41) ~[server-1.20.1-20230612.114412-srg.jar%23420!/:?]
	at net.minecraft.server.packs.resources.SimpleJsonResourceReloadListener.m_5944_(SimpleJsonResourceReloadListener.java:29) ~[server-1.20.1-20230612.114412-srg.jar%23420!/:?]
	at net.minecraft.server.packs.resources.SimpleJsonResourceReloadListener.m_5944_(SimpleJsonResourceReloadListener.java:17) ~[server-1.20.1-20230612.114412-srg.jar%23420!/:?]
	at net.minecraft.server.packs.resources.SimplePreparableReloadListener.m_10786_(SimplePreparableReloadListener.java:11) ~[server-1.20.1-20230612.114412-srg.jar%23420!/:?]
	at java.util.concurrent.CompletableFuture$AsyncSupply.run(CompletableFuture.java:1768) ~[?:?]
	at java.util.concurrent.CompletableFuture$AsyncSupply.exec(CompletableFuture.java:1760) ~[?:?]
	at java.util.concurrent.ForkJoinTask.doExec(ForkJoinTask.java:373) ~[?:?]
	at java.util.concurrent.ForkJoinPool$WorkQueue.topLevelExec(ForkJoinPool.java:1182) ~[?:?]
	at java.util.concurrent.ForkJoinPool.scan(ForkJoinPool.java:1655) ~[?:?]
	at java.util.concurrent.ForkJoinPool.runWorker(ForkJoinPool.java:1622) ~[?:?]
	at java.util.concurrent.ForkJoinWorkerThread.run(ForkJoinWorkerThread.java:165) ~[?:?]
Caused by: java.io.EOFException: End of input at line 1 column 1 path $
	at com.google.gson.stream.JsonReader.nextNonWhitespace(JsonReader.java:1455) ~[gson-2.10.jar%2372!/:?]
	at com.google.gson.stream.JsonReader.doPeek(JsonReader.java:558) ~[gson-2.10.jar%2372!/:?]
	at com.google.gson.stream.JsonReader.peek(JsonReader.java:433) ~[gson-2.10.jar%2372!/:?]
	at com.google.gson.internal.bind.TypeAdapters$28.read(TypeAdapters.java:769) ~[gson-2.10.jar%2372!/:?]
	at com.google.gson.internal.bind.TypeAdapters$28.read(TypeAdapters.java:725) ~[gson-2.10.jar%2372!/:?]
	at com.google.gson.internal.bind.TypeAdapters$34$1.read(TypeAdapters.java:1007) ~[gson-2.10.jar%2372!/:?]
	at net.minecraft.util.GsonHelper.m_13780_(GsonHelper.java:524) ~[server-1.20.1-20230612.114412-srg.jar%23420!/:?]
	... 13 more
[02Sep2026 01:02:01.856] [Worker-Main-2/ERROR] [net.minecraft.server.packs.resources.SimpleJsonResourceReloadListener/]: Couldn't parse data file irons_spellbooks:netherite_spell_book from irons_spellbooks:recipes/netherite_spell_book.json
com.google.gson.JsonParseException: java.io.EOFException: End of input at line 1 column 1 path $
	at net.minecraft.util.GsonHelper.m_13780_(GsonHelper.java:526) ~[server-1.20.1-20230612.114412-srg.jar%23420!/:?]
	at net.minecraft.util.GsonHelper.m_263475_(GsonHelper.java:531) ~[server-1.20.1-20230612.114412-srg.jar%23420!/:?]
	at net.minecraft.util.GsonHelper.m_13776_(GsonHelper.java:581) ~[server-1.20.1-20230612.114412-srg.jar%23420!/:?]
	at net.minecraft.server.packs.resources.SimpleJsonResourceReloadListener.m_278771_(SimpleJsonResourceReloadListener.java:41) ~[server-1.20.1-20230612.114412-srg.jar%23420!/:?]
	at net.minecraft.server.packs.resources.SimpleJsonResourceReloadListener.m_5944_(SimpleJsonResourceReloadListener.java:29) ~[server-1.20.1-20230612.114412-srg.jar%23420!/:?]
	at net.minecraft.server.packs.resources.SimpleJsonResourceReloadListener.m_5944_(SimpleJsonResourceReloadListener.java:17) ~[server-1.20.1-20230612.114412-srg.jar%23420!/:?]
	at net.minecraft.server.packs.resources.SimplePreparableReloadListener.m_10786_(SimplePreparableReloadListener.java:11) ~[server-1.20.1-20230612.114412-srg.jar%23420!/:?]
	at java.util.concurrent.CompletableFuture$AsyncSupply.run(CompletableFuture.java:1768) ~[?:?]
	at java.util.concurrent.CompletableFuture$AsyncSupply.exec(CompletableFuture.java:1760) ~[?:?]
	at java.util.concurrent.ForkJoinTask.doExec(ForkJoinTask.java:373) ~[?:?]
	at java.util.concurrent.ForkJoinPool$WorkQueue.topLevelExec(ForkJoinPool.java:1182) ~[?:?]
	at java.util.concurrent.ForkJoinPool.scan(ForkJoinPool.java:1655) ~[?:?]
	at java.util.concurrent.ForkJoinPool.runWorker(ForkJoinPool.java:1622) ~[?:?]
	at java.util.concurrent.ForkJoinWorkerThread.run(ForkJoinWorkerThread.java:165) ~[?:?]
Caused by: java.io.EOFException: End of input at line 1 column 1 path $
	at com.google.gson.stream.JsonReader.nextNonWhitespace(JsonReader.java:1455) ~[gson-2.10.jar%2372!/:?]
	at com.google.gson.stream.JsonReader.doPeek(JsonReader.java:558) ~[gson-2.10.jar%2372!/:?]
	at com.google.gson.stream.JsonReader.peek(JsonReader.java:433) ~[gson-2.10.jar%2372!/:?]
	at com.google.gson.internal.bind.TypeAdapters$28.read(TypeAdapters.java:769) ~[gson-2.10.jar%2372!/:?]
	at com.google.gson.internal.bind.TypeAdapters$28.read(TypeAdapters.java:725) ~[gson-2.10.jar%2372!/:?]
	at com.google.gson.internal.bind.TypeAdapters$34$1.read(TypeAdapters.java:1007) ~[gson-2.10.jar%2372!/:?]
	at net.minecraft.util.GsonHelper.m_13780_(GsonHelper.java:524) ~[server-1.20.1-20230612.114412-srg.jar%23420!/:?]
	... 13 more
[02Sep2026 01:02:01.860] [Worker-Main-2/ERROR] [net.minecraft.server.packs.resources.SimpleJsonResourceReloadListener/]: Couldn't parse data file efn:nf_claw from efn:recipes/nf_claw.json
com.google.gson.JsonParseException: java.io.EOFException: End of input at line 1 column 1 path $
	at net.minecraft.util.GsonHelper.m_13780_(GsonHelper.java:526) ~[server-1.20.1-20230612.114412-srg.jar%23420!/:?]
	at net.minecraft.util.GsonHelper.m_263475_(GsonHelper.java:531) ~[server-1.20.1-20230612.114412-srg.jar%23420!/:?]
	at net.minecraft.util.GsonHelper.m_13776_(GsonHelper.java:581) ~[server-1.20.1-20230612.114412-srg.jar%23420!/:?]
	at net.minecraft.server.packs.resources.SimpleJsonResourceReloadListener.m_278771_(SimpleJsonResourceReloadListener.java:41) ~[server-1.20.1-20230612.114412-srg.jar%23420!/:?]
	at net.minecraft.server.packs.resources.SimpleJsonResourceReloadListener.m_5944_(SimpleJsonResourceReloadListener.java:29) ~[server-1.20.1-20230612.114412-srg.jar%23420!/:?]
	at net.minecraft.server.packs.resources.SimpleJsonResourceReloadListener.m_5944_(SimpleJsonResourceReloadListener.java:17) ~[server-1.20.1-20230612.114412-srg.jar%23420!/:?]
	at net.minecraft.server.packs.resources.SimplePreparableReloadListener.m_10786_(SimplePreparableReloadListener.java:11) ~[server-1.20.1-20230612.114412-srg.jar%23420!/:?]
	at java.util.concurrent.CompletableFuture$AsyncSupply.run(CompletableFuture.java:1768) ~[?:?]
	at java.util.concurrent.CompletableFuture$AsyncSupply.exec(CompletableFuture.java:1760) ~[?:?]
	at java.util.concurrent.ForkJoinTask.doExec(ForkJoinTask.java:373) ~[?:?]
	at java.util.concurrent.ForkJoinPool$WorkQueue.topLevelExec(ForkJoinPool.java:1182) ~[?:?]
	at java.util.concurrent.ForkJoinPool.scan(ForkJoinPool.java:1655) ~[?:?]
	at java.util.concurrent.ForkJoinPool.runWorker(ForkJoinPool.java:1622) ~[?:?]
	at java.util.concurrent.ForkJoinWorkerThread.run(ForkJoinWorkerThread.java:165) ~[?:?]
Caused by: java.io.EOFException: End of input at line 1 column 1 path $
	at com.google.gson.stream.JsonReader.nextNonWhitespace(JsonReader.java:1455) ~[gson-2.10.jar%2372!/:?]
	at com.google.gson.stream.JsonReader.doPeek(JsonReader.java:558) ~[gson-2.10.jar%2372!/:?]
	at com.google.gson.stream.JsonReader.peek(JsonReader.java:433) ~[gson-2.10.jar%2372!/:?]
	at com.google.gson.internal.bind.TypeAdapters$28.read(TypeAdapters.java:769) ~[gson-2.10.jar%2372!/:?]
	at com.google.gson.internal.bind.TypeAdapters$28.read(TypeAdapters.java:725) ~[gson-2.10.jar%2372!/:?]
	at com.google.gson.internal.bind.TypeAdapters$34$1.read(TypeAdapters.java:1007) ~[gson-2.10.jar%2372!/:?]
	at net.minecraft.util.GsonHelper.m_13780_(GsonHelper.java:524) ~[server-1.20.1-20230612.114412-srg.jar%23420!/:?]
	... 13 more
[02Sep2026 01:02:01.862] [Worker-Main-2/ERROR] [net.minecraft.server.packs.resources.SimpleJsonResourceReloadListener/]: Couldn't parse data file efn:nf_dual_sword from efn:recipes/nf_dual_sword.json
com.google.gson.JsonParseException: java.io.EOFException: End of input at line 1 column 1 path $
	at net.minecraft.util.GsonHelper.m_13780_(GsonHelper.java:526) ~[server-1.20.1-20230612.114412-srg.jar%23420!/:?]
	at net.minecraft.util.GsonHelper.m_263475_(GsonHelper.java:531) ~[server-1.20.1-20230612.114412-srg.jar%23420!/:?]
	at net.minecraft.util.GsonHelper.m_13776_(GsonHelper.java:581) ~[server-1.20.1-20230612.114412-srg.jar%23420!/:?]
	at net.minecraft.server.packs.resources.SimpleJsonResourceReloadListener.m_278771_(SimpleJsonResourceReloadListener.java:41) ~[server-1.20.1-20230612.114412-srg.jar%23420!/:?]
	at net.minecraft.server.packs.resources.SimpleJsonResourceReloadListener.m_5944_(SimpleJsonResourceReloadListener.java:29) ~[server-1.20.1-20230612.114412-srg.jar%23420!/:?]
	at net.minecraft.server.packs.resources.SimpleJsonResourceReloadListener.m_5944_(SimpleJsonResourceReloadListener.java:17) ~[server-1.20.1-20230612.114412-srg.jar%23420!/:?]
	at net.minecraft.server.packs.resources.SimplePreparableReloadListener.m_10786_(SimplePreparableReloadListener.java:11) ~[server-1.20.1-20230612.114412-srg.jar%23420!/:?]
	at java.util.concurrent.CompletableFuture$AsyncSupply.run(CompletableFuture.java:1768) ~[?:?]
	at java.util.concurrent.CompletableFuture$AsyncSupply.exec(CompletableFuture.java:1760) ~[?:?]
	at java.util.concurrent.ForkJoinTask.doExec(ForkJoinTask.java:373) ~[?:?]
	at java.util.concurrent.ForkJoinPool$WorkQueue.topLevelExec(ForkJoinPool.java:1182) ~[?:?]
	at java.util.concurrent.ForkJoinPool.scan(ForkJoinPool.java:1655) ~[?:?]
	at java.util.concurrent.ForkJoinPool.runWorker(ForkJoinPool.java:1622) ~[?:?]
	at java.util.concurrent.ForkJoinWorkerThread.run(ForkJoinWorkerThread.java:165) ~[?:?]
Caused by: java.io.EOFException: End of input at line 1 column 1 path $
	at com.google.gson.stream.JsonReader.nextNonWhitespace(JsonReader.java:1455) ~[gson-2.10.jar%2372!/:?]
	at com.google.gson.stream.JsonReader.doPeek(JsonReader.java:558) ~[gson-2.10.jar%2372!/:?]
	at com.google.gson.stream.JsonReader.peek(JsonReader.java:433) ~[gson-2.10.jar%2372!/:?]
	at com.google.gson.internal.bind.TypeAdapters$28.read(TypeAdapters.java:769) ~[gson-2.10.jar%2372!/:?]
	at com.google.gson.internal.bind.TypeAdapters$28.read(TypeAdapters.java:725) ~[gson-2.10.jar%2372!/:?]
	at com.google.gson.internal.bind.TypeAdapters$34$1.read(TypeAdapters.java:1007) ~[gson-2.10.jar%2372!/:?]
	at net.minecraft.util.GsonHelper.m_13780_(GsonHelper.java:524) ~[server-1.20.1-20230612.114412-srg.jar%23420!/:?]
	... 13 more
[02Sep2026 01:02:01.863] [Worker-Main-2/ERROR] [net.minecraft.server.packs.resources.SimpleJsonResourceReloadListener/]: Couldn't parse data file efn:nf_shortsword from efn:recipes/nf_shortsword.json
com.google.gson.JsonParseException: java.io.EOFException: End of input at line 1 column 1 path $
	at net.minecraft.util.GsonHelper.m_13780_(GsonHelper.java:526) ~[server-1.20.1-20230612.114412-srg.jar%23420!/:?]
	at net.minecraft.util.GsonHelper.m_263475_(GsonHelper.java:531) ~[server-1.20.1-20230612.114412-srg.jar%23420!/:?]
	at net.minecraft.util.GsonHelper.m_13776_(GsonHelper.java:581) ~[server-1.20.1-20230612.114412-srg.jar%23420!/:?]
	at net.minecraft.server.packs.resources.SimpleJsonResourceReloadListener.m_278771_(SimpleJsonResourceReloadListener.java:41) ~[server-1.20.1-20230612.114412-srg.jar%23420!/:?]
	at net.minecraft.server.packs.resources.SimpleJsonResourceReloadListener.m_5944_(SimpleJsonResourceReloadListener.java:29) ~[server-1.20.1-20230612.114412-srg.jar%23420!/:?]
	at net.minecraft.server.packs.resources.SimpleJsonResourceReloadListener.m_5944_(SimpleJsonResourceReloadListener.java:17) ~[server-1.20.1-20230612.114412-srg.jar%23420!/:?]
	at net.minecraft.server.packs.resources.SimplePreparableReloadListener.m_10786_(SimplePreparableReloadListener.java:11) ~[server-1.20.1-20230612.114412-srg.jar%23420!/:?]
	at java.util.concurrent.CompletableFuture$AsyncSupply.run(CompletableFuture.java:1768) ~[?:?]
	at java.util.concurrent.CompletableFuture$AsyncSupply.exec(CompletableFuture.java:1760) ~[?:?]
	at java.util.concurrent.ForkJoinTask.doExec(ForkJoinTask.java:373) ~[?:?]
	at java.util.concurrent.ForkJoinPool$WorkQueue.topLevelExec(ForkJoinPool.java:1182) ~[?:?]
	at java.util.concurrent.ForkJoinPool.scan(ForkJoinPool.java:1655) ~[?:?]
	at java.util.concurrent.ForkJoinPool.runWorker(ForkJoinPool.java:1622) ~[?:?]
	at java.util.concurrent.ForkJoinWorkerThread.run(ForkJoinWorkerThread.java:165) ~[?:?]
Caused by: java.io.EOFException: End of input at line 1 column 1 path $
	at com.google.gson.stream.JsonReader.nextNonWhitespace(JsonReader.java:1455) ~[gson-2.10.jar%2372!/:?]
	at com.google.gson.stream.JsonReader.doPeek(JsonReader.java:558) ~[gson-2.10.jar%2372!/:?]
	at com.google.gson.stream.JsonReader.peek(JsonReader.java:433) ~[gson-2.10.jar%2372!/:?]
	at com.google.gson.internal.bind.TypeAdapters$28.read(TypeAdapters.java:769) ~[gson-2.10.jar%2372!/:?]
	at com.google.gson.internal.bind.TypeAdapters$28.read(TypeAdapters.java:725) ~[gson-2.10.jar%2372!/:?]
	at com.google.gson.internal.bind.TypeAdapters$34$1.read(TypeAdapters.java:1007) ~[gson-2.10.jar%2372!/:?]
	at net.minecraft.util.GsonHelper.m_13780_(GsonHelper.java:524) ~[server-1.20.1-20230612.114412-srg.jar%23420!/:?]
	... 13 more
[02Sep2026 01:02:01.863] [Worker-Main-2/ERROR] [net.minecraft.server.packs.resources.SimpleJsonResourceReloadListener/]: Couldn't parse data file efn:nf_shortsword_2 from efn:recipes/nf_shortsword_2.json
com.google.gson.JsonParseException: java.io.EOFException: End of input at line 1 column 1 path $
	at net.minecraft.util.GsonHelper.m_13780_(GsonHelper.java:526) ~[server-1.20.1-20230612.114412-srg.jar%23420!/:?]
	at net.minecraft.util.GsonHelper.m_263475_(GsonHelper.java:531) ~[server-1.20.1-20230612.114412-srg.jar%23420!/:?]
	at net.minecraft.util.GsonHelper.m_13776_(GsonHelper.java:581) ~[server-1.20.1-20230612.114412-srg.jar%23420!/:?]
	at net.minecraft.server.packs.resources.SimpleJsonResourceReloadListener.m_278771_(SimpleJsonResourceReloadListener.java:41) ~[server-1.20.1-20230612.114412-srg.jar%23420!/:?]
	at net.minecraft.server.packs.resources.SimpleJsonResourceReloadListener.m_5944_(SimpleJsonResourceReloadListener.java:29) ~[server-1.20.1-20230612.114412-srg.jar%23420!/:?]
	at net.minecraft.server.packs.resources.SimpleJsonResourceReloadListener.m_5944_(SimpleJsonResourceReloadListener.java:17) ~[server-1.20.1-20230612.114412-srg.jar%23420!/:?]
	at net.minecraft.server.packs.resources.SimplePreparableReloadListener.m_10786_(SimplePreparableReloadListener.java:11) ~[server-1.20.1-20230612.114412-srg.jar%23420!/:?]
	at java.util.concurrent.CompletableFuture$AsyncSupply.run(CompletableFuture.java:1768) ~[?:?]
	at java.util.concurrent.CompletableFuture$AsyncSupply.exec(CompletableFuture.java:1760) ~[?:?]
	at java.util.concurrent.ForkJoinTask.doExec(ForkJoinTask.java:373) ~[?:?]
	at java.util.concurrent.ForkJoinPool$WorkQueue.topLevelExec(ForkJoinPool.java:1182) ~[?:?]
	at java.util.concurrent.ForkJoinPool.scan(ForkJoinPool.java:1655) ~[?:?]
	at java.util.concurrent.ForkJoinPool.runWorker(ForkJoinPool.java:1622) ~[?:?]
	at java.util.concurrent.ForkJoinWorkerThread.run(ForkJoinWorkerThread.java:165) ~[?:?]
Caused by: java.io.EOFException: End of input at line 1 column 1 path $
	at com.google.gson.stream.JsonReader.nextNonWhitespace(JsonReader.java:1455) ~[gson-2.10.jar%2372!/:?]
	at com.google.gson.stream.JsonReader.doPeek(JsonReader.java:558) ~[gson-2.10.jar%2372!/:?]
	at com.google.gson.stream.JsonReader.peek(JsonReader.java:433) ~[gson-2.10.jar%2372!/:?]
	at com.google.gson.internal.bind.TypeAdapters$28.read(TypeAdapters.java:769) ~[gson-2.10.jar%2372!/:?]
	at com.google.gson.internal.bind.TypeAdapters$28.read(TypeAdapters.java:725) ~[gson-2.10.jar%2372!/:?]
	at com.google.gson.internal.bind.TypeAdapters$34$1.read(TypeAdapters.java:1007) ~[gson-2.10.jar%2372!/:?]
	at net.minecraft.util.GsonHelper.m_13780_(GsonHelper.java:524) ~[server-1.20.1-20230612.114412-srg.jar%23420!/:?]
	... 13 more
[02Sep2026 01:02:01.875] [Worker-Main-2/ERROR] [net.minecraft.server.packs.resources.SimpleJsonResourceReloadListener/]: Couldn't parse data file irons_spellbooks:pyrium_staff from irons_spellbooks:recipes/pyrium_staff.json
com.google.gson.JsonParseException: java.io.EOFException: End of input at line 1 column 1 path $
	at net.minecraft.util.GsonHelper.m_13780_(GsonHelper.java:526) ~[server-1.20.1-20230612.114412-srg.jar%23420!/:?]
	at net.minecraft.util.GsonHelper.m_263475_(GsonHelper.java:531) ~[server-1.20.1-20230612.114412-srg.jar%23420!/:?]
	at net.minecraft.util.GsonHelper.m_13776_(GsonHelper.java:581) ~[server-1.20.1-20230612.114412-srg.jar%23420!/:?]
	at net.minecraft.server.packs.resources.SimpleJsonResourceReloadListener.m_278771_(SimpleJsonResourceReloadListener.java:41) ~[server-1.20.1-20230612.114412-srg.jar%23420!/:?]
	at net.minecraft.server.packs.resources.SimpleJsonResourceReloadListener.m_5944_(SimpleJsonResourceReloadListener.java:29) ~[server-1.20.1-20230612.114412-srg.jar%23420!/:?]
	at net.minecraft.server.packs.resources.SimpleJsonResourceReloadListener.m_5944_(SimpleJsonResourceReloadListener.java:17) ~[server-1.20.1-20230612.114412-srg.jar%23420!/:?]
	at net.minecraft.server.packs.resources.SimplePreparableReloadListener.m_10786_(SimplePreparableReloadListener.java:11) ~[server-1.20.1-20230612.114412-srg.jar%23420!/:?]
	at java.util.concurrent.CompletableFuture$AsyncSupply.run(CompletableFuture.java:1768) ~[?:?]
	at java.util.concurrent.CompletableFuture$AsyncSupply.exec(CompletableFuture.java:1760) ~[?:?]
	at java.util.concurrent.ForkJoinTask.doExec(ForkJoinTask.java:373) ~[?:?]
	at java.util.concurrent.ForkJoinPool$WorkQueue.topLevelExec(ForkJoinPool.java:1182) ~[?:?]
	at java.util.concurrent.ForkJoinPool.scan(ForkJoinPool.java:1655) ~[?:?]
	at java.util.concurrent.ForkJoinPool.runWorker(ForkJoinPool.java:1622) ~[?:?]
	at java.util.concurrent.ForkJoinWorkerThread.run(ForkJoinWorkerThread.java:165) ~[?:?]
Caused by: java.io.EOFException: End of input at line 1 column 1 path $
	at com.google.gson.stream.JsonReader.nextNonWhitespace(JsonReader.java:1455) ~[gson-2.10.jar%2372!/:?]
	at com.google.gson.stream.JsonReader.doPeek(JsonReader.java:558) ~[gson-2.10.jar%2372!/:?]
	at com.google.gson.stream.JsonReader.peek(JsonReader.java:433) ~[gson-2.10.jar%2372!/:?]
	at com.google.gson.internal.bind.TypeAdapters$28.read(TypeAdapters.java:769) ~[gson-2.10.jar%2372!/:?]
	at com.google.gson.internal.bind.TypeAdapters$28.read(TypeAdapters.java:725) ~[gson-2.10.jar%2372!/:?]
	at com.google.gson.internal.bind.TypeAdapters$34$1.read(TypeAdapters.java:1007) ~[gson-2.10.jar%2372!/:?]
	at net.minecraft.util.GsonHelper.m_13780_(GsonHelper.java:524) ~[server-1.20.1-20230612.114412-srg.jar%23420!/:?]
	... 13 more
[02Sep2026 01:02:01.882] [Worker-Main-2/ERROR] [net.minecraft.server.packs.resources.SimpleJsonResourceReloadListener/]: Couldn't parse data file efn:ruinfighter_boots from efn:recipes/ruinfighter_boots.json
com.google.gson.JsonParseException: java.io.EOFException: End of input at line 1 column 1 path $
	at net.minecraft.util.GsonHelper.m_13780_(GsonHelper.java:526) ~[server-1.20.1-20230612.114412-srg.jar%23420!/:?]
	at net.minecraft.util.GsonHelper.m_263475_(GsonHelper.java:531) ~[server-1.20.1-20230612.114412-srg.jar%23420!/:?]
	at net.minecraft.util.GsonHelper.m_13776_(GsonHelper.java:581) ~[server-1.20.1-20230612.114412-srg.jar%23420!/:?]
	at net.minecraft.server.packs.resources.SimpleJsonResourceReloadListener.m_278771_(SimpleJsonResourceReloadListener.java:41) ~[server-1.20.1-20230612.114412-srg.jar%23420!/:?]
	at net.minecraft.server.packs.resources.SimpleJsonResourceReloadListener.m_5944_(SimpleJsonResourceReloadListener.java:29) ~[server-1.20.1-20230612.114412-srg.jar%23420!/:?]
	at net.minecraft.server.packs.resources.SimpleJsonResourceReloadListener.m_5944_(SimpleJsonResourceReloadListener.java:17) ~[server-1.20.1-20230612.114412-srg.jar%23420!/:?]
	at net.minecraft.server.packs.resources.SimplePreparableReloadListener.m_10786_(SimplePreparableReloadListener.java:11) ~[server-1.20.1-20230612.114412-srg.jar%23420!/:?]
	at java.util.concurrent.CompletableFuture$AsyncSupply.run(CompletableFuture.java:1768) ~[?:?]
	at java.util.concurrent.CompletableFuture$AsyncSupply.exec(CompletableFuture.java:1760) ~[?:?]
	at java.util.concurrent.ForkJoinTask.doExec(ForkJoinTask.java:373) ~[?:?]
	at java.util.concurrent.ForkJoinPool$WorkQueue.topLevelExec(ForkJoinPool.java:1182) ~[?:?]
	at java.util.concurrent.ForkJoinPool.scan(ForkJoinPool.java:1655) ~[?:?]
	at java.util.concurrent.ForkJoinPool.runWorker(ForkJoinPool.java:1622) ~[?:?]
	at java.util.concurrent.ForkJoinWorkerThread.run(ForkJoinWorkerThread.java:165) ~[?:?]
Caused by: java.io.EOFException: End of input at line 1 column 1 path $
	at com.google.gson.stream.JsonReader.nextNonWhitespace(JsonReader.java:1455) ~[gson-2.10.jar%2372!/:?]
	at com.google.gson.stream.JsonReader.doPeek(JsonReader.java:558) ~[gson-2.10.jar%2372!/:?]
	at com.google.gson.stream.JsonReader.peek(JsonReader.java:433) ~[gson-2.10.jar%2372!/:?]
	at com.google.gson.internal.bind.TypeAdapters$28.read(TypeAdapters.java:769) ~[gson-2.10.jar%2372!/:?]
	at com.google.gson.internal.bind.TypeAdapters$28.read(TypeAdapters.java:725) ~[gson-2.10.jar%2372!/:?]
	at com.google.gson.internal.bind.TypeAdapters$34$1.read(TypeAdapters.java:1007) ~[gson-2.10.jar%2372!/:?]
	at net.minecraft.util.GsonHelper.m_13780_(GsonHelper.java:524) ~[server-1.20.1-20230612.114412-srg.jar%23420!/:?]
	... 13 more
[02Sep2026 01:02:01.885] [Worker-Main-2/ERROR] [net.minecraft.server.packs.resources.SimpleJsonResourceReloadListener/]: Couldn't parse data file efn:ruinfighter_chestplate from efn:recipes/ruinfighter_chestplate.json
com.google.gson.JsonParseException: java.io.EOFException: End of input at line 1 column 1 path $
	at net.minecraft.util.GsonHelper.m_13780_(GsonHelper.java:526) ~[server-1.20.1-20230612.114412-srg.jar%23420!/:?]
	at net.minecraft.util.GsonHelper.m_263475_(GsonHelper.java:531) ~[server-1.20.1-20230612.114412-srg.jar%23420!/:?]
	at net.minecraft.util.GsonHelper.m_13776_(GsonHelper.java:581) ~[server-1.20.1-20230612.114412-srg.jar%23420!/:?]
	at net.minecraft.server.packs.resources.SimpleJsonResourceReloadListener.m_278771_(SimpleJsonResourceReloadListener.java:41) ~[server-1.20.1-20230612.114412-srg.jar%23420!/:?]
	at net.minecraft.server.packs.resources.SimpleJsonResourceReloadListener.m_5944_(SimpleJsonResourceReloadListener.java:29) ~[server-1.20.1-20230612.114412-srg.jar%23420!/:?]
	at net.minecraft.server.packs.resources.SimpleJsonResourceReloadListener.m_5944_(SimpleJsonResourceReloadListener.java:17) ~[server-1.20.1-20230612.114412-srg.jar%23420!/:?]
	at net.minecraft.server.packs.resources.SimplePreparableReloadListener.m_10786_(SimplePreparableReloadListener.java:11) ~[server-1.20.1-20230612.114412-srg.jar%23420!/:?]
	at java.util.concurrent.CompletableFuture$AsyncSupply.run(CompletableFuture.java:1768) ~[?:?]
	at java.util.concurrent.CompletableFuture$AsyncSupply.exec(CompletableFuture.java:1760) ~[?:?]
	at java.util.concurrent.ForkJoinTask.doExec(ForkJoinTask.java:373) ~[?:?]
	at java.util.concurrent.ForkJoinPool$WorkQueue.topLevelExec(ForkJoinPool.java:1182) ~[?:?]
	at java.util.concurrent.ForkJoinPool.scan(ForkJoinPool.java:1655) ~[?:?]
	at java.util.concurrent.ForkJoinPool.runWorker(ForkJoinPool.java:1622) ~[?:?]
	at java.util.concurrent.ForkJoinWorkerThread.run(ForkJoinWorkerThread.java:165) ~[?:?]
Caused by: java.io.EOFException: End of input at line 1 column 1 path $
	at com.google.gson.stream.JsonReader.nextNonWhitespace(JsonReader.java:1455) ~[gson-2.10.jar%2372!/:?]
	at com.google.gson.stream.JsonReader.doPeek(JsonReader.java:558) ~[gson-2.10.jar%2372!/:?]
	at com.google.gson.stream.JsonReader.peek(JsonReader.java:433) ~[gson-2.10.jar%2372!/:?]
	at com.google.gson.internal.bind.TypeAdapters$28.read(TypeAdapters.java:769) ~[gson-2.10.jar%2372!/:?]
	at com.google.gson.internal.bind.TypeAdapters$28.read(TypeAdapters.java:725) ~[gson-2.10.jar%2372!/:?]
	at com.google.gson.internal.bind.TypeAdapters$34$1.read(TypeAdapters.java:1007) ~[gson-2.10.jar%2372!/:?]
	at net.minecraft.util.GsonHelper.m_13780_(GsonHelper.java:524) ~[server-1.20.1-20230612.114412-srg.jar%23420!/:?]
	... 13 more
[02Sep2026 01:02:01.886] [Worker-Main-2/ERROR] [net.minecraft.server.packs.resources.SimpleJsonResourceReloadListener/]: Couldn't parse data file efn:ruinfighter_helmet from efn:recipes/ruinfighter_helmet.json
com.google.gson.JsonParseException: java.io.EOFException: End of input at line 1 column 1 path $
	at net.minecraft.util.GsonHelper.m_13780_(GsonHelper.java:526) ~[server-1.20.1-20230612.114412-srg.jar%23420!/:?]
	at net.minecraft.util.GsonHelper.m_263475_(GsonHelper.java:531) ~[server-1.20.1-20230612.114412-srg.jar%23420!/:?]
	at net.minecraft.util.GsonHelper.m_13776_(GsonHelper.java:581) ~[server-1.20.1-20230612.114412-srg.jar%23420!/:?]
	at net.minecraft.server.packs.resources.SimpleJsonResourceReloadListener.m_278771_(SimpleJsonResourceReloadListener.java:41) ~[server-1.20.1-20230612.114412-srg.jar%23420!/:?]
	at net.minecraft.server.packs.resources.SimpleJsonResourceReloadListener.m_5944_(SimpleJsonResourceReloadListener.java:29) ~[server-1.20.1-20230612.114412-srg.jar%23420!/:?]
	at net.minecraft.server.packs.resources.SimpleJsonResourceReloadListener.m_5944_(SimpleJsonResourceReloadListener.java:17) ~[server-1.20.1-20230612.114412-srg.jar%23420!/:?]
	at net.minecraft.server.packs.resources.SimplePreparableReloadListener.m_10786_(SimplePreparableReloadListener.java:11) ~[server-1.20.1-20230612.114412-srg.jar%23420!/:?]
	at java.util.concurrent.CompletableFuture$AsyncSupply.run(CompletableFuture.java:1768) ~[?:?]
	at java.util.concurrent.CompletableFuture$AsyncSupply.exec(CompletableFuture.java:1760) ~[?:?]
	at java.util.concurrent.ForkJoinTask.doExec(ForkJoinTask.java:373) ~[?:?]
	at java.util.concurrent.ForkJoinPool$WorkQueue.topLevelExec(ForkJoinPool.java:1182) ~[?:?]
	at java.util.concurrent.ForkJoinPool.scan(ForkJoinPool.java:1655) ~[?:?]
	at java.util.concurrent.ForkJoinPool.runWorker(ForkJoinPool.java:1622) ~[?:?]
	at java.util.concurrent.ForkJoinWorkerThread.run(ForkJoinWorkerThread.java:165) ~[?:?]
Caused by: java.io.EOFException: End of input at line 1 column 1 path $
	at com.google.gson.stream.JsonReader.nextNonWhitespace(JsonReader.java:1455) ~[gson-2.10.jar%2372!/:?]
	at com.google.gson.stream.JsonReader.doPeek(JsonReader.java:558) ~[gson-2.10.jar%2372!/:?]
	at com.google.gson.stream.JsonReader.peek(JsonReader.java:433) ~[gson-2.10.jar%2372!/:?]
	at com.google.gson.internal.bind.TypeAdapters$28.read(TypeAdapters.java:769) ~[gson-2.10.jar%2372!/:?]
	at com.google.gson.internal.bind.TypeAdapters$28.read(TypeAdapters.java:725) ~[gson-2.10.jar%2372!/:?]
	at com.google.gson.internal.bind.TypeAdapters$34$1.read(TypeAdapters.java:1007) ~[gson-2.10.jar%2372!/:?]
	at net.minecraft.util.GsonHelper.m_13780_(GsonHelper.java:524) ~[server-1.20.1-20230612.114412-srg.jar%23420!/:?]
	... 13 more
[02Sep2026 01:02:01.886] [Worker-Main-2/ERROR] [net.minecraft.server.packs.resources.SimpleJsonResourceReloadListener/]: Couldn't parse data file efn:ruinfighter_leggings from efn:recipes/ruinfighter_leggings.json
com.google.gson.JsonParseException: java.io.EOFException: End of input at line 1 column 1 path $
	at net.minecraft.util.GsonHelper.m_13780_(GsonHelper.java:526) ~[server-1.20.1-20230612.114412-srg.jar%23420!/:?]
	at net.minecraft.util.GsonHelper.m_263475_(GsonHelper.java:531) ~[server-1.20.1-20230612.114412-srg.jar%23420!/:?]
	at net.minecraft.util.GsonHelper.m_13776_(GsonHelper.java:581) ~[server-1.20.1-20230612.114412-srg.jar%23420!/:?]
	at net.minecraft.server.packs.resources.SimpleJsonResourceReloadListener.m_278771_(SimpleJsonResourceReloadListener.java:41) ~[server-1.20.1-20230612.114412-srg.jar%23420!/:?]
	at net.minecraft.server.packs.resources.SimpleJsonResourceReloadListener.m_5944_(SimpleJsonResourceReloadListener.java:29) ~[server-1.20.1-20230612.114412-srg.jar%23420!/:?]
	at net.minecraft.server.packs.resources.SimpleJsonResourceReloadListener.m_5944_(SimpleJsonResourceReloadListener.java:17) ~[server-1.20.1-20230612.114412-srg.jar%23420!/:?]
	at net.minecraft.server.packs.resources.SimplePreparableReloadListener.m_10786_(SimplePreparableReloadListener.java:11) ~[server-1.20.1-20230612.114412-srg.jar%23420!/:?]
	at java.util.concurrent.CompletableFuture$AsyncSupply.run(CompletableFuture.java:1768) ~[?:?]
	at java.util.concurrent.CompletableFuture$AsyncSupply.exec(CompletableFuture.java:1760) ~[?:?]
	at java.util.concurrent.ForkJoinTask.doExec(ForkJoinTask.java:373) ~[?:?]
	at java.util.concurrent.ForkJoinPool$WorkQueue.topLevelExec(ForkJoinPool.java:1182) ~[?:?]
	at java.util.concurrent.ForkJoinPool.scan(ForkJoinPool.java:1655) ~[?:?]
	at java.util.concurrent.ForkJoinPool.runWorker(ForkJoinPool.java:1622) ~[?:?]
	at java.util.concurrent.ForkJoinWorkerThread.run(ForkJoinWorkerThread.java:165) ~[?:?]
Caused by: java.io.EOFException: End of input at line 1 column 1 path $
	at com.google.gson.stream.JsonReader.nextNonWhitespace(JsonReader.java:1455) ~[gson-2.10.jar%2372!/:?]
	at com.google.gson.stream.JsonReader.doPeek(JsonReader.java:558) ~[gson-2.10.jar%2372!/:?]
	at com.google.gson.stream.JsonReader.peek(JsonReader.java:433) ~[gson-2.10.jar%2372!/:?]
	at com.google.gson.internal.bind.TypeAdapters$28.read(TypeAdapters.java:769) ~[gson-2.10.jar%2372!/:?]
	at com.google.gson.internal.bind.TypeAdapters$28.read(TypeAdapters.java:725) ~[gson-2.10.jar%2372!/:?]
	at com.google.gson.internal.bind.TypeAdapters$34$1.read(TypeAdapters.java:1007) ~[gson-2.10.jar%2372!/:?]
	at net.minecraft.util.GsonHelper.m_13780_(GsonHelper.java:524) ~[server-1.20.1-20230612.114412-srg.jar%23420!/:?]
	... 13 more
[02Sep2026 01:02:01.886] [Worker-Main-2/ERROR] [net.minecraft.server.packs.resources.SimpleJsonResourceReloadListener/]: Couldn't parse data file efn:ruinsgreatsword from efn:recipes/ruinsgreatsword.json
com.google.gson.JsonParseException: java.io.EOFException: End of input at line 1 column 1 path $
	at net.minecraft.util.GsonHelper.m_13780_(GsonHelper.java:526) ~[server-1.20.1-20230612.114412-srg.jar%23420!/:?]
	at net.minecraft.util.GsonHelper.m_263475_(GsonHelper.java:531) ~[server-1.20.1-20230612.114412-srg.jar%23420!/:?]
	at net.minecraft.util.GsonHelper.m_13776_(GsonHelper.java:581) ~[server-1.20.1-20230612.114412-srg.jar%23420!/:?]
	at net.minecraft.server.packs.resources.SimpleJsonResourceReloadListener.m_278771_(SimpleJsonResourceReloadListener.java:41) ~[server-1.20.1-20230612.114412-srg.jar%23420!/:?]
	at net.minecraft.server.packs.resources.SimpleJsonResourceReloadListener.m_5944_(SimpleJsonResourceReloadListener.java:29) ~[server-1.20.1-20230612.114412-srg.jar%23420!/:?]
	at net.minecraft.server.packs.resources.SimpleJsonResourceReloadListener.m_5944_(SimpleJsonResourceReloadListener.java:17) ~[server-1.20.1-20230612.114412-srg.jar%23420!/:?]
	at net.minecraft.server.packs.resources.SimplePreparableReloadListener.m_10786_(SimplePreparableReloadListener.java:11) ~[server-1.20.1-20230612.114412-srg.jar%23420!/:?]
	at java.util.concurrent.CompletableFuture$AsyncSupply.run(CompletableFuture.java:1768) ~[?:?]
	at java.util.concurrent.CompletableFuture$AsyncSupply.exec(CompletableFuture.java:1760) ~[?:?]
	at java.util.concurrent.ForkJoinTask.doExec(ForkJoinTask.java:373) ~[?:?]
	at java.util.concurrent.ForkJoinPool$WorkQueue.topLevelExec(ForkJoinPool.java:1182) ~[?:?]
	at java.util.concurrent.ForkJoinPool.scan(ForkJoinPool.java:1655) ~[?:?]
	at java.util.concurrent.ForkJoinPool.runWorker(ForkJoinPool.java:1622) ~[?:?]
	at java.util.concurrent.ForkJoinWorkerThread.run(ForkJoinWorkerThread.java:165) ~[?:?]
Caused by: java.io.EOFException: End of input at line 1 column 1 path $
	at com.google.gson.stream.JsonReader.nextNonWhitespace(JsonReader.java:1455) ~[gson-2.10.jar%2372!/:?]
	at com.google.gson.stream.JsonReader.doPeek(JsonReader.java:558) ~[gson-2.10.jar%2372!/:?]
	at com.google.gson.stream.JsonReader.peek(JsonReader.java:433) ~[gson-2.10.jar%2372!/:?]
	at com.google.gson.internal.bind.TypeAdapters$28.read(TypeAdapters.java:769) ~[gson-2.10.jar%2372!/:?]
	at com.google.gson.internal.bind.TypeAdapters$28.read(TypeAdapters.java:725) ~[gson-2.10.jar%2372!/:?]
	at com.google.gson.internal.bind.TypeAdapters$34$1.read(TypeAdapters.java:1007) ~[gson-2.10.jar%2372!/:?]
	at net.minecraft.util.GsonHelper.m_13780_(GsonHelper.java:524) ~[server-1.20.1-20230612.114412-srg.jar%23420!/:?]
	... 13 more
[02Sep2026 01:02:01.888] [Worker-Main-2/ERROR] [net.minecraft.server.packs.resources.SimpleJsonResourceReloadListener/]: Couldn't parse data file irons_spellbooks:scroll_forge from irons_spellbooks:recipes/scroll_forge.json
com.google.gson.JsonParseException: java.io.EOFException: End of input at line 1 column 1 path $
	at net.minecraft.util.GsonHelper.m_13780_(GsonHelper.java:526) ~[server-1.20.1-20230612.114412-srg.jar%23420!/:?]
	at net.minecraft.util.GsonHelper.m_263475_(GsonHelper.java:531) ~[server-1.20.1-20230612.114412-srg.jar%23420!/:?]
	at net.minecraft.util.GsonHelper.m_13776_(GsonHelper.java:581) ~[server-1.20.1-20230612.114412-srg.jar%23420!/:?]
	at net.minecraft.server.packs.resources.SimpleJsonResourceReloadListener.m_278771_(SimpleJsonResourceReloadListener.java:41) ~[server-1.20.1-20230612.114412-srg.jar%23420!/:?]
	at net.minecraft.server.packs.resources.SimpleJsonResourceReloadListener.m_5944_(SimpleJsonResourceReloadListener.java:29) ~[server-1.20.1-20230612.114412-srg.jar%23420!/:?]
	at net.minecraft.server.packs.resources.SimpleJsonResourceReloadListener.m_5944_(SimpleJsonResourceReloadListener.java:17) ~[server-1.20.1-20230612.114412-srg.jar%23420!/:?]
	at net.minecraft.server.packs.resources.SimplePreparableReloadListener.m_10786_(SimplePreparableReloadListener.java:11) ~[server-1.20.1-20230612.114412-srg.jar%23420!/:?]
	at java.util.concurrent.CompletableFuture$AsyncSupply.run(CompletableFuture.java:1768) ~[?:?]
	at java.util.concurrent.CompletableFuture$AsyncSupply.exec(CompletableFuture.java:1760) ~[?:?]
	at java.util.concurrent.ForkJoinTask.doExec(ForkJoinTask.java:373) ~[?:?]
	at java.util.concurrent.ForkJoinPool$WorkQueue.topLevelExec(ForkJoinPool.java:1182) ~[?:?]
	at java.util.concurrent.ForkJoinPool.scan(ForkJoinPool.java:1655) ~[?:?]
	at java.util.concurrent.ForkJoinPool.runWorker(ForkJoinPool.java:1622) ~[?:?]
	at java.util.concurrent.ForkJoinWorkerThread.run(ForkJoinWorkerThread.java:165) ~[?:?]
Caused by: java.io.EOFException: End of input at line 1 column 1 path $
	at com.google.gson.stream.JsonReader.nextNonWhitespace(JsonReader.java:1455) ~[gson-2.10.jar%2372!/:?]
	at com.google.gson.stream.JsonReader.doPeek(JsonReader.java:558) ~[gson-2.10.jar%2372!/:?]
	at com.google.gson.stream.JsonReader.peek(JsonReader.java:433) ~[gson-2.10.jar%2372!/:?]
	at com.google.gson.internal.bind.TypeAdapters$28.read(TypeAdapters.java:769) ~[gson-2.10.jar%2372!/:?]
	at com.google.gson.internal.bind.TypeAdapters$28.read(TypeAdapters.java:725) ~[gson-2.10.jar%2372!/:?]
	at com.google.gson.internal.bind.TypeAdapters$34$1.read(TypeAdapters.java:1007) ~[gson-2.10.jar%2372!/:?]
	at net.minecraft.util.GsonHelper.m_13780_(GsonHelper.java:524) ~[server-1.20.1-20230612.114412-srg.jar%23420!/:?]
	... 13 more
[02Sep2026 01:02:01.893] [Worker-Main-2/ERROR] [net.minecraft.server.packs.resources.SimpleJsonResourceReloadListener/]: Couldn't parse data file aether:skyroot_smithing_table from aether:recipes/skyroot_smithing_table.json
com.google.gson.JsonParseException: java.io.EOFException: End of input at line 1 column 1 path $
	at net.minecraft.util.GsonHelper.m_13780_(GsonHelper.java:526) ~[server-1.20.1-20230612.114412-srg.jar%23420!/:?]
	at net.minecraft.util.GsonHelper.m_263475_(GsonHelper.java:531) ~[server-1.20.1-20230612.114412-srg.jar%23420!/:?]
	at net.minecraft.util.GsonHelper.m_13776_(GsonHelper.java:581) ~[server-1.20.1-20230612.114412-srg.jar%23420!/:?]
	at net.minecraft.server.packs.resources.SimpleJsonResourceReloadListener.m_278771_(SimpleJsonResourceReloadListener.java:41) ~[server-1.20.1-20230612.114412-srg.jar%23420!/:?]
	at net.minecraft.server.packs.resources.SimpleJsonResourceReloadListener.m_5944_(SimpleJsonResourceReloadListener.java:29) ~[server-1.20.1-20230612.114412-srg.jar%23420!/:?]
	at net.minecraft.server.packs.resources.SimpleJsonResourceReloadListener.m_5944_(SimpleJsonResourceReloadListener.java:17) ~[server-1.20.1-20230612.114412-srg.jar%23420!/:?]
	at net.minecraft.server.packs.resources.SimplePreparableReloadListener.m_10786_(SimplePreparableReloadListener.java:11) ~[server-1.20.1-20230612.114412-srg.jar%23420!/:?]
	at java.util.concurrent.CompletableFuture$AsyncSupply.run(CompletableFuture.java:1768) ~[?:?]
	at java.util.concurrent.CompletableFuture$AsyncSupply.exec(CompletableFuture.java:1760) ~[?:?]
	at java.util.concurrent.ForkJoinTask.doExec(ForkJoinTask.java:373) ~[?:?]
	at java.util.concurrent.ForkJoinPool$WorkQueue.topLevelExec(ForkJoinPool.java:1182) ~[?:?]
	at java.util.concurrent.ForkJoinPool.scan(ForkJoinPool.java:1655) ~[?:?]
	at java.util.concurrent.ForkJoinPool.runWorker(ForkJoinPool.java:1622) ~[?:?]
	at java.util.concurrent.ForkJoinWorkerThread.run(ForkJoinWorkerThread.java:165) ~[?:?]
Caused by: java.io.EOFException: End of input at line 1 column 1 path $
	at com.google.gson.stream.JsonReader.nextNonWhitespace(JsonReader.java:1455) ~[gson-2.10.jar%2372!/:?]
	at com.google.gson.stream.JsonReader.doPeek(JsonReader.java:558) ~[gson-2.10.jar%2372!/:?]
	at com.google.gson.stream.JsonReader.peek(JsonReader.java:433) ~[gson-2.10.jar%2372!/:?]
	at com.google.gson.internal.bind.TypeAdapters$28.read(TypeAdapters.java:769) ~[gson-2.10.jar%2372!/:?]
	at com.google.gson.internal.bind.TypeAdapters$28.read(TypeAdapters.java:725) ~[gson-2.10.jar%2372!/:?]
	at com.google.gson.internal.bind.TypeAdapters$34$1.read(TypeAdapters.java:1007) ~[gson-2.10.jar%2372!/:?]
	at net.minecraft.util.GsonHelper.m_13780_(GsonHelper.java:524) ~[server-1.20.1-20230612.114412-srg.jar%23420!/:?]
	... 13 more
[02Sep2026 01:02:01.895] [Worker-Main-2/ERROR] [net.minecraft.server.packs.resources.SimpleJsonResourceReloadListener/]: Couldn't parse data file efn:smithing/nf_shortsword_2 from efn:recipes/smithing/nf_shortsword_2.json
com.google.gson.JsonParseException: java.io.EOFException: End of input at line 1 column 1 path $
	at net.minecraft.util.GsonHelper.m_13780_(GsonHelper.java:526) ~[server-1.20.1-20230612.114412-srg.jar%23420!/:?]
	at net.minecraft.util.GsonHelper.m_263475_(GsonHelper.java:531) ~[server-1.20.1-20230612.114412-srg.jar%23420!/:?]
	at net.minecraft.util.GsonHelper.m_13776_(GsonHelper.java:581) ~[server-1.20.1-20230612.114412-srg.jar%23420!/:?]
	at net.minecraft.server.packs.resources.SimpleJsonResourceReloadListener.m_278771_(SimpleJsonResourceReloadListener.java:41) ~[server-1.20.1-20230612.114412-srg.jar%23420!/:?]
	at net.minecraft.server.packs.resources.SimpleJsonResourceReloadListener.m_5944_(SimpleJsonResourceReloadListener.java:29) ~[server-1.20.1-20230612.114412-srg.jar%23420!/:?]
	at net.minecraft.server.packs.resources.SimpleJsonResourceReloadListener.m_5944_(SimpleJsonResourceReloadListener.java:17) ~[server-1.20.1-20230612.114412-srg.jar%23420!/:?]
	at net.minecraft.server.packs.resources.SimplePreparableReloadListener.m_10786_(SimplePreparableReloadListener.java:11) ~[server-1.20.1-20230612.114412-srg.jar%23420!/:?]
	at java.util.concurrent.CompletableFuture$AsyncSupply.run(CompletableFuture.java:1768) ~[?:?]
	at java.util.concurrent.CompletableFuture$AsyncSupply.exec(CompletableFuture.java:1760) ~[?:?]
	at java.util.concurrent.ForkJoinTask.doExec(ForkJoinTask.java:373) ~[?:?]
	at java.util.concurrent.ForkJoinPool$WorkQueue.topLevelExec(ForkJoinPool.java:1182) ~[?:?]
	at java.util.concurrent.ForkJoinPool.scan(ForkJoinPool.java:1655) ~[?:?]
	at java.util.concurrent.ForkJoinPool.runWorker(ForkJoinPool.java:1622) ~[?:?]
	at java.util.concurrent.ForkJoinWorkerThread.run(ForkJoinWorkerThread.java:165) ~[?:?]
Caused by: java.io.EOFException: End of input at line 1 column 1 path $
	at com.google.gson.stream.JsonReader.nextNonWhitespace(JsonReader.java:1455) ~[gson-2.10.jar%2372!/:?]
	at com.google.gson.stream.JsonReader.doPeek(JsonReader.java:558) ~[gson-2.10.jar%2372!/:?]
	at com.google.gson.stream.JsonReader.peek(JsonReader.java:433) ~[gson-2.10.jar%2372!/:?]
	at com.google.gson.internal.bind.TypeAdapters$28.read(TypeAdapters.java:769) ~[gson-2.10.jar%2372!/:?]
	at com.google.gson.internal.bind.TypeAdapters$28.read(TypeAdapters.java:725) ~[gson-2.10.jar%2372!/:?]
	at com.google.gson.internal.bind.TypeAdapters$34$1.read(TypeAdapters.java:1007) ~[gson-2.10.jar%2372!/:?]
	at net.minecraft.util.GsonHelper.m_13780_(GsonHelper.java:524) ~[server-1.20.1-20230612.114412-srg.jar%23420!/:?]
	... 13 more
[02Sep2026 01:02:01.898] [Worker-Main-2/ERROR] [net.minecraft.server.packs.resources.SimpleJsonResourceReloadListener/]: Couldn't parse data file cataclysm:soul_render from cataclysm:recipes/soul_render.json
com.google.gson.JsonParseException: java.io.EOFException: End of input at line 1 column 1 path $
	at net.minecraft.util.GsonHelper.m_13780_(GsonHelper.java:526) ~[server-1.20.1-20230612.114412-srg.jar%23420!/:?]
	at net.minecraft.util.GsonHelper.m_263475_(GsonHelper.java:531) ~[server-1.20.1-20230612.114412-srg.jar%23420!/:?]
	at net.minecraft.util.GsonHelper.m_13776_(GsonHelper.java:581) ~[server-1.20.1-20230612.114412-srg.jar%23420!/:?]
	at net.minecraft.server.packs.resources.SimpleJsonResourceReloadListener.m_278771_(SimpleJsonResourceReloadListener.java:41) ~[server-1.20.1-20230612.114412-srg.jar%23420!/:?]
	at net.minecraft.server.packs.resources.SimpleJsonResourceReloadListener.m_5944_(SimpleJsonResourceReloadListener.java:29) ~[server-1.20.1-20230612.114412-srg.jar%23420!/:?]
	at net.minecraft.server.packs.resources.SimpleJsonResourceReloadListener.m_5944_(SimpleJsonResourceReloadListener.java:17) ~[server-1.20.1-20230612.114412-srg.jar%23420!/:?]
	at net.minecraft.server.packs.resources.SimplePreparableReloadListener.m_10786_(SimplePreparableReloadListener.java:11) ~[server-1.20.1-20230612.114412-srg.jar%23420!/:?]
	at java.util.concurrent.CompletableFuture$AsyncSupply.run(CompletableFuture.java:1768) ~[?:?]
	at java.util.concurrent.CompletableFuture$AsyncSupply.exec(CompletableFuture.java:1760) ~[?:?]
	at java.util.concurrent.ForkJoinTask.doExec(ForkJoinTask.java:373) ~[?:?]
	at java.util.concurrent.ForkJoinPool$WorkQueue.topLevelExec(ForkJoinPool.java:1182) ~[?:?]
	at java.util.concurrent.ForkJoinPool.scan(ForkJoinPool.java:1655) ~[?:?]
	at java.util.concurrent.ForkJoinPool.runWorker(ForkJoinPool.java:1622) ~[?:?]
	at java.util.concurrent.ForkJoinWorkerThread.run(ForkJoinWorkerThread.java:165) ~[?:?]
Caused by: java.io.EOFException: End of input at line 1 column 1 path $
	at com.google.gson.stream.JsonReader.nextNonWhitespace(JsonReader.java:1455) ~[gson-2.10.jar%2372!/:?]
	at com.google.gson.stream.JsonReader.doPeek(JsonReader.java:558) ~[gson-2.10.jar%2372!/:?]
	at com.google.gson.stream.JsonReader.peek(JsonReader.java:433) ~[gson-2.10.jar%2372!/:?]
	at com.google.gson.internal.bind.TypeAdapters$28.read(TypeAdapters.java:769) ~[gson-2.10.jar%2372!/:?]
	at com.google.gson.internal.bind.TypeAdapters$28.read(TypeAdapters.java:725) ~[gson-2.10.jar%2372!/:?]
	at com.google.gson.internal.bind.TypeAdapters$34$1.read(TypeAdapters.java:1007) ~[gson-2.10.jar%2372!/:?]
	at net.minecraft.util.GsonHelper.m_13780_(GsonHelper.java:524) ~[server-1.20.1-20230612.114412-srg.jar%23420!/:?]
	... 13 more
[02Sep2026 01:02:01.898] [Worker-Main-2/ERROR] [net.minecraft.server.packs.resources.SimpleJsonResourceReloadListener/]: Couldn't parse data file irons_spellbooks:spellbreaker from irons_spellbooks:recipes/spellbreaker.json
com.google.gson.JsonParseException: java.io.EOFException: End of input at line 1 column 1 path $
	at net.minecraft.util.GsonHelper.m_13780_(GsonHelper.java:526) ~[server-1.20.1-20230612.114412-srg.jar%23420!/:?]
	at net.minecraft.util.GsonHelper.m_263475_(GsonHelper.java:531) ~[server-1.20.1-20230612.114412-srg.jar%23420!/:?]
	at net.minecraft.util.GsonHelper.m_13776_(GsonHelper.java:581) ~[server-1.20.1-20230612.114412-srg.jar%23420!/:?]
	at net.minecraft.server.packs.resources.SimpleJsonResourceReloadListener.m_278771_(SimpleJsonResourceReloadListener.java:41) ~[server-1.20.1-20230612.114412-srg.jar%23420!/:?]
	at net.minecraft.server.packs.resources.SimpleJsonResourceReloadListener.m_5944_(SimpleJsonResourceReloadListener.java:29) ~[server-1.20.1-20230612.114412-srg.jar%23420!/:?]
	at net.minecraft.server.packs.resources.SimpleJsonResourceReloadListener.m_5944_(SimpleJsonResourceReloadListener.java:17) ~[server-1.20.1-20230612.114412-srg.jar%23420!/:?]
	at net.minecraft.server.packs.resources.SimplePreparableReloadListener.m_10786_(SimplePreparableReloadListener.java:11) ~[server-1.20.1-20230612.114412-srg.jar%23420!/:?]
	at java.util.concurrent.CompletableFuture$AsyncSupply.run(CompletableFuture.java:1768) ~[?:?]
	at java.util.concurrent.CompletableFuture$AsyncSupply.exec(CompletableFuture.java:1760) ~[?:?]
	at java.util.concurrent.ForkJoinTask.doExec(ForkJoinTask.java:373) ~[?:?]
	at java.util.concurrent.ForkJoinPool$WorkQueue.topLevelExec(ForkJoinPool.java:1182) ~[?:?]
	at java.util.concurrent.ForkJoinPool.scan(ForkJoinPool.java:1655) ~[?:?]
	at java.util.concurrent.ForkJoinPool.runWorker(ForkJoinPool.java:1622) ~[?:?]
	at java.util.concurrent.ForkJoinWorkerThread.run(ForkJoinWorkerThread.java:165) ~[?:?]
Caused by: java.io.EOFException: End of input at line 1 column 1 path $
	at com.google.gson.stream.JsonReader.nextNonWhitespace(JsonReader.java:1455) ~[gson-2.10.jar%2372!/:?]
	at com.google.gson.stream.JsonReader.doPeek(JsonReader.java:558) ~[gson-2.10.jar%2372!/:?]
	at com.google.gson.stream.JsonReader.peek(JsonReader.java:433) ~[gson-2.10.jar%2372!/:?]
	at com.google.gson.internal.bind.TypeAdapters$28.read(TypeAdapters.java:769) ~[gson-2.10.jar%2372!/:?]
	at com.google.gson.internal.bind.TypeAdapters$28.read(TypeAdapters.java:725) ~[gson-2.10.jar%2372!/:?]
	at com.google.gson.internal.bind.TypeAdapters$34$1.read(TypeAdapters.java:1007) ~[gson-2.10.jar%2372!/:?]
	at net.minecraft.util.GsonHelper.m_13780_(GsonHelper.java:524) ~[server-1.20.1-20230612.114412-srg.jar%23420!/:?]
	... 13 more
[02Sep2026 01:02:01.906] [Worker-Main-2/ERROR] [net.minecraft.server.packs.resources.SimpleJsonResourceReloadListener/]: Couldn't parse data file efn:sword_of_pioneer from efn:recipes/sword_of_pioneer.json
com.google.gson.JsonParseException: java.io.EOFException: End of input at line 1 column 1 path $
	at net.minecraft.util.GsonHelper.m_13780_(GsonHelper.java:526) ~[server-1.20.1-20230612.114412-srg.jar%23420!/:?]
	at net.minecraft.util.GsonHelper.m_263475_(GsonHelper.java:531) ~[server-1.20.1-20230612.114412-srg.jar%23420!/:?]
	at net.minecraft.util.GsonHelper.m_13776_(GsonHelper.java:581) ~[server-1.20.1-20230612.114412-srg.jar%23420!/:?]
	at net.minecraft.server.packs.resources.SimpleJsonResourceReloadListener.m_278771_(SimpleJsonResourceReloadListener.java:41) ~[server-1.20.1-20230612.114412-srg.jar%23420!/:?]
	at net.minecraft.server.packs.resources.SimpleJsonResourceReloadListener.m_5944_(SimpleJsonResourceReloadListener.java:29) ~[server-1.20.1-20230612.114412-srg.jar%23420!/:?]
	at net.minecraft.server.packs.resources.SimpleJsonResourceReloadListener.m_5944_(SimpleJsonResourceReloadListener.java:17) ~[server-1.20.1-20230612.114412-srg.jar%23420!/:?]
	at net.minecraft.server.packs.resources.SimplePreparableReloadListener.m_10786_(SimplePreparableReloadListener.java:11) ~[server-1.20.1-20230612.114412-srg.jar%23420!/:?]
	at java.util.concurrent.CompletableFuture$AsyncSupply.run(CompletableFuture.java:1768) ~[?:?]
	at java.util.concurrent.CompletableFuture$AsyncSupply.exec(CompletableFuture.java:1760) ~[?:?]
	at java.util.concurrent.ForkJoinTask.doExec(ForkJoinTask.java:373) ~[?:?]
	at java.util.concurrent.ForkJoinPool$WorkQueue.topLevelExec(ForkJoinPool.java:1182) ~[?:?]
	at java.util.concurrent.ForkJoinPool.scan(ForkJoinPool.java:1655) ~[?:?]
	at java.util.concurrent.ForkJoinPool.runWorker(ForkJoinPool.java:1622) ~[?:?]
	at java.util.concurrent.ForkJoinWorkerThread.run(ForkJoinWorkerThread.java:165) ~[?:?]
Caused by: java.io.EOFException: End of input at line 1 column 1 path $
	at com.google.gson.stream.JsonReader.nextNonWhitespace(JsonReader.java:1455) ~[gson-2.10.jar%2372!/:?]
	at com.google.gson.stream.JsonReader.doPeek(JsonReader.java:558) ~[gson-2.10.jar%2372!/:?]
	at com.google.gson.stream.JsonReader.peek(JsonReader.java:433) ~[gson-2.10.jar%2372!/:?]
	at com.google.gson.internal.bind.TypeAdapters$28.read(TypeAdapters.java:769) ~[gson-2.10.jar%2372!/:?]
	at com.google.gson.internal.bind.TypeAdapters$28.read(TypeAdapters.java:725) ~[gson-2.10.jar%2372!/:?]
	at com.google.gson.internal.bind.TypeAdapters$34$1.read(TypeAdapters.java:1007) ~[gson-2.10.jar%2372!/:?]
	at net.minecraft.util.GsonHelper.m_13780_(GsonHelper.java:524) ~[server-1.20.1-20230612.114412-srg.jar%23420!/:?]
	... 13 more
[02Sep2026 01:02:01.908] [Worker-Main-2/ERROR] [net.minecraft.server.packs.resources.SimpleJsonResourceReloadListener/]: Couldn't parse data file fromtheshadows:thirst_for_blood from fromtheshadows:recipes/thirst_for_blood.json
com.google.gson.JsonParseException: java.io.EOFException: End of input at line 1 column 1 path $
	at net.minecraft.util.GsonHelper.m_13780_(GsonHelper.java:526) ~[server-1.20.1-20230612.114412-srg.jar%23420!/:?]
	at net.minecraft.util.GsonHelper.m_263475_(GsonHelper.java:531) ~[server-1.20.1-20230612.114412-srg.jar%23420!/:?]
	at net.minecraft.util.GsonHelper.m_13776_(GsonHelper.java:581) ~[server-1.20.1-20230612.114412-srg.jar%23420!/:?]
	at net.minecraft.server.packs.resources.SimpleJsonResourceReloadListener.m_278771_(SimpleJsonResourceReloadListener.java:41) ~[server-1.20.1-20230612.114412-srg.jar%23420!/:?]
	at net.minecraft.server.packs.resources.SimpleJsonResourceReloadListener.m_5944_(SimpleJsonResourceReloadListener.java:29) ~[server-1.20.1-20230612.114412-srg.jar%23420!/:?]
	at net.minecraft.server.packs.resources.SimpleJsonResourceReloadListener.m_5944_(SimpleJsonResourceReloadListener.java:17) ~[server-1.20.1-20230612.114412-srg.jar%23420!/:?]
	at net.minecraft.server.packs.resources.SimplePreparableReloadListener.m_10786_(SimplePreparableReloadListener.java:11) ~[server-1.20.1-20230612.114412-srg.jar%23420!/:?]
	at java.util.concurrent.CompletableFuture$AsyncSupply.run(CompletableFuture.java:1768) ~[?:?]
	at java.util.concurrent.CompletableFuture$AsyncSupply.exec(CompletableFuture.java:1760) ~[?:?]
	at java.util.concurrent.ForkJoinTask.doExec(ForkJoinTask.java:373) ~[?:?]
	at java.util.concurrent.ForkJoinPool$WorkQueue.topLevelExec(ForkJoinPool.java:1182) ~[?:?]
	at java.util.concurrent.ForkJoinPool.scan(ForkJoinPool.java:1655) ~[?:?]
	at java.util.concurrent.ForkJoinPool.runWorker(ForkJoinPool.java:1622) ~[?:?]
	at java.util.concurrent.ForkJoinWorkerThread.run(ForkJoinWorkerThread.java:165) ~[?:?]
Caused by: java.io.EOFException: End of input at line 1 column 1 path $
	at com.google.gson.stream.JsonReader.nextNonWhitespace(JsonReader.java:1455) ~[gson-2.10.jar%2372!/:?]
	at com.google.gson.stream.JsonReader.doPeek(JsonReader.java:558) ~[gson-2.10.jar%2372!/:?]
	at com.google.gson.stream.JsonReader.peek(JsonReader.java:433) ~[gson-2.10.jar%2372!/:?]
	at com.google.gson.internal.bind.TypeAdapters$28.read(TypeAdapters.java:769) ~[gson-2.10.jar%2372!/:?]
	at com.google.gson.internal.bind.TypeAdapters$28.read(TypeAdapters.java:725) ~[gson-2.10.jar%2372!/:?]
	at com.google.gson.internal.bind.TypeAdapters$34$1.read(TypeAdapters.java:1007) ~[gson-2.10.jar%2372!/:?]
	at net.minecraft.util.GsonHelper.m_13780_(GsonHelper.java:524) ~[server-1.20.1-20230612.114412-srg.jar%23420!/:?]
	... 13 more
[02Sep2026 01:02:01.913] [Worker-Main-2/ERROR] [net.minecraft.server.packs.resources.SimpleJsonResourceReloadListener/]: Couldn't parse data file irons_spellbooks:twilight_gale from irons_spellbooks:recipes/twilight_gale.json
com.google.gson.JsonParseException: java.io.EOFException: End of input at line 1 column 1 path $
	at net.minecraft.util.GsonHelper.m_13780_(GsonHelper.java:526) ~[server-1.20.1-20230612.114412-srg.jar%23420!/:?]
	at net.minecraft.util.GsonHelper.m_263475_(GsonHelper.java:531) ~[server-1.20.1-20230612.114412-srg.jar%23420!/:?]
	at net.minecraft.util.GsonHelper.m_13776_(GsonHelper.java:581) ~[server-1.20.1-20230612.114412-srg.jar%23420!/:?]
	at net.minecraft.server.packs.resources.SimpleJsonResourceReloadListener.m_278771_(SimpleJsonResourceReloadListener.java:41) ~[server-1.20.1-20230612.114412-srg.jar%23420!/:?]
	at net.minecraft.server.packs.resources.SimpleJsonResourceReloadListener.m_5944_(SimpleJsonResourceReloadListener.java:29) ~[server-1.20.1-20230612.114412-srg.jar%23420!/:?]
	at net.minecraft.server.packs.resources.SimpleJsonResourceReloadListener.m_5944_(SimpleJsonResourceReloadListener.java:17) ~[server-1.20.1-20230612.114412-srg.jar%23420!/:?]
	at net.minecraft.server.packs.resources.SimplePreparableReloadListener.m_10786_(SimplePreparableReloadListener.java:11) ~[server-1.20.1-20230612.114412-srg.jar%23420!/:?]
	at java.util.concurrent.CompletableFuture$AsyncSupply.run(CompletableFuture.java:1768) ~[?:?]
	at java.util.concurrent.CompletableFuture$AsyncSupply.exec(CompletableFuture.java:1760) ~[?:?]
	at java.util.concurrent.ForkJoinTask.doExec(ForkJoinTask.java:373) ~[?:?]
	at java.util.concurrent.ForkJoinPool$WorkQueue.topLevelExec(ForkJoinPool.java:1182) ~[?:?]
	at java.util.concurrent.ForkJoinPool.scan(ForkJoinPool.java:1655) ~[?:?]
	at java.util.concurrent.ForkJoinPool.runWorker(ForkJoinPool.java:1622) ~[?:?]
	at java.util.concurrent.ForkJoinWorkerThread.run(ForkJoinWorkerThread.java:165) ~[?:?]
Caused by: java.io.EOFException: End of input at line 1 column 1 path $
	at com.google.gson.stream.JsonReader.nextNonWhitespace(JsonReader.java:1455) ~[gson-2.10.jar%2372!/:?]
	at com.google.gson.stream.JsonReader.doPeek(JsonReader.java:558) ~[gson-2.10.jar%2372!/:?]
	at com.google.gson.stream.JsonReader.peek(JsonReader.java:433) ~[gson-2.10.jar%2372!/:?]
	at com.google.gson.internal.bind.TypeAdapters$28.read(TypeAdapters.java:769) ~[gson-2.10.jar%2372!/:?]
	at com.google.gson.internal.bind.TypeAdapters$28.read(TypeAdapters.java:725) ~[gson-2.10.jar%2372!/:?]
	at com.google.gson.internal.bind.TypeAdapters$34$1.read(TypeAdapters.java:1007) ~[gson-2.10.jar%2372!/:?]
	at net.minecraft.util.GsonHelper.m_13780_(GsonHelper.java:524) ~[server-1.20.1-20230612.114412-srg.jar%23420!/:?]
	... 13 more
[02Sep2026 01:02:01.918] [Worker-Main-2/ERROR] [net.minecraft.server.packs.resources.SimpleJsonResourceReloadListener/]: Couldn't parse data file cataclysm_spellbooks:void_staff from cataclysm_spellbooks:recipes/void_staff.json
com.google.gson.JsonParseException: java.io.EOFException: End of input at line 1 column 1 path $
	at net.minecraft.util.GsonHelper.m_13780_(GsonHelper.java:526) ~[server-1.20.1-20230612.114412-srg.jar%23420!/:?]
	at net.minecraft.util.GsonHelper.m_263475_(GsonHelper.java:531) ~[server-1.20.1-20230612.114412-srg.jar%23420!/:?]
	at net.minecraft.util.GsonHelper.m_13776_(GsonHelper.java:581) ~[server-1.20.1-20230612.114412-srg.jar%23420!/:?]
	at net.minecraft.server.packs.resources.SimpleJsonResourceReloadListener.m_278771_(SimpleJsonResourceReloadListener.java:41) ~[server-1.20.1-20230612.114412-srg.jar%23420!/:?]
	at net.minecraft.server.packs.resources.SimpleJsonResourceReloadListener.m_5944_(SimpleJsonResourceReloadListener.java:29) ~[server-1.20.1-20230612.114412-srg.jar%23420!/:?]
	at net.minecraft.server.packs.resources.SimpleJsonResourceReloadListener.m_5944_(SimpleJsonResourceReloadListener.java:17) ~[server-1.20.1-20230612.114412-srg.jar%23420!/:?]
	at net.minecraft.server.packs.resources.SimplePreparableReloadListener.m_10786_(SimplePreparableReloadListener.java:11) ~[server-1.20.1-20230612.114412-srg.jar%23420!/:?]
	at java.util.concurrent.CompletableFuture$AsyncSupply.run(CompletableFuture.java:1768) ~[?:?]
	at java.util.concurrent.CompletableFuture$AsyncSupply.exec(CompletableFuture.java:1760) ~[?:?]
	at java.util.concurrent.ForkJoinTask.doExec(ForkJoinTask.java:373) ~[?:?]
	at java.util.concurrent.ForkJoinPool$WorkQueue.topLevelExec(ForkJoinPool.java:1182) ~[?:?]
	at java.util.concurrent.ForkJoinPool.scan(ForkJoinPool.java:1655) ~[?:?]
	at java.util.concurrent.ForkJoinPool.runWorker(ForkJoinPool.java:1622) ~[?:?]
	at java.util.concurrent.ForkJoinWorkerThread.run(ForkJoinWorkerThread.java:165) ~[?:?]
Caused by: java.io.EOFException: End of input at line 1 column 1 path $
	at com.google.gson.stream.JsonReader.nextNonWhitespace(JsonReader.java:1455) ~[gson-2.10.jar%2372!/:?]
	at com.google.gson.stream.JsonReader.doPeek(JsonReader.java:558) ~[gson-2.10.jar%2372!/:?]
	at com.google.gson.stream.JsonReader.peek(JsonReader.java:433) ~[gson-2.10.jar%2372!/:?]
	at com.google.gson.internal.bind.TypeAdapters$28.read(TypeAdapters.java:769) ~[gson-2.10.jar%2372!/:?]
	at com.google.gson.internal.bind.TypeAdapters$28.read(TypeAdapters.java:725) ~[gson-2.10.jar%2372!/:?]
	at com.google.gson.internal.bind.TypeAdapters$34$1.read(TypeAdapters.java:1007) ~[gson-2.10.jar%2372!/:?]
	at net.minecraft.util.GsonHelper.m_13780_(GsonHelper.java:524) ~[server-1.20.1-20230612.114412-srg.jar%23420!/:?]
	... 13 more
[02Sep2026 01:02:01.922] [Worker-Main-2/ERROR] [net.minecraft.server.packs.resources.SimpleJsonResourceReloadListener/]: Couldn't parse data file cataclysm:weapon_infusion/gauntlet_of_bulwark from cataclysm:recipes/weapon_infusion/gauntlet_of_bulwark.json
com.google.gson.JsonParseException: java.io.EOFException: End of input at line 1 column 1 path $
	at net.minecraft.util.GsonHelper.m_13780_(GsonHelper.java:526) ~[server-1.20.1-20230612.114412-srg.jar%23420!/:?]
	at net.minecraft.util.GsonHelper.m_263475_(GsonHelper.java:531) ~[server-1.20.1-20230612.114412-srg.jar%23420!/:?]
	at net.minecraft.util.GsonHelper.m_13776_(GsonHelper.java:581) ~[server-1.20.1-20230612.114412-srg.jar%23420!/:?]
	at net.minecraft.server.packs.resources.SimpleJsonResourceReloadListener.m_278771_(SimpleJsonResourceReloadListener.java:41) ~[server-1.20.1-20230612.114412-srg.jar%23420!/:?]
	at net.minecraft.server.packs.resources.SimpleJsonResourceReloadListener.m_5944_(SimpleJsonResourceReloadListener.java:29) ~[server-1.20.1-20230612.114412-srg.jar%23420!/:?]
	at net.minecraft.server.packs.resources.SimpleJsonResourceReloadListener.m_5944_(SimpleJsonResourceReloadListener.java:17) ~[server-1.20.1-20230612.114412-srg.jar%23420!/:?]
	at net.minecraft.server.packs.resources.SimplePreparableReloadListener.m_10786_(SimplePreparableReloadListener.java:11) ~[server-1.20.1-20230612.114412-srg.jar%23420!/:?]
	at java.util.concurrent.CompletableFuture$AsyncSupply.run(CompletableFuture.java:1768) ~[?:?]
	at java.util.concurrent.CompletableFuture$AsyncSupply.exec(CompletableFuture.java:1760) ~[?:?]
	at java.util.concurrent.ForkJoinTask.doExec(ForkJoinTask.java:373) ~[?:?]
	at java.util.concurrent.ForkJoinPool$WorkQueue.topLevelExec(ForkJoinPool.java:1182) ~[?:?]
	at java.util.concurrent.ForkJoinPool.scan(ForkJoinPool.java:1655) ~[?:?]
	at java.util.concurrent.ForkJoinPool.runWorker(ForkJoinPool.java:1622) ~[?:?]
	at java.util.concurrent.ForkJoinWorkerThread.run(ForkJoinWorkerThread.java:165) ~[?:?]
Caused by: java.io.EOFException: End of input at line 1 column 1 path $
	at com.google.gson.stream.JsonReader.nextNonWhitespace(JsonReader.java:1455) ~[gson-2.10.jar%2372!/:?]
	at com.google.gson.stream.JsonReader.doPeek(JsonReader.java:558) ~[gson-2.10.jar%2372!/:?]
	at com.google.gson.stream.JsonReader.peek(JsonReader.java:433) ~[gson-2.10.jar%2372!/:?]
	at com.google.gson.internal.bind.TypeAdapters$28.read(TypeAdapters.java:769) ~[gson-2.10.jar%2372!/:?]
	at com.google.gson.internal.bind.TypeAdapters$28.read(TypeAdapters.java:725) ~[gson-2.10.jar%2372!/:?]
	at com.google.gson.internal.bind.TypeAdapters$34$1.read(TypeAdapters.java:1007) ~[gson-2.10.jar%2372!/:?]
	at net.minecraft.util.GsonHelper.m_13780_(GsonHelper.java:524) ~[server-1.20.1-20230612.114412-srg.jar%23420!/:?]
	... 13 more
[02Sep2026 01:02:01.926] [Worker-Main-2/ERROR] [net.minecraft.server.packs.resources.SimpleJsonResourceReloadListener/]: Couldn't parse data file cataclysm:weapon_infusion/gauntlet_of_maelstrom from cataclysm:recipes/weapon_infusion/gauntlet_of_maelstrom.json
com.google.gson.JsonParseException: java.io.EOFException: End of input at line 1 column 1 path $
	at net.minecraft.util.GsonHelper.m_13780_(GsonHelper.java:526) ~[server-1.20.1-20230612.114412-srg.jar%23420!/:?]
	at net.minecraft.util.GsonHelper.m_263475_(GsonHelper.java:531) ~[server-1.20.1-20230612.114412-srg.jar%23420!/:?]
	at net.minecraft.util.GsonHelper.m_13776_(GsonHelper.java:581) ~[server-1.20.1-20230612.114412-srg.jar%23420!/:?]
	at net.minecraft.server.packs.resources.SimpleJsonResourceReloadListener.m_278771_(SimpleJsonResourceReloadListener.java:41) ~[server-1.20.1-20230612.114412-srg.jar%23420!/:?]
	at net.minecraft.server.packs.resources.SimpleJsonResourceReloadListener.m_5944_(SimpleJsonResourceReloadListener.java:29) ~[server-1.20.1-20230612.114412-srg.jar%23420!/:?]
	at net.minecraft.server.packs.resources.SimpleJsonResourceReloadListener.m_5944_(SimpleJsonResourceReloadListener.java:17) ~[server-1.20.1-20230612.114412-srg.jar%23420!/:?]
	at net.minecraft.server.packs.resources.SimplePreparableReloadListener.m_10786_(SimplePreparableReloadListener.java:11) ~[server-1.20.1-20230612.114412-srg.jar%23420!/:?]
	at java.util.concurrent.CompletableFuture$AsyncSupply.run(CompletableFuture.java:1768) ~[?:?]
	at java.util.concurrent.CompletableFuture$AsyncSupply.exec(CompletableFuture.java:1760) ~[?:?]
	at java.util.concurrent.ForkJoinTask.doExec(ForkJoinTask.java:373) ~[?:?]
	at java.util.concurrent.ForkJoinPool$WorkQueue.topLevelExec(ForkJoinPool.java:1182) ~[?:?]
	at java.util.concurrent.ForkJoinPool.scan(ForkJoinPool.java:1655) ~[?:?]
	at java.util.concurrent.ForkJoinPool.runWorker(ForkJoinPool.java:1622) ~[?:?]
	at java.util.concurrent.ForkJoinWorkerThread.run(ForkJoinWorkerThread.java:165) ~[?:?]
Caused by: java.io.EOFException: End of input at line 1 column 1 path $
	at com.google.gson.stream.JsonReader.nextNonWhitespace(JsonReader.java:1455) ~[gson-2.10.jar%2372!/:?]
	at com.google.gson.stream.JsonReader.doPeek(JsonReader.java:558) ~[gson-2.10.jar%2372!/:?]
	at com.google.gson.stream.JsonReader.peek(JsonReader.java:433) ~[gson-2.10.jar%2372!/:?]
	at com.google.gson.internal.bind.TypeAdapters$28.read(TypeAdapters.java:769) ~[gson-2.10.jar%2372!/:?]
	at com.google.gson.internal.bind.TypeAdapters$28.read(TypeAdapters.java:725) ~[gson-2.10.jar%2372!/:?]
	at com.google.gson.internal.bind.TypeAdapters$34$1.read(TypeAdapters.java:1007) ~[gson-2.10.jar%2372!/:?]
	at net.minecraft.util.GsonHelper.m_13780_(GsonHelper.java:524) ~[server-1.20.1-20230612.114412-srg.jar%23420!/:?]
	... 13 more
[02Sep2026 01:02:01.928] [Worker-Main-2/ERROR] [net.minecraft.server.packs.resources.SimpleJsonResourceReloadListener/]: Couldn't parse data file cataclysm:weapon_infusion/the_immolator from cataclysm:recipes/weapon_infusion/the_immolator.json
com.google.gson.JsonParseException: java.io.EOFException: End of input at line 1 column 1 path $
	at net.minecraft.util.GsonHelper.m_13780_(GsonHelper.java:526) ~[server-1.20.1-20230612.114412-srg.jar%23420!/:?]
	at net.minecraft.util.GsonHelper.m_263475_(GsonHelper.java:531) ~[server-1.20.1-20230612.114412-srg.jar%23420!/:?]
	at net.minecraft.util.GsonHelper.m_13776_(GsonHelper.java:581) ~[server-1.20.1-20230612.114412-srg.jar%23420!/:?]
	at net.minecraft.server.packs.resources.SimpleJsonResourceReloadListener.m_278771_(SimpleJsonResourceReloadListener.java:41) ~[server-1.20.1-20230612.114412-srg.jar%23420!/:?]
	at net.minecraft.server.packs.resources.SimpleJsonResourceReloadListener.m_5944_(SimpleJsonResourceReloadListener.java:29) ~[server-1.20.1-20230612.114412-srg.jar%23420!/:?]
	at net.minecraft.server.packs.resources.SimpleJsonResourceReloadListener.m_5944_(SimpleJsonResourceReloadListener.java:17) ~[server-1.20.1-20230612.114412-srg.jar%23420!/:?]
	at net.minecraft.server.packs.resources.SimplePreparableReloadListener.m_10786_(SimplePreparableReloadListener.java:11) ~[server-1.20.1-20230612.114412-srg.jar%23420!/:?]
	at java.util.concurrent.CompletableFuture$AsyncSupply.run(CompletableFuture.java:1768) ~[?:?]
	at java.util.concurrent.CompletableFuture$AsyncSupply.exec(CompletableFuture.java:1760) ~[?:?]
	at java.util.concurrent.ForkJoinTask.doExec(ForkJoinTask.java:373) ~[?:?]
	at java.util.concurrent.ForkJoinPool$WorkQueue.topLevelExec(ForkJoinPool.java:1182) ~[?:?]
	at java.util.concurrent.ForkJoinPool.scan(ForkJoinPool.java:1655) ~[?:?]
	at java.util.concurrent.ForkJoinPool.runWorker(ForkJoinPool.java:1622) ~[?:?]
	at java.util.concurrent.ForkJoinWorkerThread.run(ForkJoinWorkerThread.java:165) ~[?:?]
Caused by: java.io.EOFException: End of input at line 1 column 1 path $
	at com.google.gson.stream.JsonReader.nextNonWhitespace(JsonReader.java:1455) ~[gson-2.10.jar%2372!/:?]
	at com.google.gson.stream.JsonReader.doPeek(JsonReader.java:558) ~[gson-2.10.jar%2372!/:?]
	at com.google.gson.stream.JsonReader.peek(JsonReader.java:433) ~[gson-2.10.jar%2372!/:?]
	at com.google.gson.internal.bind.TypeAdapters$28.read(TypeAdapters.java:769) ~[gson-2.10.jar%2372!/:?]
	at com.google.gson.internal.bind.TypeAdapters$28.read(TypeAdapters.java:725) ~[gson-2.10.jar%2372!/:?]
	at com.google.gson.internal.bind.TypeAdapters$34$1.read(TypeAdapters.java:1007) ~[gson-2.10.jar%2372!/:?]
	at net.minecraft.util.GsonHelper.m_13780_(GsonHelper.java:524) ~[server-1.20.1-20230612.114412-srg.jar%23420!/:?]
	... 13 more
[02Sep2026 01:02:01.930] [Worker-Main-2/ERROR] [net.minecraft.server.packs.resources.SimpleJsonResourceReloadListener/]: Couldn't parse data file cataclysm:weapon_infusion/void_assault_shoulder_weapon from cataclysm:recipes/weapon_infusion/void_assault_shoulder_weapon.json
com.google.gson.JsonParseException: java.io.EOFException: End of input at line 1 column 1 path $
	at net.minecraft.util.GsonHelper.m_13780_(GsonHelper.java:526) ~[server-1.20.1-20230612.114412-srg.jar%23420!/:?]
	at net.minecraft.util.GsonHelper.m_263475_(GsonHelper.java:531) ~[server-1.20.1-20230612.114412-srg.jar%23420!/:?]
	at net.minecraft.util.GsonHelper.m_13776_(GsonHelper.java:581) ~[server-1.20.1-20230612.114412-srg.jar%23420!/:?]
	at net.minecraft.server.packs.resources.SimpleJsonResourceReloadListener.m_278771_(SimpleJsonResourceReloadListener.java:41) ~[server-1.20.1-20230612.114412-srg.jar%23420!/:?]
	at net.minecraft.server.packs.resources.SimpleJsonResourceReloadListener.m_5944_(SimpleJsonResourceReloadListener.java:29) ~[server-1.20.1-20230612.114412-srg.jar%23420!/:?]
	at net.minecraft.server.packs.resources.SimpleJsonResourceReloadListener.m_5944_(SimpleJsonResourceReloadListener.java:17) ~[server-1.20.1-20230612.114412-srg.jar%23420!/:?]
	at net.minecraft.server.packs.resources.SimplePreparableReloadListener.m_10786_(SimplePreparableReloadListener.java:11) ~[server-1.20.1-20230612.114412-srg.jar%23420!/:?]
	at java.util.concurrent.CompletableFuture$AsyncSupply.run(CompletableFuture.java:1768) ~[?:?]
	at java.util.concurrent.CompletableFuture$AsyncSupply.exec(CompletableFuture.java:1760) ~[?:?]
	at java.util.concurrent.ForkJoinTask.doExec(ForkJoinTask.java:373) ~[?:?]
	at java.util.concurrent.ForkJoinPool$WorkQueue.topLevelExec(ForkJoinPool.java:1182) ~[?:?]
	at java.util.concurrent.ForkJoinPool.scan(ForkJoinPool.java:1655) ~[?:?]
	at java.util.concurrent.ForkJoinPool.runWorker(ForkJoinPool.java:1622) ~[?:?]
	at java.util.concurrent.ForkJoinWorkerThread.run(ForkJoinWorkerThread.java:165) ~[?:?]
Caused by: java.io.EOFException: End of input at line 1 column 1 path $
	at com.google.gson.stream.JsonReader.nextNonWhitespace(JsonReader.java:1455) ~[gson-2.10.jar%2372!/:?]
	at com.google.gson.stream.JsonReader.doPeek(JsonReader.java:558) ~[gson-2.10.jar%2372!/:?]
	at com.google.gson.stream.JsonReader.peek(JsonReader.java:433) ~[gson-2.10.jar%2372!/:?]
	at com.google.gson.internal.bind.TypeAdapters$28.read(TypeAdapters.java:769) ~[gson-2.10.jar%2372!/:?]
	at com.google.gson.internal.bind.TypeAdapters$28.read(TypeAdapters.java:725) ~[gson-2.10.jar%2372!/:?]
	at com.google.gson.internal.bind.TypeAdapters$34$1.read(TypeAdapters.java:1007) ~[gson-2.10.jar%2372!/:?]
	at net.minecraft.util.GsonHelper.m_13780_(GsonHelper.java:524) ~[server-1.20.1-20230612.114412-srg.jar%23420!/:?]
	... 13 more
[02Sep2026 01:02:01.931] [Worker-Main-2/ERROR] [net.minecraft.server.packs.resources.SimpleJsonResourceReloadListener/]: Couldn't parse data file cataclysm:weapon_infusion/void_forge from cataclysm:recipes/weapon_infusion/void_forge.json
com.google.gson.JsonParseException: java.io.EOFException: End of input at line 1 column 1 path $
	at net.minecraft.util.GsonHelper.m_13780_(GsonHelper.java:526) ~[server-1.20.1-20230612.114412-srg.jar%23420!/:?]
	at net.minecraft.util.GsonHelper.m_263475_(GsonHelper.java:531) ~[server-1.20.1-20230612.114412-srg.jar%23420!/:?]
	at net.minecraft.util.GsonHelper.m_13776_(GsonHelper.java:581) ~[server-1.20.1-20230612.114412-srg.jar%23420!/:?]
	at net.minecraft.server.packs.resources.SimpleJsonResourceReloadListener.m_278771_(SimpleJsonResourceReloadListener.java:41) ~[server-1.20.1-20230612.114412-srg.jar%23420!/:?]
	at net.minecraft.server.packs.resources.SimpleJsonResourceReloadListener.m_5944_(SimpleJsonResourceReloadListener.java:29) ~[server-1.20.1-20230612.114412-srg.jar%23420!/:?]
	at net.minecraft.server.packs.resources.SimpleJsonResourceReloadListener.m_5944_(SimpleJsonResourceReloadListener.java:17) ~[server-1.20.1-20230612.114412-srg.jar%23420!/:?]
	at net.minecraft.server.packs.resources.SimplePreparableReloadListener.m_10786_(SimplePreparableReloadListener.java:11) ~[server-1.20.1-20230612.114412-srg.jar%23420!/:?]
	at java.util.concurrent.CompletableFuture$AsyncSupply.run(CompletableFuture.java:1768) ~[?:?]
	at java.util.concurrent.CompletableFuture$AsyncSupply.exec(CompletableFuture.java:1760) ~[?:?]
	at java.util.concurrent.ForkJoinTask.doExec(ForkJoinTask.java:373) ~[?:?]
	at java.util.concurrent.ForkJoinPool$WorkQueue.topLevelExec(ForkJoinPool.java:1182) ~[?:?]
	at java.util.concurrent.ForkJoinPool.scan(ForkJoinPool.java:1655) ~[?:?]
	at java.util.concurrent.ForkJoinPool.runWorker(ForkJoinPool.java:1622) ~[?:?]
	at java.util.concurrent.ForkJoinWorkerThread.run(ForkJoinWorkerThread.java:165) ~[?:?]
Caused by: java.io.EOFException: End of input at line 1 column 1 path $
	at com.google.gson.stream.JsonReader.nextNonWhitespace(JsonReader.java:1455) ~[gson-2.10.jar%2372!/:?]
	at com.google.gson.stream.JsonReader.doPeek(JsonReader.java:558) ~[gson-2.10.jar%2372!/:?]
	at com.google.gson.stream.JsonReader.peek(JsonReader.java:433) ~[gson-2.10.jar%2372!/:?]
	at com.google.gson.internal.bind.TypeAdapters$28.read(TypeAdapters.java:769) ~[gson-2.10.jar%2372!/:?]
	at com.google.gson.internal.bind.TypeAdapters$28.read(TypeAdapters.java:725) ~[gson-2.10.jar%2372!/:?]
	at com.google.gson.internal.bind.TypeAdapters$34$1.read(TypeAdapters.java:1007) ~[gson-2.10.jar%2372!/:?]
	at net.minecraft.util.GsonHelper.m_13780_(GsonHelper.java:524) ~[server-1.20.1-20230612.114412-srg.jar%23420!/:?]
	... 13 more
[02Sep2026 01:02:01.933] [Worker-Main-2/ERROR] [net.minecraft.server.packs.resources.SimpleJsonResourceReloadListener/]: Couldn't parse data file irons_spellbooks:weapon_parts from irons_spellbooks:recipes/weapon_parts.json
com.google.gson.JsonParseException: java.io.EOFException: End of input at line 1 column 1 path $
	at net.minecraft.util.GsonHelper.m_13780_(GsonHelper.java:526) ~[server-1.20.1-20230612.114412-srg.jar%23420!/:?]
	at net.minecraft.util.GsonHelper.m_263475_(GsonHelper.java:531) ~[server-1.20.1-20230612.114412-srg.jar%23420!/:?]
	at net.minecraft.util.GsonHelper.m_13776_(GsonHelper.java:581) ~[server-1.20.1-20230612.114412-srg.jar%23420!/:?]
	at net.minecraft.server.packs.resources.SimpleJsonResourceReloadListener.m_278771_(SimpleJsonResourceReloadListener.java:41) ~[server-1.20.1-20230612.114412-srg.jar%23420!/:?]
	at net.minecraft.server.packs.resources.SimpleJsonResourceReloadListener.m_5944_(SimpleJsonResourceReloadListener.java:29) ~[server-1.20.1-20230612.114412-srg.jar%23420!/:?]
	at net.minecraft.server.packs.resources.SimpleJsonResourceReloadListener.m_5944_(SimpleJsonResourceReloadListener.java:17) ~[server-1.20.1-20230612.114412-srg.jar%23420!/:?]
	at net.minecraft.server.packs.resources.SimplePreparableReloadListener.m_10786_(SimplePreparableReloadListener.java:11) ~[server-1.20.1-20230612.114412-srg.jar%23420!/:?]
	at java.util.concurrent.CompletableFuture$AsyncSupply.run(CompletableFuture.java:1768) ~[?:?]
	at java.util.concurrent.CompletableFuture$AsyncSupply.exec(CompletableFuture.java:1760) ~[?:?]
	at java.util.concurrent.ForkJoinTask.doExec(ForkJoinTask.java:373) ~[?:?]
	at java.util.concurrent.ForkJoinPool$WorkQueue.topLevelExec(ForkJoinPool.java:1182) ~[?:?]
	at java.util.concurrent.ForkJoinPool.scan(ForkJoinPool.java:1655) ~[?:?]
	at java.util.concurrent.ForkJoinPool.runWorker(ForkJoinPool.java:1622) ~[?:?]
	at java.util.concurrent.ForkJoinWorkerThread.run(ForkJoinWorkerThread.java:165) ~[?:?]
Caused by: java.io.EOFException: End of input at line 1 column 1 path $
	at com.google.gson.stream.JsonReader.nextNonWhitespace(JsonReader.java:1455) ~[gson-2.10.jar%2372!/:?]
	at com.google.gson.stream.JsonReader.doPeek(JsonReader.java:558) ~[gson-2.10.jar%2372!/:?]
	at com.google.gson.stream.JsonReader.peek(JsonReader.java:433) ~[gson-2.10.jar%2372!/:?]
	at com.google.gson.internal.bind.TypeAdapters$28.read(TypeAdapters.java:769) ~[gson-2.10.jar%2372!/:?]
	at com.google.gson.internal.bind.TypeAdapters$28.read(TypeAdapters.java:725) ~[gson-2.10.jar%2372!/:?]
	at com.google.gson.internal.bind.TypeAdapters$34$1.read(TypeAdapters.java:1007) ~[gson-2.10.jar%2372!/:?]
	at net.minecraft.util.GsonHelper.m_13780_(GsonHelper.java:524) ~[server-1.20.1-20230612.114412-srg.jar%23420!/:?]
	... 13 more
[02Sep2026 01:02:01.939] [Worker-Main-2/ERROR] [net.minecraft.server.packs.resources.SimpleJsonResourceReloadListener/]: Couldn't parse data file cataclysm:wither_assault_shoulder_weapon from cataclysm:recipes/wither_assault_shoulder_weapon.json
com.google.gson.JsonParseException: java.io.EOFException: End of input at line 1 column 1 path $
	at net.minecraft.util.GsonHelper.m_13780_(GsonHelper.java:526) ~[server-1.20.1-20230612.114412-srg.jar%23420!/:?]
	at net.minecraft.util.GsonHelper.m_263475_(GsonHelper.java:531) ~[server-1.20.1-20230612.114412-srg.jar%23420!/:?]
	at net.minecraft.util.GsonHelper.m_13776_(GsonHelper.java:581) ~[server-1.20.1-20230612.114412-srg.jar%23420!/:?]
	at net.minecraft.server.packs.resources.SimpleJsonResourceReloadListener.m_278771_(SimpleJsonResourceReloadListener.java:41) ~[server-1.20.1-20230612.114412-srg.jar%23420!/:?]
	at net.minecraft.server.packs.resources.SimpleJsonResourceReloadListener.m_5944_(SimpleJsonResourceReloadListener.java:29) ~[server-1.20.1-20230612.114412-srg.jar%23420!/:?]
	at net.minecraft.server.packs.resources.SimpleJsonResourceReloadListener.m_5944_(SimpleJsonResourceReloadListener.java:17) ~[server-1.20.1-20230612.114412-srg.jar%23420!/:?]
	at net.minecraft.server.packs.resources.SimplePreparableReloadListener.m_10786_(SimplePreparableReloadListener.java:11) ~[server-1.20.1-20230612.114412-srg.jar%23420!/:?]
	at java.util.concurrent.CompletableFuture$AsyncSupply.run(CompletableFuture.java:1768) ~[?:?]
	at java.util.concurrent.CompletableFuture$AsyncSupply.exec(CompletableFuture.java:1760) ~[?:?]
	at java.util.concurrent.ForkJoinTask.doExec(ForkJoinTask.java:373) ~[?:?]
	at java.util.concurrent.ForkJoinPool$WorkQueue.topLevelExec(ForkJoinPool.java:1182) ~[?:?]
	at java.util.concurrent.ForkJoinPool.scan(ForkJoinPool.java:1655) ~[?:?]
	at java.util.concurrent.ForkJoinPool.runWorker(ForkJoinPool.java:1622) ~[?:?]
	at java.util.concurrent.ForkJoinWorkerThread.run(ForkJoinWorkerThread.java:165) ~[?:?]
Caused by: java.io.EOFException: End of input at line 1 column 1 path $
	at com.google.gson.stream.JsonReader.nextNonWhitespace(JsonReader.java:1455) ~[gson-2.10.jar%2372!/:?]
	at com.google.gson.stream.JsonReader.doPeek(JsonReader.java:558) ~[gson-2.10.jar%2372!/:?]
	at com.google.gson.stream.JsonReader.peek(JsonReader.java:433) ~[gson-2.10.jar%2372!/:?]
	at com.google.gson.internal.bind.TypeAdapters$28.read(TypeAdapters.java:769) ~[gson-2.10.jar%2372!/:?]
	at com.google.gson.internal.bind.TypeAdapters$28.read(TypeAdapters.java:725) ~[gson-2.10.jar%2372!/:?]
	at com.google.gson.internal.bind.TypeAdapters$34$1.read(TypeAdapters.java:1007) ~[gson-2.10.jar%2372!/:?]
	at net.minecraft.util.GsonHelper.m_13780_(GsonHelper.java:524) ~[server-1.20.1-20230612.114412-srg.jar%23420!/:?]
	... 13 more
[02Sep2026 01:02:01.947] [Worker-Main-2/ERROR] [net.minecraft.server.packs.resources.SimpleJsonResourceReloadListener/]: Couldn't parse data file efn:zansetsu from efn:recipes/zansetsu.json
com.google.gson.JsonParseException: java.io.EOFException: End of input at line 1 column 1 path $
	at net.minecraft.util.GsonHelper.m_13780_(GsonHelper.java:526) ~[server-1.20.1-20230612.114412-srg.jar%23420!/:?]
	at net.minecraft.util.GsonHelper.m_263475_(GsonHelper.java:531) ~[server-1.20.1-20230612.114412-srg.jar%23420!/:?]
	at net.minecraft.util.GsonHelper.m_13776_(GsonHelper.java:581) ~[server-1.20.1-20230612.114412-srg.jar%23420!/:?]
	at net.minecraft.server.packs.resources.SimpleJsonResourceReloadListener.m_278771_(SimpleJsonResourceReloadListener.java:41) ~[server-1.20.1-20230612.114412-srg.jar%23420!/:?]
	at net.minecraft.server.packs.resources.SimpleJsonResourceReloadListener.m_5944_(SimpleJsonResourceReloadListener.java:29) ~[server-1.20.1-20230612.114412-srg.jar%23420!/:?]
	at net.minecraft.server.packs.resources.SimpleJsonResourceReloadListener.m_5944_(SimpleJsonResourceReloadListener.java:17) ~[server-1.20.1-20230612.114412-srg.jar%23420!/:?]
	at net.minecraft.server.packs.resources.SimplePreparableReloadListener.m_10786_(SimplePreparableReloadListener.java:11) ~[server-1.20.1-20230612.114412-srg.jar%23420!/:?]
	at java.util.concurrent.CompletableFuture$AsyncSupply.run(CompletableFuture.java:1768) ~[?:?]
	at java.util.concurrent.CompletableFuture$AsyncSupply.exec(CompletableFuture.java:1760) ~[?:?]
	at java.util.concurrent.ForkJoinTask.doExec(ForkJoinTask.java:373) ~[?:?]
	at java.util.concurrent.ForkJoinPool$WorkQueue.topLevelExec(ForkJoinPool.java:1182) ~[?:?]
	at java.util.concurrent.ForkJoinPool.scan(ForkJoinPool.java:1655) ~[?:?]
	at java.util.concurrent.ForkJoinPool.runWorker(ForkJoinPool.java:1622) ~[?:?]
	at java.util.concurrent.ForkJoinWorkerThread.run(ForkJoinWorkerThread.java:165) ~[?:?]
Caused by: java.io.EOFException: End of input at line 1 column 1 path $
	at com.google.gson.stream.JsonReader.nextNonWhitespace(JsonReader.java:1455) ~[gson-2.10.jar%2372!/:?]
	at com.google.gson.stream.JsonReader.doPeek(JsonReader.java:558) ~[gson-2.10.jar%2372!/:?]
	at com.google.gson.stream.JsonReader.peek(JsonReader.java:433) ~[gson-2.10.jar%2372!/:?]
	at com.google.gson.internal.bind.TypeAdapters$28.read(TypeAdapters.java:769) ~[gson-2.10.jar%2372!/:?]
	at com.google.gson.internal.bind.TypeAdapters$28.read(TypeAdapters.java:725) ~[gson-2.10.jar%2372!/:?]
	at com.google.gson.internal.bind.TypeAdapters$34$1.read(TypeAdapters.java:1007) ~[gson-2.10.jar%2372!/:?]
	at net.minecraft.util.GsonHelper.m_13780_(GsonHelper.java:524) ~[server-1.20.1-20230612.114412-srg.jar%23420!/:?]
	... 13 more
[02Sep2026 01:02:02.405] [Worker-Main-3/ERROR] [net.minecraftforge.common.ForgeHooks/]: Couldn't parse element loot_tables:beyonddimensions:blocks/mana_pool_pathway
com.google.gson.JsonSyntaxException: Expected name to be an item, was unknown string 'beyonddimensions:mana_pool_pathway'
	at net.minecraft.util.GsonHelper.m_13866_(GsonHelper.java:145) ~[server-1.20.1-20230612.114412-srg.jar%23420!/:?]
	at java.util.Optional.orElseThrow(Optional.java:403) ~[?:?]
	at net.minecraft.util.GsonHelper.m_13874_(GsonHelper.java:145) ~[server-1.20.1-20230612.114412-srg.jar%23420!/:?]
	at net.minecraft.util.GsonHelper.m_13909_(GsonHelper.java:153) ~[server-1.20.1-20230612.114412-srg.jar%23420!/:?]
	at net.minecraft.world.level.storage.loot.entries.LootItem$Serializer.m_7267_(LootItem.java:55) ~[server-1.20.1-20230612.114412-srg.jar%23420!/:?]
	at net.minecraft.world.level.storage.loot.entries.LootItem$Serializer.m_7267_(LootItem.java:40) ~[server-1.20.1-20230612.114412-srg.jar%23420!/:?]
	at net.minecraft.world.level.storage.loot.entries.LootPoolSingletonContainer$Serializer.m_5921_(LootPoolSingletonContainer.java:151) ~[server-1.20.1-20230612.114412-srg.jar%23420!/:?]
	at net.minecraft.world.level.storage.loot.entries.LootPoolSingletonContainer$Serializer.m_5921_(LootPoolSingletonContainer.java:129) ~[server-1.20.1-20230612.114412-srg.jar%23420!/:?]
	at net.minecraft.world.level.storage.loot.entries.LootPoolEntryContainer$Serializer.m_7561_(LootPoolEntryContainer.java:86) ~[server-1.20.1-20230612.114412-srg.jar%23420!/:?]
	at net.minecraft.world.level.storage.loot.entries.LootPoolEntryContainer$Serializer.m_7561_(LootPoolEntryContainer.java:74) ~[server-1.20.1-20230612.114412-srg.jar%23420!/:?]
	at net.minecraft.world.level.storage.loot.GsonAdapterFactory$JsonAdapter.deserialize(GsonAdapterFactory.java:102) ~[server-1.20.1-20230612.114412-srg.jar%23420!/:?]
	at com.google.gson.internal.bind.TreeTypeAdapter.read(TreeTypeAdapter.java:76) ~[gson-2.10.jar%2372!/:?]
	at com.google.gson.internal.bind.TypeAdapterRuntimeTypeWrapper.read(TypeAdapterRuntimeTypeWrapper.java:40) ~[gson-2.10.jar%2372!/:?]
	at com.google.gson.internal.bind.ArrayTypeAdapter.read(ArrayTypeAdapter.java:72) ~[gson-2.10.jar%2372!/:?]
	at com.google.gson.Gson.fromJson(Gson.java:1214) ~[gson-2.10.jar%2372!/:?]
	at com.google.gson.Gson.fromJson(Gson.java:1319) ~[gson-2.10.jar%2372!/:?]
	at com.google.gson.Gson.fromJson(Gson.java:1290) ~[gson-2.10.jar%2372!/:?]
	at com.google.gson.internal.bind.TreeTypeAdapter$GsonContextImpl.deserialize(TreeTypeAdapter.java:179) ~[gson-2.10.jar%2372!/:?]
	at net.minecraft.util.GsonHelper.m_13808_(GsonHelper.java:463) ~[server-1.20.1-20230612.114412-srg.jar%23420!/:?]
	at net.minecraft.util.GsonHelper.m_13836_(GsonHelper.java:471) ~[server-1.20.1-20230612.114412-srg.jar%23420!/:?]
	at net.minecraft.world.level.storage.loot.LootPool$Serializer.deserialize(LootPool.java:192) ~[server-1.20.1-20230612.114412-srg.jar%23420!/:?]
	at net.minecraft.world.level.storage.loot.LootPool$Serializer.deserialize(LootPool.java:189) ~[server-1.20.1-20230612.114412-srg.jar%23420!/:?]
	at com.google.gson.internal.bind.TreeTypeAdapter.read(TreeTypeAdapter.java:76) ~[gson-2.10.jar%2372!/:?]
	at com.google.gson.internal.bind.TypeAdapterRuntimeTypeWrapper.read(TypeAdapterRuntimeTypeWrapper.java:40) ~[gson-2.10.jar%2372!/:?]
	at com.google.gson.internal.bind.ArrayTypeAdapter.read(ArrayTypeAdapter.java:72) ~[gson-2.10.jar%2372!/:?]
	at com.google.gson.Gson.fromJson(Gson.java:1214) ~[gson-2.10.jar%2372!/:?]
	at com.google.gson.Gson.fromJson(Gson.java:1319) ~[gson-2.10.jar%2372!/:?]
	at com.google.gson.Gson.fromJson(Gson.java:1290) ~[gson-2.10.jar%2372!/:?]
	at com.google.gson.internal.bind.TreeTypeAdapter$GsonContextImpl.deserialize(TreeTypeAdapter.java:179) ~[gson-2.10.jar%2372!/:?]
	at net.minecraft.util.GsonHelper.m_13808_(GsonHelper.java:463) ~[server-1.20.1-20230612.114412-srg.jar%23420!/:?]
	at net.minecraft.util.GsonHelper.m_13845_(GsonHelper.java:481) ~[server-1.20.1-20230612.114412-srg.jar%23420!/:?]
	at net.minecraft.world.level.storage.loot.LootTable$Serializer.deserialize(LootTable.java:294) ~[server-1.20.1-20230612.114412-srg.jar%23420!/:?]
	at net.minecraft.world.level.storage.loot.LootTable$Serializer.deserialize(LootTable.java:291) ~[server-1.20.1-20230612.114412-srg.jar%23420!/:?]
	at com.google.gson.internal.bind.TreeTypeAdapter.read(TreeTypeAdapter.java:76) ~[gson-2.10.jar%2372!/:?]
	at com.google.gson.Gson.fromJson(Gson.java:1214) ~[gson-2.10.jar%2372!/:?]
	at com.google.gson.Gson.fromJson(Gson.java:1319) ~[gson-2.10.jar%2372!/:?]
	at com.google.gson.Gson.fromJson(Gson.java:1261) ~[gson-2.10.jar%2372!/:?]
	at net.minecraftforge.common.ForgeHooks.loadLootTable(ForgeHooks.java:871) ~[forge-1.20.1-47.4.4-universal.jar%23425!/:?]
	at net.minecraftforge.common.ForgeHooks.lambda$getLootTableDeserializer$3(ForgeHooks.java:848) ~[forge-1.20.1-47.4.4-universal.jar%23425!/:?]
	at net.minecraft.world.level.storage.loot.LootDataType.deserialize(LootDataType.java:45) ~[server-1.20.1-20230612.114412-srg.jar%23420!/:?]
	at net.minecraft.world.level.storage.loot.LootDataManager.lambda$scheduleElementParse$4(LootDataManager.java:56) ~[server-1.20.1-20230612.114412-srg.jar%23420!/:?]
	at java.util.HashMap.forEach(HashMap.java:1421) ~[?:?]
	at net.minecraft.world.level.storage.loot.LootDataManager.m_278660_(LootDataManager.java:55) ~[server-1.20.1-20230612.114412-srg.jar%23420!/:?]
	at java.util.concurrent.CompletableFuture$AsyncRun.run(CompletableFuture.java:1804) ~[?:?]
	at java.util.concurrent.CompletableFuture$AsyncRun.exec(CompletableFuture.java:1796) ~[?:?]
	at java.util.concurrent.ForkJoinTask.doExec(ForkJoinTask.java:373) ~[?:?]
	at java.util.concurrent.ForkJoinPool$WorkQueue.topLevelExec(ForkJoinPool.java:1182) ~[?:?]
	at java.util.concurrent.ForkJoinPool.scan(ForkJoinPool.java:1655) ~[?:?]
	at java.util.concurrent.ForkJoinPool.runWorker(ForkJoinPool.java:1622) ~[?:?]
	at java.util.concurrent.ForkJoinWorkerThread.run(ForkJoinWorkerThread.java:165) ~[?:?]
[02Sep2026 01:02:02.803] [Worker-Main-3/ERROR] [net.minecraftforge.common.ForgeHooks/]: Couldn't parse element loot_tables:bookofdragons:chests/stoker_den
com.google.gson.JsonSyntaxException: Expected name to be an item, was unknown string 'bookofdragons:monstrousnightmare_egg'
	at net.minecraft.util.GsonHelper.m_13866_(GsonHelper.java:145) ~[server-1.20.1-20230612.114412-srg.jar%23420!/:?]
	at java.util.Optional.orElseThrow(Optional.java:403) ~[?:?]
	at net.minecraft.util.GsonHelper.m_13874_(GsonHelper.java:145) ~[server-1.20.1-20230612.114412-srg.jar%23420!/:?]
	at net.minecraft.util.GsonHelper.m_13909_(GsonHelper.java:153) ~[server-1.20.1-20230612.114412-srg.jar%23420!/:?]
	at net.minecraft.world.level.storage.loot.entries.LootItem$Serializer.m_7267_(LootItem.java:55) ~[server-1.20.1-20230612.114412-srg.jar%23420!/:?]
	at net.minecraft.world.level.storage.loot.entries.LootItem$Serializer.m_7267_(LootItem.java:40) ~[server-1.20.1-20230612.114412-srg.jar%23420!/:?]
	at net.minecraft.world.level.storage.loot.entries.LootPoolSingletonContainer$Serializer.m_5921_(LootPoolSingletonContainer.java:151) ~[server-1.20.1-20230612.114412-srg.jar%23420!/:?]
	at net.minecraft.world.level.storage.loot.entries.LootPoolSingletonContainer$Serializer.m_5921_(LootPoolSingletonContainer.java:129) ~[server-1.20.1-20230612.114412-srg.jar%23420!/:?]
	at net.minecraft.world.level.storage.loot.entries.LootPoolEntryContainer$Serializer.m_7561_(LootPoolEntryContainer.java:86) ~[server-1.20.1-20230612.114412-srg.jar%23420!/:?]
	at net.minecraft.world.level.storage.loot.entries.LootPoolEntryContainer$Serializer.m_7561_(LootPoolEntryContainer.java:74) ~[server-1.20.1-20230612.114412-srg.jar%23420!/:?]
	at net.minecraft.world.level.storage.loot.GsonAdapterFactory$JsonAdapter.deserialize(GsonAdapterFactory.java:102) ~[server-1.20.1-20230612.114412-srg.jar%23420!/:?]
	at com.google.gson.internal.bind.TreeTypeAdapter.read(TreeTypeAdapter.java:76) ~[gson-2.10.jar%2372!/:?]
	at com.google.gson.internal.bind.TypeAdapterRuntimeTypeWrapper.read(TypeAdapterRuntimeTypeWrapper.java:40) ~[gson-2.10.jar%2372!/:?]
	at com.google.gson.internal.bind.ArrayTypeAdapter.read(ArrayTypeAdapter.java:72) ~[gson-2.10.jar%2372!/:?]
	at com.google.gson.Gson.fromJson(Gson.java:1214) ~[gson-2.10.jar%2372!/:?]
	at com.google.gson.Gson.fromJson(Gson.java:1319) ~[gson-2.10.jar%2372!/:?]
	at com.google.gson.Gson.fromJson(Gson.java:1290) ~[gson-2.10.jar%2372!/:?]
	at com.google.gson.internal.bind.TreeTypeAdapter$GsonContextImpl.deserialize(TreeTypeAdapter.java:179) ~[gson-2.10.jar%2372!/:?]
	at net.minecraft.util.GsonHelper.m_13808_(GsonHelper.java:463) ~[server-1.20.1-20230612.114412-srg.jar%23420!/:?]
	at net.minecraft.util.GsonHelper.m_13836_(GsonHelper.java:471) ~[server-1.20.1-20230612.114412-srg.jar%23420!/:?]
	at net.minecraft.world.level.storage.loot.LootPool$Serializer.deserialize(LootPool.java:192) ~[server-1.20.1-20230612.114412-srg.jar%23420!/:?]
	at net.minecraft.world.level.storage.loot.LootPool$Serializer.deserialize(LootPool.java:189) ~[server-1.20.1-20230612.114412-srg.jar%23420!/:?]
	at com.google.gson.internal.bind.TreeTypeAdapter.read(TreeTypeAdapter.java:76) ~[gson-2.10.jar%2372!/:?]
	at com.google.gson.internal.bind.TypeAdapterRuntimeTypeWrapper.read(TypeAdapterRuntimeTypeWrapper.java:40) ~[gson-2.10.jar%2372!/:?]
	at com.google.gson.internal.bind.ArrayTypeAdapter.read(ArrayTypeAdapter.java:72) ~[gson-2.10.jar%2372!/:?]
	at com.google.gson.Gson.fromJson(Gson.java:1214) ~[gson-2.10.jar%2372!/:?]
	at com.google.gson.Gson.fromJson(Gson.java:1319) ~[gson-2.10.jar%2372!/:?]
	at com.google.gson.Gson.fromJson(Gson.java:1290) ~[gson-2.10.jar%2372!/:?]
	at com.google.gson.internal.bind.TreeTypeAdapter$GsonContextImpl.deserialize(TreeTypeAdapter.java:179) ~[gson-2.10.jar%2372!/:?]
	at net.minecraft.util.GsonHelper.m_13808_(GsonHelper.java:463) ~[server-1.20.1-20230612.114412-srg.jar%23420!/:?]
	at net.minecraft.util.GsonHelper.m_13845_(GsonHelper.java:481) ~[server-1.20.1-20230612.114412-srg.jar%23420!/:?]
	at net.minecraft.world.level.storage.loot.LootTable$Serializer.deserialize(LootTable.java:294) ~[server-1.20.1-20230612.114412-srg.jar%23420!/:?]
	at net.minecraft.world.level.storage.loot.LootTable$Serializer.deserialize(LootTable.java:291) ~[server-1.20.1-20230612.114412-srg.jar%23420!/:?]
	at com.google.gson.internal.bind.TreeTypeAdapter.read(TreeTypeAdapter.java:76) ~[gson-2.10.jar%2372!/:?]
	at com.google.gson.Gson.fromJson(Gson.java:1214) ~[gson-2.10.jar%2372!/:?]
	at com.google.gson.Gson.fromJson(Gson.java:1319) ~[gson-2.10.jar%2372!/:?]
	at com.google.gson.Gson.fromJson(Gson.java:1261) ~[gson-2.10.jar%2372!/:?]
	at net.minecraftforge.common.ForgeHooks.loadLootTable(ForgeHooks.java:871) ~[forge-1.20.1-47.4.4-universal.jar%23425!/:?]
	at net.minecraftforge.common.ForgeHooks.lambda$getLootTableDeserializer$3(ForgeHooks.java:848) ~[forge-1.20.1-47.4.4-universal.jar%23425!/:?]
	at net.minecraft.world.level.storage.loot.LootDataType.deserialize(LootDataType.java:45) ~[server-1.20.1-20230612.114412-srg.jar%23420!/:?]
	at net.minecraft.world.level.storage.loot.LootDataManager.lambda$scheduleElementParse$4(LootDataManager.java:56) ~[server-1.20.1-20230612.114412-srg.jar%23420!/:?]
	at java.util.HashMap.forEach(HashMap.java:1421) ~[?:?]
	at net.minecraft.world.level.storage.loot.LootDataManager.m_278660_(LootDataManager.java:55) ~[server-1.20.1-20230612.114412-srg.jar%23420!/:?]
	at java.util.concurrent.CompletableFuture$AsyncRun.run(CompletableFuture.java:1804) ~[?:?]
	at java.util.concurrent.CompletableFuture$AsyncRun.exec(CompletableFuture.java:1796) ~[?:?]
	at java.util.concurrent.ForkJoinTask.doExec(ForkJoinTask.java:373) ~[?:?]
	at java.util.concurrent.ForkJoinPool$WorkQueue.topLevelExec(ForkJoinPool.java:1182) ~[?:?]
	at java.util.concurrent.ForkJoinPool.scan(ForkJoinPool.java:1655) ~[?:?]
	at java.util.concurrent.ForkJoinPool.runWorker(ForkJoinPool.java:1622) ~[?:?]
	at java.util.concurrent.ForkJoinWorkerThread.run(ForkJoinWorkerThread.java:165) ~[?:?]
[02Sep2026 01:02:02.904] [Worker-Main-3/ERROR] [net.minecraftforge.common.ForgeHooks/]: Couldn't parse element loot_tables:bookofdragons:chests/sharp_nest
com.google.gson.JsonSyntaxException: Expected name to be an item, was unknown string 'bookofdragons:deadlynadder_egg'
	at net.minecraft.util.GsonHelper.m_13866_(GsonHelper.java:145) ~[server-1.20.1-20230612.114412-srg.jar%23420!/:?]
	at java.util.Optional.orElseThrow(Optional.java:403) ~[?:?]
	at net.minecraft.util.GsonHelper.m_13874_(GsonHelper.java:145) ~[server-1.20.1-20230612.114412-srg.jar%23420!/:?]
	at net.minecraft.util.GsonHelper.m_13909_(GsonHelper.java:153) ~[server-1.20.1-20230612.114412-srg.jar%23420!/:?]
	at net.minecraft.world.level.storage.loot.entries.LootItem$Serializer.m_7267_(LootItem.java:55) ~[server-1.20.1-20230612.114412-srg.jar%23420!/:?]
	at net.minecraft.world.level.storage.loot.entries.LootItem$Serializer.m_7267_(LootItem.java:40) ~[server-1.20.1-20230612.114412-srg.jar%23420!/:?]
	at net.minecraft.world.level.storage.loot.entries.LootPoolSingletonContainer$Serializer.m_5921_(LootPoolSingletonContainer.java:151) ~[server-1.20.1-20230612.114412-srg.jar%23420!/:?]
	at net.minecraft.world.level.storage.loot.entries.LootPoolSingletonContainer$Serializer.m_5921_(LootPoolSingletonContainer.java:129) ~[server-1.20.1-20230612.114412-srg.jar%23420!/:?]
	at net.minecraft.world.level.storage.loot.entries.LootPoolEntryContainer$Serializer.m_7561_(LootPoolEntryContainer.java:86) ~[server-1.20.1-20230612.114412-srg.jar%23420!/:?]
	at net.minecraft.world.level.storage.loot.entries.LootPoolEntryContainer$Serializer.m_7561_(LootPoolEntryContainer.java:74) ~[server-1.20.1-20230612.114412-srg.jar%23420!/:?]
	at net.minecraft.world.level.storage.loot.GsonAdapterFactory$JsonAdapter.deserialize(GsonAdapterFactory.java:102) ~[server-1.20.1-20230612.114412-srg.jar%23420!/:?]
	at com.google.gson.internal.bind.TreeTypeAdapter.read(TreeTypeAdapter.java:76) ~[gson-2.10.jar%2372!/:?]
	at com.google.gson.internal.bind.TypeAdapterRuntimeTypeWrapper.read(TypeAdapterRuntimeTypeWrapper.java:40) ~[gson-2.10.jar%2372!/:?]
	at com.google.gson.internal.bind.ArrayTypeAdapter.read(ArrayTypeAdapter.java:72) ~[gson-2.10.jar%2372!/:?]
	at com.google.gson.Gson.fromJson(Gson.java:1214) ~[gson-2.10.jar%2372!/:?]
	at com.google.gson.Gson.fromJson(Gson.java:1319) ~[gson-2.10.jar%2372!/:?]
	at com.google.gson.Gson.fromJson(Gson.java:1290) ~[gson-2.10.jar%2372!/:?]
	at com.google.gson.internal.bind.TreeTypeAdapter$GsonContextImpl.deserialize(TreeTypeAdapter.java:179) ~[gson-2.10.jar%2372!/:?]
	at net.minecraft.util.GsonHelper.m_13808_(GsonHelper.java:463) ~[server-1.20.1-20230612.114412-srg.jar%23420!/:?]
	at net.minecraft.util.GsonHelper.m_13836_(GsonHelper.java:471) ~[server-1.20.1-20230612.114412-srg.jar%23420!/:?]
	at net.minecraft.world.level.storage.loot.LootPool$Serializer.deserialize(LootPool.java:192) ~[server-1.20.1-20230612.114412-srg.jar%23420!/:?]
	at net.minecraft.world.level.storage.loot.LootPool$Serializer.deserialize(LootPool.java:189) ~[server-1.20.1-20230612.114412-srg.jar%23420!/:?]
	at com.google.gson.internal.bind.TreeTypeAdapter.read(TreeTypeAdapter.java:76) ~[gson-2.10.jar%2372!/:?]
	at com.google.gson.internal.bind.TypeAdapterRuntimeTypeWrapper.read(TypeAdapterRuntimeTypeWrapper.java:40) ~[gson-2.10.jar%2372!/:?]
	at com.google.gson.internal.bind.ArrayTypeAdapter.read(ArrayTypeAdapter.java:72) ~[gson-2.10.jar%2372!/:?]
	at com.google.gson.Gson.fromJson(Gson.java:1214) ~[gson-2.10.jar%2372!/:?]
	at com.google.gson.Gson.fromJson(Gson.java:1319) ~[gson-2.10.jar%2372!/:?]
	at com.google.gson.Gson.fromJson(Gson.java:1290) ~[gson-2.10.jar%2372!/:?]
	at com.google.gson.internal.bind.TreeTypeAdapter$GsonContextImpl.deserialize(TreeTypeAdapter.java:179) ~[gson-2.10.jar%2372!/:?]
	at net.minecraft.util.GsonHelper.m_13808_(GsonHelper.java:463) ~[server-1.20.1-20230612.114412-srg.jar%23420!/:?]
	at net.minecraft.util.GsonHelper.m_13845_(GsonHelper.java:481) ~[server-1.20.1-20230612.114412-srg.jar%23420!/:?]
	at net.minecraft.world.level.storage.loot.LootTable$Serializer.deserialize(LootTable.java:294) ~[server-1.20.1-20230612.114412-srg.jar%23420!/:?]
	at net.minecraft.world.level.storage.loot.LootTable$Serializer.deserialize(LootTable.java:291) ~[server-1.20.1-20230612.114412-srg.jar%23420!/:?]
	at com.google.gson.internal.bind.TreeTypeAdapter.read(TreeTypeAdapter.java:76) ~[gson-2.10.jar%2372!/:?]
	at com.google.gson.Gson.fromJson(Gson.java:1214) ~[gson-2.10.jar%2372!/:?]
	at com.google.gson.Gson.fromJson(Gson.java:1319) ~[gson-2.10.jar%2372!/:?]
	at com.google.gson.Gson.fromJson(Gson.java:1261) ~[gson-2.10.jar%2372!/:?]
	at net.minecraftforge.common.ForgeHooks.loadLootTable(ForgeHooks.java:871) ~[forge-1.20.1-47.4.4-universal.jar%23425!/:?]
	at net.minecraftforge.common.ForgeHooks.lambda$getLootTableDeserializer$3(ForgeHooks.java:848) ~[forge-1.20.1-47.4.4-universal.jar%23425!/:?]
	at net.minecraft.world.level.storage.loot.LootDataType.deserialize(LootDataType.java:45) ~[server-1.20.1-20230612.114412-srg.jar%23420!/:?]
	at net.minecraft.world.level.storage.loot.LootDataManager.lambda$scheduleElementParse$4(LootDataManager.java:56) ~[server-1.20.1-20230612.114412-srg.jar%23420!/:?]
	at java.util.HashMap.forEach(HashMap.java:1421) ~[?:?]
	at net.minecraft.world.level.storage.loot.LootDataManager.m_278660_(LootDataManager.java:55) ~[server-1.20.1-20230612.114412-srg.jar%23420!/:?]
	at java.util.concurrent.CompletableFuture$AsyncRun.run(CompletableFuture.java:1804) ~[?:?]
	at java.util.concurrent.CompletableFuture$AsyncRun.exec(CompletableFuture.java:1796) ~[?:?]
	at java.util.concurrent.ForkJoinTask.doExec(ForkJoinTask.java:373) ~[?:?]
	at java.util.concurrent.ForkJoinPool$WorkQueue.topLevelExec(ForkJoinPool.java:1182) ~[?:?]
	at java.util.concurrent.ForkJoinPool.scan(ForkJoinPool.java:1655) ~[?:?]
	at java.util.concurrent.ForkJoinPool.runWorker(ForkJoinPool.java:1622) ~[?:?]
	at java.util.concurrent.ForkJoinWorkerThread.run(ForkJoinWorkerThread.java:165) ~[?:?]
[02Sep2026 01:02:03.514] [Worker-Main-3/ERROR] [net.minecraftforge.common.ForgeHooks/]: Couldn't parse element loot_tables:bookofdragons:chests/mystery_burrow
com.google.gson.JsonSyntaxException: Expected name to be an item, was unknown string 'bookofdragons:hiddeouszippleback_egg'
	at net.minecraft.util.GsonHelper.m_13866_(GsonHelper.java:145) ~[server-1.20.1-20230612.114412-srg.jar%23420!/:?]
	at java.util.Optional.orElseThrow(Optional.java:403) ~[?:?]
	at net.minecraft.util.GsonHelper.m_13874_(GsonHelper.java:145) ~[server-1.20.1-20230612.114412-srg.jar%23420!/:?]
	at net.minecraft.util.GsonHelper.m_13909_(GsonHelper.java:153) ~[server-1.20.1-20230612.114412-srg.jar%23420!/:?]
	at net.minecraft.world.level.storage.loot.entries.LootItem$Serializer.m_7267_(LootItem.java:55) ~[server-1.20.1-20230612.114412-srg.jar%23420!/:?]
	at net.minecraft.world.level.storage.loot.entries.LootItem$Serializer.m_7267_(LootItem.java:40) ~[server-1.20.1-20230612.114412-srg.jar%23420!/:?]
	at net.minecraft.world.level.storage.loot.entries.LootPoolSingletonContainer$Serializer.m_5921_(LootPoolSingletonContainer.java:151) ~[server-1.20.1-20230612.114412-srg.jar%23420!/:?]
	at net.minecraft.world.level.storage.loot.entries.LootPoolSingletonContainer$Serializer.m_5921_(LootPoolSingletonContainer.java:129) ~[server-1.20.1-20230612.114412-srg.jar%23420!/:?]
	at net.minecraft.world.level.storage.loot.entries.LootPoolEntryContainer$Serializer.m_7561_(LootPoolEntryContainer.java:86) ~[server-1.20.1-20230612.114412-srg.jar%23420!/:?]
	at net.minecraft.world.level.storage.loot.entries.LootPoolEntryContainer$Serializer.m_7561_(LootPoolEntryContainer.java:74) ~[server-1.20.1-20230612.114412-srg.jar%23420!/:?]
	at net.minecraft.world.level.storage.loot.GsonAdapterFactory$JsonAdapter.deserialize(GsonAdapterFactory.java:102) ~[server-1.20.1-20230612.114412-srg.jar%23420!/:?]
	at com.google.gson.internal.bind.TreeTypeAdapter.read(TreeTypeAdapter.java:76) ~[gson-2.10.jar%2372!/:?]
	at com.google.gson.internal.bind.TypeAdapterRuntimeTypeWrapper.read(TypeAdapterRuntimeTypeWrapper.java:40) ~[gson-2.10.jar%2372!/:?]
	at com.google.gson.internal.bind.ArrayTypeAdapter.read(ArrayTypeAdapter.java:72) ~[gson-2.10.jar%2372!/:?]
	at com.google.gson.Gson.fromJson(Gson.java:1214) ~[gson-2.10.jar%2372!/:?]
	at com.google.gson.Gson.fromJson(Gson.java:1319) ~[gson-2.10.jar%2372!/:?]
	at com.google.gson.Gson.fromJson(Gson.java:1290) ~[gson-2.10.jar%2372!/:?]
	at com.google.gson.internal.bind.TreeTypeAdapter$GsonContextImpl.deserialize(TreeTypeAdapter.java:179) ~[gson-2.10.jar%2372!/:?]
	at net.minecraft.util.GsonHelper.m_13808_(GsonHelper.java:463) ~[server-1.20.1-20230612.114412-srg.jar%23420!/:?]
	at net.minecraft.util.GsonHelper.m_13836_(GsonHelper.java:471) ~[server-1.20.1-20230612.114412-srg.jar%23420!/:?]
	at net.minecraft.world.level.storage.loot.LootPool$Serializer.deserialize(LootPool.java:192) ~[server-1.20.1-20230612.114412-srg.jar%23420!/:?]
	at net.minecraft.world.level.storage.loot.LootPool$Serializer.deserialize(LootPool.java:189) ~[server-1.20.1-20230612.114412-srg.jar%23420!/:?]
	at com.google.gson.internal.bind.TreeTypeAdapter.read(TreeTypeAdapter.java:76) ~[gson-2.10.jar%2372!/:?]
	at com.google.gson.internal.bind.TypeAdapterRuntimeTypeWrapper.read(TypeAdapterRuntimeTypeWrapper.java:40) ~[gson-2.10.jar%2372!/:?]
	at com.google.gson.internal.bind.ArrayTypeAdapter.read(ArrayTypeAdapter.java:72) ~[gson-2.10.jar%2372!/:?]
	at com.google.gson.Gson.fromJson(Gson.java:1214) ~[gson-2.10.jar%2372!/:?]
	at com.google.gson.Gson.fromJson(Gson.java:1319) ~[gson-2.10.jar%2372!/:?]
	at com.google.gson.Gson.fromJson(Gson.java:1290) ~[gson-2.10.jar%2372!/:?]
	at com.google.gson.internal.bind.TreeTypeAdapter$GsonContextImpl.deserialize(TreeTypeAdapter.java:179) ~[gson-2.10.jar%2372!/:?]
	at net.minecraft.util.GsonHelper.m_13808_(GsonHelper.java:463) ~[server-1.20.1-20230612.114412-srg.jar%23420!/:?]
	at net.minecraft.util.GsonHelper.m_13845_(GsonHelper.java:481) ~[server-1.20.1-20230612.114412-srg.jar%23420!/:?]
	at net.minecraft.world.level.storage.loot.LootTable$Serializer.deserialize(LootTable.java:294) ~[server-1.20.1-20230612.114412-srg.jar%23420!/:?]
	at net.minecraft.world.level.storage.loot.LootTable$Serializer.deserialize(LootTable.java:291) ~[server-1.20.1-20230612.114412-srg.jar%23420!/:?]
	at com.google.gson.internal.bind.TreeTypeAdapter.read(TreeTypeAdapter.java:76) ~[gson-2.10.jar%2372!/:?]
	at com.google.gson.Gson.fromJson(Gson.java:1214) ~[gson-2.10.jar%2372!/:?]
	at com.google.gson.Gson.fromJson(Gson.java:1319) ~[gson-2.10.jar%2372!/:?]
	at com.google.gson.Gson.fromJson(Gson.java:1261) ~[gson-2.10.jar%2372!/:?]
	at net.minecraftforge.common.ForgeHooks.loadLootTable(ForgeHooks.java:871) ~[forge-1.20.1-47.4.4-universal.jar%23425!/:?]
	at net.minecraftforge.common.ForgeHooks.lambda$getLootTableDeserializer$3(ForgeHooks.java:848) ~[forge-1.20.1-47.4.4-universal.jar%23425!/:?]
	at net.minecraft.world.level.storage.loot.LootDataType.deserialize(LootDataType.java:45) ~[server-1.20.1-20230612.114412-srg.jar%23420!/:?]
	at net.minecraft.world.level.storage.loot.LootDataManager.lambda$scheduleElementParse$4(LootDataManager.java:56) ~[server-1.20.1-20230612.114412-srg.jar%23420!/:?]
	at java.util.HashMap.forEach(HashMap.java:1421) ~[?:?]
	at net.minecraft.world.level.storage.loot.LootDataManager.m_278660_(LootDataManager.java:55) ~[server-1.20.1-20230612.114412-srg.jar%23420!/:?]
	at java.util.concurrent.CompletableFuture$AsyncRun.run(CompletableFuture.java:1804) ~[?:?]
	at java.util.concurrent.CompletableFuture$AsyncRun.exec(CompletableFuture.java:1796) ~[?:?]
	at java.util.concurrent.ForkJoinTask.doExec(ForkJoinTask.java:373) ~[?:?]
	at java.util.concurrent.ForkJoinPool$WorkQueue.topLevelExec(ForkJoinPool.java:1182) ~[?:?]
	at java.util.concurrent.ForkJoinPool.scan(ForkJoinPool.java:1655) ~[?:?]
	at java.util.concurrent.ForkJoinPool.runWorker(ForkJoinPool.java:1622) ~[?:?]
	at java.util.concurrent.ForkJoinWorkerThread.run(ForkJoinWorkerThread.java:165) ~[?:?]
[02Sep2026 01:02:03.580] [Worker-Main-3/ERROR] [net.minecraftforge.common.ForgeHooks/]: Couldn't parse element loot_tables:beyonddimensions:blocks/rs_net_pathway
com.google.gson.JsonSyntaxException: Expected name to be an item, was unknown string 'beyonddimensions:rs_net_pathway'
	at net.minecraft.util.GsonHelper.m_13866_(GsonHelper.java:145) ~[server-1.20.1-20230612.114412-srg.jar%23420!/:?]
	at java.util.Optional.orElseThrow(Optional.java:403) ~[?:?]
	at net.minecraft.util.GsonHelper.m_13874_(GsonHelper.java:145) ~[server-1.20.1-20230612.114412-srg.jar%23420!/:?]
	at net.minecraft.util.GsonHelper.m_13909_(GsonHelper.java:153) ~[server-1.20.1-20230612.114412-srg.jar%23420!/:?]
	at net.minecraft.world.level.storage.loot.entries.LootItem$Serializer.m_7267_(LootItem.java:55) ~[server-1.20.1-20230612.114412-srg.jar%23420!/:?]
	at net.minecraft.world.level.storage.loot.entries.LootItem$Serializer.m_7267_(LootItem.java:40) ~[server-1.20.1-20230612.114412-srg.jar%23420!/:?]
	at net.minecraft.world.level.storage.loot.entries.LootPoolSingletonContainer$Serializer.m_5921_(LootPoolSingletonContainer.java:151) ~[server-1.20.1-20230612.114412-srg.jar%23420!/:?]
	at net.minecraft.world.level.storage.loot.entries.LootPoolSingletonContainer$Serializer.m_5921_(LootPoolSingletonContainer.java:129) ~[server-1.20.1-20230612.114412-srg.jar%23420!/:?]
	at net.minecraft.world.level.storage.loot.entries.LootPoolEntryContainer$Serializer.m_7561_(LootPoolEntryContainer.java:86) ~[server-1.20.1-20230612.114412-srg.jar%23420!/:?]
	at net.minecraft.world.level.storage.loot.entries.LootPoolEntryContainer$Serializer.m_7561_(LootPoolEntryContainer.java:74) ~[server-1.20.1-20230612.114412-srg.jar%23420!/:?]
	at net.minecraft.world.level.storage.loot.GsonAdapterFactory$JsonAdapter.deserialize(GsonAdapterFactory.java:102) ~[server-1.20.1-20230612.114412-srg.jar%23420!/:?]
	at com.google.gson.internal.bind.TreeTypeAdapter.read(TreeTypeAdapter.java:76) ~[gson-2.10.jar%2372!/:?]
	at com.google.gson.internal.bind.TypeAdapterRuntimeTypeWrapper.read(TypeAdapterRuntimeTypeWrapper.java:40) ~[gson-2.10.jar%2372!/:?]
	at com.google.gson.internal.bind.ArrayTypeAdapter.read(ArrayTypeAdapter.java:72) ~[gson-2.10.jar%2372!/:?]
	at com.google.gson.Gson.fromJson(Gson.java:1214) ~[gson-2.10.jar%2372!/:?]
	at com.google.gson.Gson.fromJson(Gson.java:1319) ~[gson-2.10.jar%2372!/:?]
	at com.google.gson.Gson.fromJson(Gson.java:1290) ~[gson-2.10.jar%2372!/:?]
	at com.google.gson.internal.bind.TreeTypeAdapter$GsonContextImpl.deserialize(TreeTypeAdapter.java:179) ~[gson-2.10.jar%2372!/:?]
	at net.minecraft.util.GsonHelper.m_13808_(GsonHelper.java:463) ~[server-1.20.1-20230612.114412-srg.jar%23420!/:?]
	at net.minecraft.util.GsonHelper.m_13836_(GsonHelper.java:471) ~[server-1.20.1-20230612.114412-srg.jar%23420!/:?]
	at net.minecraft.world.level.storage.loot.LootPool$Serializer.deserialize(LootPool.java:192) ~[server-1.20.1-20230612.114412-srg.jar%23420!/:?]
	at net.minecraft.world.level.storage.loot.LootPool$Serializer.deserialize(LootPool.java:189) ~[server-1.20.1-20230612.114412-srg.jar%23420!/:?]
	at com.google.gson.internal.bind.TreeTypeAdapter.read(TreeTypeAdapter.java:76) ~[gson-2.10.jar%2372!/:?]
	at com.google.gson.internal.bind.TypeAdapterRuntimeTypeWrapper.read(TypeAdapterRuntimeTypeWrapper.java:40) ~[gson-2.10.jar%2372!/:?]
	at com.google.gson.internal.bind.ArrayTypeAdapter.read(ArrayTypeAdapter.java:72) ~[gson-2.10.jar%2372!/:?]
	at com.google.gson.Gson.fromJson(Gson.java:1214) ~[gson-2.10.jar%2372!/:?]
	at com.google.gson.Gson.fromJson(Gson.java:1319) ~[gson-2.10.jar%2372!/:?]
	at com.google.gson.Gson.fromJson(Gson.java:1290) ~[gson-2.10.jar%2372!/:?]
	at com.google.gson.internal.bind.TreeTypeAdapter$GsonContextImpl.deserialize(TreeTypeAdapter.java:179) ~[gson-2.10.jar%2372!/:?]
	at net.minecraft.util.GsonHelper.m_13808_(GsonHelper.java:463) ~[server-1.20.1-20230612.114412-srg.jar%23420!/:?]
	at net.minecraft.util.GsonHelper.m_13845_(GsonHelper.java:481) ~[server-1.20.1-20230612.114412-srg.jar%23420!/:?]
	at net.minecraft.world.level.storage.loot.LootTable$Serializer.deserialize(LootTable.java:294) ~[server-1.20.1-20230612.114412-srg.jar%23420!/:?]
	at net.minecraft.world.level.storage.loot.LootTable$Serializer.deserialize(LootTable.java:291) ~[server-1.20.1-20230612.114412-srg.jar%23420!/:?]
	at com.google.gson.internal.bind.TreeTypeAdapter.read(TreeTypeAdapter.java:76) ~[gson-2.10.jar%2372!/:?]
	at com.google.gson.Gson.fromJson(Gson.java:1214) ~[gson-2.10.jar%2372!/:?]
	at com.google.gson.Gson.fromJson(Gson.java:1319) ~[gson-2.10.jar%2372!/:?]
	at com.google.gson.Gson.fromJson(Gson.java:1261) ~[gson-2.10.jar%2372!/:?]
	at net.minecraftforge.common.ForgeHooks.loadLootTable(ForgeHooks.java:871) ~[forge-1.20.1-47.4.4-universal.jar%23425!/:?]
	at net.minecraftforge.common.ForgeHooks.lambda$getLootTableDeserializer$3(ForgeHooks.java:848) ~[forge-1.20.1-47.4.4-universal.jar%23425!/:?]
	at net.minecraft.world.level.storage.loot.LootDataType.deserialize(LootDataType.java:45) ~[server-1.20.1-20230612.114412-srg.jar%23420!/:?]
	at net.minecraft.world.level.storage.loot.LootDataManager.lambda$scheduleElementParse$4(LootDataManager.java:56) ~[server-1.20.1-20230612.114412-srg.jar%23420!/:?]
	at java.util.HashMap.forEach(HashMap.java:1421) ~[?:?]
	at net.minecraft.world.level.storage.loot.LootDataManager.m_278660_(LootDataManager.java:55) ~[server-1.20.1-20230612.114412-srg.jar%23420!/:?]
	at java.util.concurrent.CompletableFuture$AsyncRun.run(CompletableFuture.java:1804) ~[?:?]
	at java.util.concurrent.CompletableFuture$AsyncRun.exec(CompletableFuture.java:1796) ~[?:?]
	at java.util.concurrent.ForkJoinTask.doExec(ForkJoinTask.java:373) ~[?:?]
	at java.util.concurrent.ForkJoinPool$WorkQueue.topLevelExec(ForkJoinPool.java:1182) ~[?:?]
	at java.util.concurrent.ForkJoinPool.scan(ForkJoinPool.java:1655) ~[?:?]
	at java.util.concurrent.ForkJoinPool.runWorker(ForkJoinPool.java:1622) ~[?:?]
	at java.util.concurrent.ForkJoinWorkerThread.run(ForkJoinWorkerThread.java:165) ~[?:?]
[02Sep2026 01:02:03.832] [Worker-Main-3/ERROR] [net.minecraftforge.common.ForgeHooks/]: Couldn't parse element loot_tables:beyonddimensions:blocks/ars_source_pathway
com.google.gson.JsonSyntaxException: Expected name to be an item, was unknown string 'beyonddimensions:ars_source_pathway'
	at net.minecraft.util.GsonHelper.m_13866_(GsonHelper.java:145) ~[server-1.20.1-20230612.114412-srg.jar%23420!/:?]
	at java.util.Optional.orElseThrow(Optional.java:403) ~[?:?]
	at net.minecraft.util.GsonHelper.m_13874_(GsonHelper.java:145) ~[server-1.20.1-20230612.114412-srg.jar%23420!/:?]
	at net.minecraft.util.GsonHelper.m_13909_(GsonHelper.java:153) ~[server-1.20.1-20230612.114412-srg.jar%23420!/:?]
	at net.minecraft.world.level.storage.loot.entries.LootItem$Serializer.m_7267_(LootItem.java:55) ~[server-1.20.1-20230612.114412-srg.jar%23420!/:?]
	at net.minecraft.world.level.storage.loot.entries.LootItem$Serializer.m_7267_(LootItem.java:40) ~[server-1.20.1-20230612.114412-srg.jar%23420!/:?]
	at net.minecraft.world.level.storage.loot.entries.LootPoolSingletonContainer$Serializer.m_5921_(LootPoolSingletonContainer.java:151) ~[server-1.20.1-20230612.114412-srg.jar%23420!/:?]
	at net.minecraft.world.level.storage.loot.entries.LootPoolSingletonContainer$Serializer.m_5921_(LootPoolSingletonContainer.java:129) ~[server-1.20.1-20230612.114412-srg.jar%23420!/:?]
	at net.minecraft.world.level.storage.loot.entries.LootPoolEntryContainer$Serializer.m_7561_(LootPoolEntryContainer.java:86) ~[server-1.20.1-20230612.114412-srg.jar%23420!/:?]
	at net.minecraft.world.level.storage.loot.entries.LootPoolEntryContainer$Serializer.m_7561_(LootPoolEntryContainer.java:74) ~[server-1.20.1-20230612.114412-srg.jar%23420!/:?]
	at net.minecraft.world.level.storage.loot.GsonAdapterFactory$JsonAdapter.deserialize(GsonAdapterFactory.java:102) ~[server-1.20.1-20230612.114412-srg.jar%23420!/:?]
	at com.google.gson.internal.bind.TreeTypeAdapter.read(TreeTypeAdapter.java:76) ~[gson-2.10.jar%2372!/:?]
	at com.google.gson.internal.bind.TypeAdapterRuntimeTypeWrapper.read(TypeAdapterRuntimeTypeWrapper.java:40) ~[gson-2.10.jar%2372!/:?]
	at com.google.gson.internal.bind.ArrayTypeAdapter.read(ArrayTypeAdapter.java:72) ~[gson-2.10.jar%2372!/:?]
	at com.google.gson.Gson.fromJson(Gson.java:1214) ~[gson-2.10.jar%2372!/:?]
	at com.google.gson.Gson.fromJson(Gson.java:1319) ~[gson-2.10.jar%2372!/:?]
	at com.google.gson.Gson.fromJson(Gson.java:1290) ~[gson-2.10.jar%2372!/:?]
	at com.google.gson.internal.bind.TreeTypeAdapter$GsonContextImpl.deserialize(TreeTypeAdapter.java:179) ~[gson-2.10.jar%2372!/:?]
	at net.minecraft.util.GsonHelper.m_13808_(GsonHelper.java:463) ~[server-1.20.1-20230612.114412-srg.jar%23420!/:?]
	at net.minecraft.util.GsonHelper.m_13836_(GsonHelper.java:471) ~[server-1.20.1-20230612.114412-srg.jar%23420!/:?]
	at net.minecraft.world.level.storage.loot.LootPool$Serializer.deserialize(LootPool.java:192) ~[server-1.20.1-20230612.114412-srg.jar%23420!/:?]
	at net.minecraft.world.level.storage.loot.LootPool$Serializer.deserialize(LootPool.java:189) ~[server-1.20.1-20230612.114412-srg.jar%23420!/:?]
	at com.google.gson.internal.bind.TreeTypeAdapter.read(TreeTypeAdapter.java:76) ~[gson-2.10.jar%2372!/:?]
	at com.google.gson.internal.bind.TypeAdapterRuntimeTypeWrapper.read(TypeAdapterRuntimeTypeWrapper.java:40) ~[gson-2.10.jar%2372!/:?]
	at com.google.gson.internal.bind.ArrayTypeAdapter.read(ArrayTypeAdapter.java:72) ~[gson-2.10.jar%2372!/:?]
	at com.google.gson.Gson.fromJson(Gson.java:1214) ~[gson-2.10.jar%2372!/:?]
	at com.google.gson.Gson.fromJson(Gson.java:1319) ~[gson-2.10.jar%2372!/:?]
	at com.google.gson.Gson.fromJson(Gson.java:1290) ~[gson-2.10.jar%2372!/:?]
	at com.google.gson.internal.bind.TreeTypeAdapter$GsonContextImpl.deserialize(TreeTypeAdapter.java:179) ~[gson-2.10.jar%2372!/:?]
	at net.minecraft.util.GsonHelper.m_13808_(GsonHelper.java:463) ~[server-1.20.1-20230612.114412-srg.jar%23420!/:?]
	at net.minecraft.util.GsonHelper.m_13845_(GsonHelper.java:481) ~[server-1.20.1-20230612.114412-srg.jar%23420!/:?]
	at net.minecraft.world.level.storage.loot.LootTable$Serializer.deserialize(LootTable.java:294) ~[server-1.20.1-20230612.114412-srg.jar%23420!/:?]
	at net.minecraft.world.level.storage.loot.LootTable$Serializer.deserialize(LootTable.java:291) ~[server-1.20.1-20230612.114412-srg.jar%23420!/:?]
	at com.google.gson.internal.bind.TreeTypeAdapter.read(TreeTypeAdapter.java:76) ~[gson-2.10.jar%2372!/:?]
	at com.google.gson.Gson.fromJson(Gson.java:1214) ~[gson-2.10.jar%2372!/:?]
	at com.google.gson.Gson.fromJson(Gson.java:1319) ~[gson-2.10.jar%2372!/:?]
	at com.google.gson.Gson.fromJson(Gson.java:1261) ~[gson-2.10.jar%2372!/:?]
	at net.minecraftforge.common.ForgeHooks.loadLootTable(ForgeHooks.java:871) ~[forge-1.20.1-47.4.4-universal.jar%23425!/:?]
	at net.minecraftforge.common.ForgeHooks.lambda$getLootTableDeserializer$3(ForgeHooks.java:848) ~[forge-1.20.1-47.4.4-universal.jar%23425!/:?]
	at net.minecraft.world.level.storage.loot.LootDataType.deserialize(LootDataType.java:45) ~[server-1.20.1-20230612.114412-srg.jar%23420!/:?]
	at net.minecraft.world.level.storage.loot.LootDataManager.lambda$scheduleElementParse$4(LootDataManager.java:56) ~[server-1.20.1-20230612.114412-srg.jar%23420!/:?]
	at java.util.HashMap.forEach(HashMap.java:1421) ~[?:?]
	at net.minecraft.world.level.storage.loot.LootDataManager.m_278660_(LootDataManager.java:55) ~[server-1.20.1-20230612.114412-srg.jar%23420!/:?]
	at java.util.concurrent.CompletableFuture$AsyncRun.run(CompletableFuture.java:1804) ~[?:?]
	at java.util.concurrent.CompletableFuture$AsyncRun.exec(CompletableFuture.java:1796) ~[?:?]
	at java.util.concurrent.ForkJoinTask.doExec(ForkJoinTask.java:373) ~[?:?]
	at java.util.concurrent.ForkJoinPool$WorkQueue.topLevelExec(ForkJoinPool.java:1182) ~[?:?]
	at java.util.concurrent.ForkJoinPool.scan(ForkJoinPool.java:1655) ~[?:?]
	at java.util.concurrent.ForkJoinPool.runWorker(ForkJoinPool.java:1622) ~[?:?]
	at java.util.concurrent.ForkJoinWorkerThread.run(ForkJoinWorkerThread.java:165) ~[?:?]
[02Sep2026 01:02:03.848] [Worker-Main-3/ERROR] [net.minecraftforge.common.ForgeHooks/]: Couldn't parse element loot_tables:beyonddimensions:blocks/schematicannon_pathway
com.google.gson.JsonSyntaxException: Expected name to be an item, was unknown string 'beyonddimensions:schematicannon_pathway'
	at net.minecraft.util.GsonHelper.m_13866_(GsonHelper.java:145) ~[server-1.20.1-20230612.114412-srg.jar%23420!/:?]
	at java.util.Optional.orElseThrow(Optional.java:403) ~[?:?]
	at net.minecraft.util.GsonHelper.m_13874_(GsonHelper.java:145) ~[server-1.20.1-20230612.114412-srg.jar%23420!/:?]
	at net.minecraft.util.GsonHelper.m_13909_(GsonHelper.java:153) ~[server-1.20.1-20230612.114412-srg.jar%23420!/:?]
	at net.minecraft.world.level.storage.loot.entries.LootItem$Serializer.m_7267_(LootItem.java:55) ~[server-1.20.1-20230612.114412-srg.jar%23420!/:?]
	at net.minecraft.world.level.storage.loot.entries.LootItem$Serializer.m_7267_(LootItem.java:40) ~[server-1.20.1-20230612.114412-srg.jar%23420!/:?]
	at net.minecraft.world.level.storage.loot.entries.LootPoolSingletonContainer$Serializer.m_5921_(LootPoolSingletonContainer.java:151) ~[server-1.20.1-20230612.114412-srg.jar%23420!/:?]
	at net.minecraft.world.level.storage.loot.entries.LootPoolSingletonContainer$Serializer.m_5921_(LootPoolSingletonContainer.java:129) ~[server-1.20.1-20230612.114412-srg.jar%23420!/:?]
	at net.minecraft.world.level.storage.loot.entries.LootPoolEntryContainer$Serializer.m_7561_(LootPoolEntryContainer.java:86) ~[server-1.20.1-20230612.114412-srg.jar%23420!/:?]
	at net.minecraft.world.level.storage.loot.entries.LootPoolEntryContainer$Serializer.m_7561_(LootPoolEntryContainer.java:74) ~[server-1.20.1-20230612.114412-srg.jar%23420!/:?]
	at net.minecraft.world.level.storage.loot.GsonAdapterFactory$JsonAdapter.deserialize(GsonAdapterFactory.java:102) ~[server-1.20.1-20230612.114412-srg.jar%23420!/:?]
	at com.google.gson.internal.bind.TreeTypeAdapter.read(TreeTypeAdapter.java:76) ~[gson-2.10.jar%2372!/:?]
	at com.google.gson.internal.bind.TypeAdapterRuntimeTypeWrapper.read(TypeAdapterRuntimeTypeWrapper.java:40) ~[gson-2.10.jar%2372!/:?]
	at com.google.gson.internal.bind.ArrayTypeAdapter.read(ArrayTypeAdapter.java:72) ~[gson-2.10.jar%2372!/:?]
	at com.google.gson.Gson.fromJson(Gson.java:1214) ~[gson-2.10.jar%2372!/:?]
	at com.google.gson.Gson.fromJson(Gson.java:1319) ~[gson-2.10.jar%2372!/:?]
	at com.google.gson.Gson.fromJson(Gson.java:1290) ~[gson-2.10.jar%2372!/:?]
	at com.google.gson.internal.bind.TreeTypeAdapter$GsonContextImpl.deserialize(TreeTypeAdapter.java:179) ~[gson-2.10.jar%2372!/:?]
	at net.minecraft.util.GsonHelper.m_13808_(GsonHelper.java:463) ~[server-1.20.1-20230612.114412-srg.jar%23420!/:?]
	at net.minecraft.util.GsonHelper.m_13836_(GsonHelper.java:471) ~[server-1.20.1-20230612.114412-srg.jar%23420!/:?]
	at net.minecraft.world.level.storage.loot.LootPool$Serializer.deserialize(LootPool.java:192) ~[server-1.20.1-20230612.114412-srg.jar%23420!/:?]
	at net.minecraft.world.level.storage.loot.LootPool$Serializer.deserialize(LootPool.java:189) ~[server-1.20.1-20230612.114412-srg.jar%23420!/:?]
	at com.google.gson.internal.bind.TreeTypeAdapter.read(TreeTypeAdapter.java:76) ~[gson-2.10.jar%2372!/:?]
	at com.google.gson.internal.bind.TypeAdapterRuntimeTypeWrapper.read(TypeAdapterRuntimeTypeWrapper.java:40) ~[gson-2.10.jar%2372!/:?]
	at com.google.gson.internal.bind.ArrayTypeAdapter.read(ArrayTypeAdapter.java:72) ~[gson-2.10.jar%2372!/:?]
	at com.google.gson.Gson.fromJson(Gson.java:1214) ~[gson-2.10.jar%2372!/:?]
	at com.google.gson.Gson.fromJson(Gson.java:1319) ~[gson-2.10.jar%2372!/:?]
	at com.google.gson.Gson.fromJson(Gson.java:1290) ~[gson-2.10.jar%2372!/:?]
	at com.google.gson.internal.bind.TreeTypeAdapter$GsonContextImpl.deserialize(TreeTypeAdapter.java:179) ~[gson-2.10.jar%2372!/:?]
	at net.minecraft.util.GsonHelper.m_13808_(GsonHelper.java:463) ~[server-1.20.1-20230612.114412-srg.jar%23420!/:?]
	at net.minecraft.util.GsonHelper.m_13845_(GsonHelper.java:481) ~[server-1.20.1-20230612.114412-srg.jar%23420!/:?]
	at net.minecraft.world.level.storage.loot.LootTable$Serializer.deserialize(LootTable.java:294) ~[server-1.20.1-20230612.114412-srg.jar%23420!/:?]
	at net.minecraft.world.level.storage.loot.LootTable$Serializer.deserialize(LootTable.java:291) ~[server-1.20.1-20230612.114412-srg.jar%23420!/:?]
	at com.google.gson.internal.bind.TreeTypeAdapter.read(TreeTypeAdapter.java:76) ~[gson-2.10.jar%2372!/:?]
	at com.google.gson.Gson.fromJson(Gson.java:1214) ~[gson-2.10.jar%2372!/:?]
	at com.google.gson.Gson.fromJson(Gson.java:1319) ~[gson-2.10.jar%2372!/:?]
	at com.google.gson.Gson.fromJson(Gson.java:1261) ~[gson-2.10.jar%2372!/:?]
	at net.minecraftforge.common.ForgeHooks.loadLootTable(ForgeHooks.java:871) ~[forge-1.20.1-47.4.4-universal.jar%23425!/:?]
	at net.minecraftforge.common.ForgeHooks.lambda$getLootTableDeserializer$3(ForgeHooks.java:848) ~[forge-1.20.1-47.4.4-universal.jar%23425!/:?]
	at net.minecraft.world.level.storage.loot.LootDataType.deserialize(LootDataType.java:45) ~[server-1.20.1-20230612.114412-srg.jar%23420!/:?]
	at net.minecraft.world.level.storage.loot.LootDataManager.lambda$scheduleElementParse$4(LootDataManager.java:56) ~[server-1.20.1-20230612.114412-srg.jar%23420!/:?]
	at java.util.HashMap.forEach(HashMap.java:1421) ~[?:?]
	at net.minecraft.world.level.storage.loot.LootDataManager.m_278660_(LootDataManager.java:55) ~[server-1.20.1-20230612.114412-srg.jar%23420!/:?]
	at java.util.concurrent.CompletableFuture$AsyncRun.run(CompletableFuture.java:1804) ~[?:?]
	at java.util.concurrent.CompletableFuture$AsyncRun.exec(CompletableFuture.java:1796) ~[?:?]
	at java.util.concurrent.ForkJoinTask.doExec(ForkJoinTask.java:373) ~[?:?]
	at java.util.concurrent.ForkJoinPool$WorkQueue.topLevelExec(ForkJoinPool.java:1182) ~[?:?]
	at java.util.concurrent.ForkJoinPool.scan(ForkJoinPool.java:1655) ~[?:?]
	at java.util.concurrent.ForkJoinPool.runWorker(ForkJoinPool.java:1622) ~[?:?]
	at java.util.concurrent.ForkJoinWorkerThread.run(ForkJoinWorkerThread.java:165) ~[?:?]
[02Sep2026 01:02:06.391] [Worker-Main-3/ERROR] [net.minecraftforge.common.ForgeHooks/]: Couldn't parse element loot_tables:aquamirae:entities/captain_cornelia
com.google.gson.JsonSyntaxException: Expected name to be an item, was unknown string 'aquamirae:coral_lance'
	at net.minecraft.util.GsonHelper.m_13866_(GsonHelper.java:145) ~[server-1.20.1-20230612.114412-srg.jar%23420!/:?]
	at java.util.Optional.orElseThrow(Optional.java:403) ~[?:?]
	at net.minecraft.util.GsonHelper.m_13874_(GsonHelper.java:145) ~[server-1.20.1-20230612.114412-srg.jar%23420!/:?]
	at net.minecraft.util.GsonHelper.m_13909_(GsonHelper.java:153) ~[server-1.20.1-20230612.114412-srg.jar%23420!/:?]
	at net.minecraft.world.level.storage.loot.entries.LootItem$Serializer.m_7267_(LootItem.java:55) ~[server-1.20.1-20230612.114412-srg.jar%23420!/:?]
	at net.minecraft.world.level.storage.loot.entries.LootItem$Serializer.m_7267_(LootItem.java:40) ~[server-1.20.1-20230612.114412-srg.jar%23420!/:?]
	at net.minecraft.world.level.storage.loot.entries.LootPoolSingletonContainer$Serializer.m_5921_(LootPoolSingletonContainer.java:151) ~[server-1.20.1-20230612.114412-srg.jar%23420!/:?]
	at net.minecraft.world.level.storage.loot.entries.LootPoolSingletonContainer$Serializer.m_5921_(LootPoolSingletonContainer.java:129) ~[server-1.20.1-20230612.114412-srg.jar%23420!/:?]
	at net.minecraft.world.level.storage.loot.entries.LootPoolEntryContainer$Serializer.m_7561_(LootPoolEntryContainer.java:86) ~[server-1.20.1-20230612.114412-srg.jar%23420!/:?]
	at net.minecraft.world.level.storage.loot.entries.LootPoolEntryContainer$Serializer.m_7561_(LootPoolEntryContainer.java:74) ~[server-1.20.1-20230612.114412-srg.jar%23420!/:?]
	at net.minecraft.world.level.storage.loot.GsonAdapterFactory$JsonAdapter.deserialize(GsonAdapterFactory.java:102) ~[server-1.20.1-20230612.114412-srg.jar%23420!/:?]
	at com.google.gson.internal.bind.TreeTypeAdapter.read(TreeTypeAdapter.java:76) ~[gson-2.10.jar%2372!/:?]
	at com.google.gson.internal.bind.TypeAdapterRuntimeTypeWrapper.read(TypeAdapterRuntimeTypeWrapper.java:40) ~[gson-2.10.jar%2372!/:?]
	at com.google.gson.internal.bind.ArrayTypeAdapter.read(ArrayTypeAdapter.java:72) ~[gson-2.10.jar%2372!/:?]
	at com.google.gson.Gson.fromJson(Gson.java:1214) ~[gson-2.10.jar%2372!/:?]
	at com.google.gson.Gson.fromJson(Gson.java:1319) ~[gson-2.10.jar%2372!/:?]
	at com.google.gson.Gson.fromJson(Gson.java:1290) ~[gson-2.10.jar%2372!/:?]
	at com.google.gson.internal.bind.TreeTypeAdapter$GsonContextImpl.deserialize(TreeTypeAdapter.java:179) ~[gson-2.10.jar%2372!/:?]
	at net.minecraft.util.GsonHelper.m_13808_(GsonHelper.java:463) ~[server-1.20.1-20230612.114412-srg.jar%23420!/:?]
	at net.minecraft.util.GsonHelper.m_13836_(GsonHelper.java:471) ~[server-1.20.1-20230612.114412-srg.jar%23420!/:?]
	at net.minecraft.world.level.storage.loot.LootPool$Serializer.deserialize(LootPool.java:192) ~[server-1.20.1-20230612.114412-srg.jar%23420!/:?]
	at net.minecraft.world.level.storage.loot.LootPool$Serializer.deserialize(LootPool.java:189) ~[server-1.20.1-20230612.114412-srg.jar%23420!/:?]
	at com.google.gson.internal.bind.TreeTypeAdapter.read(TreeTypeAdapter.java:76) ~[gson-2.10.jar%2372!/:?]
	at com.google.gson.internal.bind.TypeAdapterRuntimeTypeWrapper.read(TypeAdapterRuntimeTypeWrapper.java:40) ~[gson-2.10.jar%2372!/:?]
	at com.google.gson.internal.bind.ArrayTypeAdapter.read(ArrayTypeAdapter.java:72) ~[gson-2.10.jar%2372!/:?]
	at com.google.gson.Gson.fromJson(Gson.java:1214) ~[gson-2.10.jar%2372!/:?]
	at com.google.gson.Gson.fromJson(Gson.java:1319) ~[gson-2.10.jar%2372!/:?]
	at com.google.gson.Gson.fromJson(Gson.java:1290) ~[gson-2.10.jar%2372!/:?]
	at com.google.gson.internal.bind.TreeTypeAdapter$GsonContextImpl.deserialize(TreeTypeAdapter.java:179) ~[gson-2.10.jar%2372!/:?]
	at net.minecraft.util.GsonHelper.m_13808_(GsonHelper.java:463) ~[server-1.20.1-20230612.114412-srg.jar%23420!/:?]
	at net.minecraft.util.GsonHelper.m_13845_(GsonHelper.java:481) ~[server-1.20.1-20230612.114412-srg.jar%23420!/:?]
	at net.minecraft.world.level.storage.loot.LootTable$Serializer.deserialize(LootTable.java:294) ~[server-1.20.1-20230612.114412-srg.jar%23420!/:?]
	at net.minecraft.world.level.storage.loot.LootTable$Serializer.deserialize(LootTable.java:291) ~[server-1.20.1-20230612.114412-srg.jar%23420!/:?]
	at com.google.gson.internal.bind.TreeTypeAdapter.read(TreeTypeAdapter.java:76) ~[gson-2.10.jar%2372!/:?]
	at com.google.gson.Gson.fromJson(Gson.java:1214) ~[gson-2.10.jar%2372!/:?]
	at com.google.gson.Gson.fromJson(Gson.java:1319) ~[gson-2.10.jar%2372!/:?]
	at com.google.gson.Gson.fromJson(Gson.java:1261) ~[gson-2.10.jar%2372!/:?]
	at net.minecraftforge.common.ForgeHooks.loadLootTable(ForgeHooks.java:871) ~[forge-1.20.1-47.4.4-universal.jar%23425!/:?]
	at net.minecraftforge.common.ForgeHooks.lambda$getLootTableDeserializer$3(ForgeHooks.java:848) ~[forge-1.20.1-47.4.4-universal.jar%23425!/:?]
	at net.minecraft.world.level.storage.loot.LootDataType.deserialize(LootDataType.java:45) ~[server-1.20.1-20230612.114412-srg.jar%23420!/:?]
	at net.minecraft.world.level.storage.loot.LootDataManager.lambda$scheduleElementParse$4(LootDataManager.java:56) ~[server-1.20.1-20230612.114412-srg.jar%23420!/:?]
	at java.util.HashMap.forEach(HashMap.java:1421) ~[?:?]
	at net.minecraft.world.level.storage.loot.LootDataManager.m_278660_(LootDataManager.java:55) ~[server-1.20.1-20230612.114412-srg.jar%23420!/:?]
	at java.util.concurrent.CompletableFuture$AsyncRun.run(CompletableFuture.java:1804) ~[?:?]
	at java.util.concurrent.CompletableFuture$AsyncRun.exec(CompletableFuture.java:1796) ~[?:?]
	at java.util.concurrent.ForkJoinTask.doExec(ForkJoinTask.java:373) ~[?:?]
	at java.util.concurrent.ForkJoinPool$WorkQueue.topLevelExec(ForkJoinPool.java:1182) ~[?:?]
	at java.util.concurrent.ForkJoinPool.scan(ForkJoinPool.java:1655) ~[?:?]
	at java.util.concurrent.ForkJoinPool.runWorker(ForkJoinPool.java:1622) ~[?:?]
	at java.util.concurrent.ForkJoinWorkerThread.run(ForkJoinWorkerThread.java:165) ~[?:?]
[02Sep2026 01:02:07.395] [Worker-Main-3/ERROR] [net.minecraftforge.common.ForgeHooks/]: Couldn't parse element loot_tables:irons_spellbooks:chests/citadel/citadel_tomes
com.google.gson.JsonSyntaxException: Unknown type 'minecraft:set_written_book_pages'
	at net.minecraft.world.level.storage.loot.GsonAdapterFactory$JsonAdapter.deserialize(GsonAdapterFactory.java:99) ~[server-1.20.1-20230612.114412-srg.jar%23420!/:?]
	at com.google.gson.internal.bind.TreeTypeAdapter.read(TreeTypeAdapter.java:76) ~[gson-2.10.jar%2372!/:?]
	at com.google.gson.internal.bind.TypeAdapterRuntimeTypeWrapper.read(TypeAdapterRuntimeTypeWrapper.java:40) ~[gson-2.10.jar%2372!/:?]
	at com.google.gson.internal.bind.ArrayTypeAdapter.read(ArrayTypeAdapter.java:72) ~[gson-2.10.jar%2372!/:?]
	at com.google.gson.Gson.fromJson(Gson.java:1214) ~[gson-2.10.jar%2372!/:?]
	at com.google.gson.Gson.fromJson(Gson.java:1319) ~[gson-2.10.jar%2372!/:?]
	at com.google.gson.Gson.fromJson(Gson.java:1290) ~[gson-2.10.jar%2372!/:?]
	at com.google.gson.internal.bind.TreeTypeAdapter$GsonContextImpl.deserialize(TreeTypeAdapter.java:179) ~[gson-2.10.jar%2372!/:?]
	at net.minecraft.util.GsonHelper.m_13808_(GsonHelper.java:463) ~[server-1.20.1-20230612.114412-srg.jar%23420!/:?]
	at net.minecraft.util.GsonHelper.m_13845_(GsonHelper.java:481) ~[server-1.20.1-20230612.114412-srg.jar%23420!/:?]
	at net.minecraft.world.level.storage.loot.entries.LootPoolSingletonContainer$Serializer.m_5921_(LootPoolSingletonContainer.java:149) ~[server-1.20.1-20230612.114412-srg.jar%23420!/:?]
	at net.minecraft.world.level.storage.loot.entries.LootPoolSingletonContainer$Serializer.m_5921_(LootPoolSingletonContainer.java:129) ~[server-1.20.1-20230612.114412-srg.jar%23420!/:?]
	at net.minecraft.world.level.storage.loot.entries.LootPoolEntryContainer$Serializer.m_7561_(LootPoolEntryContainer.java:86) ~[server-1.20.1-20230612.114412-srg.jar%23420!/:?]
	at net.minecraft.world.level.storage.loot.entries.LootPoolEntryContainer$Serializer.m_7561_(LootPoolEntryContainer.java:74) ~[server-1.20.1-20230612.114412-srg.jar%23420!/:?]
	at net.minecraft.world.level.storage.loot.GsonAdapterFactory$JsonAdapter.deserialize(GsonAdapterFactory.java:102) ~[server-1.20.1-20230612.114412-srg.jar%23420!/:?]
	at com.google.gson.internal.bind.TreeTypeAdapter.read(TreeTypeAdapter.java:76) ~[gson-2.10.jar%2372!/:?]
	at com.google.gson.internal.bind.TypeAdapterRuntimeTypeWrapper.read(TypeAdapterRuntimeTypeWrapper.java:40) ~[gson-2.10.jar%2372!/:?]
	at com.google.gson.internal.bind.ArrayTypeAdapter.read(ArrayTypeAdapter.java:72) ~[gson-2.10.jar%2372!/:?]
	at com.google.gson.Gson.fromJson(Gson.java:1214) ~[gson-2.10.jar%2372!/:?]
	at com.google.gson.Gson.fromJson(Gson.java:1319) ~[gson-2.10.jar%2372!/:?]
	at com.google.gson.Gson.fromJson(Gson.java:1290) ~[gson-2.10.jar%2372!/:?]
	at com.google.gson.internal.bind.TreeTypeAdapter$GsonContextImpl.deserialize(TreeTypeAdapter.java:179) ~[gson-2.10.jar%2372!/:?]
	at net.minecraft.util.GsonHelper.m_13808_(GsonHelper.java:463) ~[server-1.20.1-20230612.114412-srg.jar%23420!/:?]
	at net.minecraft.util.GsonHelper.m_13836_(GsonHelper.java:471) ~[server-1.20.1-20230612.114412-srg.jar%23420!/:?]
	at net.minecraft.world.level.storage.loot.LootPool$Serializer.deserialize(LootPool.java:192) ~[server-1.20.1-20230612.114412-srg.jar%23420!/:?]
	at net.minecraft.world.level.storage.loot.LootPool$Serializer.deserialize(LootPool.java:189) ~[server-1.20.1-20230612.114412-srg.jar%23420!/:?]
	at com.google.gson.internal.bind.TreeTypeAdapter.read(TreeTypeAdapter.java:76) ~[gson-2.10.jar%2372!/:?]
	at com.google.gson.internal.bind.TypeAdapterRuntimeTypeWrapper.read(TypeAdapterRuntimeTypeWrapper.java:40) ~[gson-2.10.jar%2372!/:?]
	at com.google.gson.internal.bind.ArrayTypeAdapter.read(ArrayTypeAdapter.java:72) ~[gson-2.10.jar%2372!/:?]
	at com.google.gson.Gson.fromJson(Gson.java:1214) ~[gson-2.10.jar%2372!/:?]
	at com.google.gson.Gson.fromJson(Gson.java:1319) ~[gson-2.10.jar%2372!/:?]
	at com.google.gson.Gson.fromJson(Gson.java:1290) ~[gson-2.10.jar%2372!/:?]
	at com.google.gson.internal.bind.TreeTypeAdapter$GsonContextImpl.deserialize(TreeTypeAdapter.java:179) ~[gson-2.10.jar%2372!/:?]
	at net.minecraft.util.GsonHelper.m_13808_(GsonHelper.java:463) ~[server-1.20.1-20230612.114412-srg.jar%23420!/:?]
	at net.minecraft.util.GsonHelper.m_13845_(GsonHelper.java:481) ~[server-1.20.1-20230612.114412-srg.jar%23420!/:?]
	at net.minecraft.world.level.storage.loot.LootTable$Serializer.deserialize(LootTable.java:294) ~[server-1.20.1-20230612.114412-srg.jar%23420!/:?]
	at net.minecraft.world.level.storage.loot.LootTable$Serializer.deserialize(LootTable.java:291) ~[server-1.20.1-20230612.114412-srg.jar%23420!/:?]
	at com.google.gson.internal.bind.TreeTypeAdapter.read(TreeTypeAdapter.java:76) ~[gson-2.10.jar%2372!/:?]
	at com.google.gson.Gson.fromJson(Gson.java:1214) ~[gson-2.10.jar%2372!/:?]
	at com.google.gson.Gson.fromJson(Gson.java:1319) ~[gson-2.10.jar%2372!/:?]
	at com.google.gson.Gson.fromJson(Gson.java:1261) ~[gson-2.10.jar%2372!/:?]
	at net.minecraftforge.common.ForgeHooks.loadLootTable(ForgeHooks.java:871) ~[forge-1.20.1-47.4.4-universal.jar%23425!/:?]
	at net.minecraftforge.common.ForgeHooks.lambda$getLootTableDeserializer$3(ForgeHooks.java:848) ~[forge-1.20.1-47.4.4-universal.jar%23425!/:?]
	at net.minecraft.world.level.storage.loot.LootDataType.deserialize(LootDataType.java:45) ~[server-1.20.1-20230612.114412-srg.jar%23420!/:?]
	at net.minecraft.world.level.storage.loot.LootDataManager.lambda$scheduleElementParse$4(LootDataManager.java:56) ~[server-1.20.1-20230612.114412-srg.jar%23420!/:?]
	at java.util.HashMap.forEach(HashMap.java:1421) ~[?:?]
	at net.minecraft.world.level.storage.loot.LootDataManager.m_278660_(LootDataManager.java:55) ~[server-1.20.1-20230612.114412-srg.jar%23420!/:?]
	at java.util.concurrent.CompletableFuture$AsyncRun.run(CompletableFuture.java:1804) ~[?:?]
	at java.util.concurrent.CompletableFuture$AsyncRun.exec(CompletableFuture.java:1796) ~[?:?]
	at java.util.concurrent.ForkJoinTask.doExec(ForkJoinTask.java:373) ~[?:?]
	at java.util.concurrent.ForkJoinPool$WorkQueue.topLevelExec(ForkJoinPool.java:1182) ~[?:?]
	at java.util.concurrent.ForkJoinPool.scan(ForkJoinPool.java:1655) ~[?:?]
	at java.util.concurrent.ForkJoinPool.runWorker(ForkJoinPool.java:1622) ~[?:?]
	at java.util.concurrent.ForkJoinWorkerThread.run(ForkJoinWorkerThread.java:165) ~[?:?]
[02Sep2026 01:02:07.944] [main/WARN] [net.minecraft.world.level.storage.loot.LootDataManager/]: Found loot table element validation problem in {loot_tables:irons_spellbooks:chests/citadel/citadel_bookshelf}.pools[7].entries[0]: Unknown loot table called irons_spellbooks:chests/citadel/citadel_tomes
[02Sep2026 01:02:07.944] [main/WARN] [net.minecraft.world.level.storage.loot.LootDataManager/]: Found loot table element validation problem in {loot_tables:irons_spellbooks:entities/archevoker}.pools[2].entries[0]: Unknown loot table called irons_spellbooks:entities/additional_evoker_loot
[02Sep2026 01:02:07.995] [main/ERROR] [net.minecraft.world.item.crafting.RecipeManager/]: Parsing error loading recipe super_golem:golem_heart: com.google.gson.JsonSyntaxException: Missing type, expected to find a string
[02Sep2026 01:02:07.999] [main/ERROR] [net.minecraft.world.item.crafting.RecipeManager/]: Parsing error loading recipe cataclysm:storm_eye: com.google.gson.JsonSyntaxException: Missing type, expected to find a string
[02Sep2026 01:02:07.999] [main/ERROR] [net.minecraft.world.item.crafting.RecipeManager/]: Parsing error loading recipe cataclysm:monstrous_eye: com.google.gson.JsonSyntaxException: Missing type, expected to find a string
[02Sep2026 01:02:08.010] [main/INFO] [net.minecraft.world.item.crafting.RecipeManager/]: Skipping loading recipe supplementaries:inspirations/blackboard_clear as it's serializer returned null
[02Sep2026 01:02:08.013] [main/INFO] [net.minecraft.world.item.crafting.RecipeManager/]: Skipping loading recipe beyonddimensions:schematicannon_pathway as it's serializer returned null
[02Sep2026 01:02:08.015] [main/ERROR] [net.minecraft.world.item.crafting.RecipeManager/]: Parsing error loading recipe efn:duskfire_ingot: com.google.gson.JsonSyntaxException: Missing type, expected to find a string
[02Sep2026 01:02:08.020] [main/ERROR] [net.minecraft.world.item.crafting.RecipeManager/]: Parsing error loading recipe aquamirae:divider: com.google.gson.JsonSyntaxException: Missing type, expected to find a string
[02Sep2026 01:02:08.030] [main/ERROR] [net.minecraft.world.item.crafting.RecipeManager/]: Parsing error loading recipe efn:stomp: com.google.gson.JsonSyntaxException: Missing type, expected to find a string
[02Sep2026 01:02:08.031] [main/INFO] [net.minecraft.world.item.crafting.RecipeManager/]: Skipping loading recipe beyonddimensions:net_ae_storage_cell as it's serializer returned null
[02Sep2026 01:02:08.032] [main/ERROR] [net.minecraft.world.item.crafting.RecipeManager/]: Parsing error loading recipe wraithon:showdown_edict: com.google.gson.JsonSyntaxException: Missing type, expected to find a string
[02Sep2026 01:02:08.033] [main/ERROR] [net.minecraft.world.item.crafting.RecipeManager/]: Parsing error loading recipe fromtheshadows:smithing/crystallized_dagger: com.google.gson.JsonSyntaxException: Unknown item 'fromtheshadows:crystallized_blood'
[02Sep2026 01:02:08.034] [main/ERROR] [net.minecraft.world.item.crafting.RecipeManager/]: Parsing error loading recipe cataclysm:the_incinerator: com.google.gson.JsonSyntaxException: Missing type, expected to find a string
[02Sep2026 01:02:08.034] [main/INFO] [net.minecraft.world.item.crafting.RecipeManager/]: Skipping loading recipe beyonddimensions:rs_net_pathway as it's serializer returned null
[02Sep2026 01:02:08.037] [main/INFO] [net.minecraft.world.item.crafting.RecipeManager/]: Skipping loading recipe supplementaries:inspirations/flag_dye as it's serializer returned null
[02Sep2026 01:02:08.040] [main/ERROR] [net.minecraft.world.item.crafting.RecipeManager/]: Parsing error loading recipe cataclysm:the_annihilator: com.google.gson.JsonSyntaxException: Missing type, expected to find a string
[02Sep2026 01:02:08.041] [main/ERROR] [net.minecraft.world.item.crafting.RecipeManager/]: Parsing error loading recipe fromtheshadows:smithing/thirst_for_blood: com.google.gson.JsonSyntaxException: Unknown item 'fromtheshadows:corrupted_heart'
[02Sep2026 01:02:08.042] [main/ERROR] [net.minecraft.world.item.crafting.RecipeManager/]: Parsing error loading recipe cataclysm:abyss_eye: com.google.gson.JsonSyntaxException: Missing type, expected to find a string
[02Sep2026 01:02:08.056] [main/ERROR] [net.minecraft.world.item.crafting.RecipeManager/]: Parsing error loading recipe cataclysm:desert_eye: com.google.gson.JsonSyntaxException: Missing type, expected to find a string
[02Sep2026 01:02:08.060] [main/ERROR] [net.minecraft.world.item.crafting.RecipeManager/]: Parsing error loading recipe cataclysm:mech_eye: com.google.gson.JsonSyntaxException: Missing type, expected to find a string
[02Sep2026 01:02:08.062] [main/ERROR] [net.minecraft.world.item.crafting.RecipeManager/]: Parsing error loading recipe cataclysm:cursed_eye: com.google.gson.JsonSyntaxException: Missing type, expected to find a string
[02Sep2026 01:02:08.072] [main/ERROR] [net.minecraft.world.item.crafting.RecipeManager/]: Parsing error loading recipe beyonddimensions:net_feeder_item: com.google.gson.JsonSyntaxException: Missing type, expected to find a string
[02Sep2026 01:02:08.074] [main/ERROR] [net.minecraft.world.item.crafting.RecipeManager/]: Parsing error loading recipe efn:efn_parry: com.google.gson.JsonSyntaxException: Missing type, expected to find a string
[02Sep2026 01:02:08.076] [main/INFO] [net.minecraft.world.item.crafting.RecipeManager/]: Skipping loading recipe supplementaries:inspirations/flag_clear as it's serializer returned null
[02Sep2026 01:02:08.083] [main/ERROR] [net.minecraft.world.item.crafting.RecipeManager/]: Parsing error loading recipe fantasy_armor:moon_crystal: com.google.gson.JsonSyntaxException: Missing type, expected to find a string
[02Sep2026 01:02:08.084] [main/INFO] [net.minecraft.world.item.crafting.RecipeManager/]: Skipping loading recipe beyonddimensions:ars_source_pathway as it's serializer returned null
[02Sep2026 01:02:08.087] [main/ERROR] [net.minecraft.world.item.crafting.RecipeManager/]: Parsing error loading recipe cataclysm:flame_eye: com.google.gson.JsonSyntaxException: Missing type, expected to find a string
[02Sep2026 01:02:08.089] [main/ERROR] [net.minecraft.world.item.crafting.RecipeManager/]: Parsing error loading recipe efn:smithing/thornwheel: com.google.gson.JsonSyntaxException: Unknown item 'create:cogwheel'
[02Sep2026 01:02:08.090] [main/INFO] [net.minecraft.world.item.crafting.RecipeManager/]: Skipping loading recipe beyonddimensions:mana_pool_pathway as it's serializer returned null
[02Sep2026 01:02:08.090] [main/ERROR] [net.minecraft.world.item.crafting.RecipeManager/]: Parsing error loading recipe cataclysm:void_eye: com.google.gson.JsonSyntaxException: Missing type, expected to find a string
[02Sep2026 01:02:08.094] [main/ERROR] [net.minecraft.world.item.crafting.RecipeManager/]: Parsing error loading recipe fromtheshadows:smithing/devil_splitter: com.google.gson.JsonSyntaxException: Unknown item 'fromtheshadows:crystallized_blood'
[02Sep2026 01:02:08.105] [main/ERROR] [net.minecraft.world.item.crafting.RecipeManager/]: Parsing error loading recipe cataclysm:ceraunus: com.google.gson.JsonSyntaxException: Missing type, expected to find a string
[02Sep2026 01:02:08.111] [main/ERROR] [net.minecraft.world.item.crafting.RecipeManager/]: Parsing error loading recipe efn:execution: com.google.gson.JsonSyntaxException: Missing type, expected to find a string
[02Sep2026 01:02:08.114] [main/INFO] [net.minecraft.world.item.crafting.RecipeManager/]: Loaded 24 recipes
[02Sep2026 01:02:08.191] [main/ERROR] [net.minecraft.server.ServerAdvancementManager/]: Parsing error loading custom advancement supplementaries:recipes/planter_rich: Unknown item id 'farmersdelight:rich_soil'
[02Sep2026 01:02:08.198] [main/ERROR] [net.minecraft.server.ServerAdvancementManager/]: Parsing error loading custom advancement bookofdragons:dragon_hunter: Unknown item id 'bookofdragons:tracker_roost_map'
[02Sep2026 01:02:08.222] [main/INFO] [quark/]: [Automatic Recipe Unlock] Removed 2555 recipe advancements
[02Sep2026 01:02:08.230] [main/INFO] [net.minecraft.advancements.AdvancementList/]: Loaded 469 advancements
[02Sep2026 01:02:08.236] [main/INFO] [placebo/]: Registered 0 additional recipes.
[02Sep2026 01:02:32.127] [main/INFO] [top.theillusivec4.curios.Curios/]: Loaded 16 curio slots
[02Sep2026 01:02:32.138] [main/INFO] [top.theillusivec4.curios.Curios/]: Loaded 11 curio entities
[02Sep2026 01:02:32.141] [main/WARN] [epicfight/]: Skill efn:example doesn't exist in the registry.
[02Sep2026 01:02:32.142] [main/WARN] [epicfight/]: Skill tcrcore:step doesn't exist in the registry.
[02Sep2026 01:02:32.144] [main/WARN] [epicfight/]: Skill p1nero_ec:step doesn't exist in the registry.
[02Sep2026 01:02:32.145] [main/INFO] [com.asanginxst.epicfightx.EpicFightExtraMod/]: EFX: Replacing Epic Fight Weapon Types...
[02Sep2026 01:02:32.164] [main/WARN] [epicfight/]: Item Capability Exception: No item named aquamirae:poisoned_chakra
[02Sep2026 01:02:32.164] [main/WARN] [epicfight/]: Item Capability Exception: No item named farmersdelight:diamond_knife
[02Sep2026 01:02:32.164] [main/WARN] [epicfight/]: Item Capability Exception: No item named aquamirae:sweet_lance
[02Sep2026 01:02:32.166] [main/WARN] [epicfight/]: epicfight:cut is not a hit particle type in magistuarmory:pike
[02Sep2026 01:02:32.169] [main/WARN] [epicfight/]: Item Capability Exception: No item named aquamirae:coral_lance
[02Sep2026 01:02:32.172] [main/WARN] [epicfight/]: epicfight:cut is not a hit particle type in magistuarmory:pike
[02Sep2026 01:02:32.173] [main/WARN] [epicfight/]: Item Capability Exception: No item named magistuarmory:rusted_ranseur
[02Sep2026 01:02:32.173] [main/WARN] [epicfight/]: epicfight:cut is not a hit particle type in magistuarmory:pike
[02Sep2026 01:02:32.174] [main/WARN] [epicfight/]: Item Capability Exception: No item named dungeons_gear:venom_glaive
[02Sep2026 01:02:32.174] [main/WARN] [epicfight/]: Item Capability Exception: No item named farmersdelight:netherite_knife
[02Sep2026 01:02:32.177] [main/WARN] [epicfight/]: Item Capability Exception: No item named magistuarmory:rusted_morgenstern
[02Sep2026 01:02:32.178] [main/WARN] [epicfight/]: epicfight:cut is not a hit particle type in magistuarmory:pike
[02Sep2026 01:02:32.180] [main/WARN] [epicfight/]: epicfight:cut is not a hit particle type in magistuarmory:pike
[02Sep2026 01:02:32.180] [main/WARN] [epicfight/]: epicfight:cut is not a hit particle type in magistuarmory:pike
[02Sep2026 01:02:32.180] [main/WARN] [epicfight/]: epicfight:cut is not a hit particle type in magistuarmory:pike
[02Sep2026 01:02:32.180] [main/WARN] [epicfight/]: Item Capability Exception: No item named fromtheshadows:devil_splitter
[02Sep2026 01:02:32.182] [main/WARN] [epicfight/]: epicfight:cut is not a hit particle type in magistuarmory:pike
[02Sep2026 01:02:32.185] [main/WARN] [epicfight/]: epicfight:cut is not a hit particle type in magistuarmory:pike
[02Sep2026 01:02:32.192] [main/WARN] [epicfight/]: Item Capability Exception: No item named aquamirae:fin_cutter
[02Sep2026 01:02:32.192] [main/WARN] [epicfight/]: Item Capability Exception: No item named magistuarmory:rusted_guisarme
[02Sep2026 01:02:32.195] [main/WARN] [epicfight/]: Item Capability Exception: No item named magistuarmory:rusted_pike
[02Sep2026 01:02:32.197] [main/WARN] [epicfight/]: epicfight:cut is not a hit particle type in magistuarmory:pike
[02Sep2026 01:02:32.199] [main/WARN] [epicfight/]: epicfight:cut is not a hit particle type in magistuarmory:pike
[02Sep2026 01:02:32.199] [main/WARN] [epicfight/]: epicfight:cut is not a hit particle type in magistuarmory:pike
[02Sep2026 01:02:32.200] [main/WARN] [epicfight/]: Item Capability Exception: No item named magistuarmory:rusted_claymore
[02Sep2026 01:02:32.200] [main/WARN] [epicfight/]: Item Capability Exception: No item named aquamirae:dagger_of_greed
[02Sep2026 01:02:32.200] [main/WARN] [epicfight/]: Item Capability Exception: No item named aquamirae:poisoned_blade
[02Sep2026 01:02:32.200] [main/WARN] [epicfight/]: epicfight:cut is not a hit particle type in magistuarmory:pike
[02Sep2026 01:02:32.200] [main/WARN] [epicfight/]: Item Capability Exception: No item named efn:scythe
[02Sep2026 01:02:32.200] [main/WARN] [epicfight/]: epicfight:cut is not a hit particle type in magistuarmory:pike
[02Sep2026 01:02:32.201] [main/WARN] [epicfight/]: epicfight:cut is not a hit particle type in magistuarmory:pike
[02Sep2026 01:02:32.201] [main/WARN] [epicfight/]: Item Capability Exception: No item named magistuarmory:rusted_chivalrylance
[02Sep2026 01:02:32.203] [main/WARN] [epicfight/]: Item Capability Exception: No item named magistuarmory:rusted_zweihander
[02Sep2026 01:02:32.204] [main/WARN] [epicfight/]: Item Capability Exception: No item named farmersdelight:skillet
[02Sep2026 01:02:32.204] [main/WARN] [epicfight/]: Item Capability Exception: No item named magistuarmory:rusted_concavehalberd
[02Sep2026 01:02:32.205] [main/WARN] [epicfight/]: epicfight:cut is not a hit particle type in magistuarmory:pike
[02Sep2026 01:02:32.205] [main/WARN] [epicfight/]: Item Capability Exception: No item named dungeons_gear:grave_bane
[02Sep2026 01:02:32.205] [main/WARN] [epicfight/]: Item Capability Exception: No item named magistuarmory:rusted_flamebladedsword
[02Sep2026 01:02:32.206] [main/WARN] [epicfight/]: Item Capability Exception: No item named epicfight:_diamond_greatsword
[02Sep2026 01:02:32.206] [main/WARN] [epicfight/]: epicfight:cut is not a hit particle type in magistuarmory:pike
[02Sep2026 01:02:32.207] [main/WARN] [epicfight/]: Item Capability Exception: No item named magistuarmory:rusted_lucernhammer
[02Sep2026 01:02:32.209] [main/WARN] [epicfight/]: Item Capability Exception: No item named magistuarmory:rusted_heavywarhammer
[02Sep2026 01:02:32.211] [main/WARN] [epicfight/]: epicfight:cut is not a hit particle type in magistuarmory:pike
[02Sep2026 01:02:32.212] [main/WARN] [epicfight/]: Item Capability Exception: No item named aquamirae:whisper_of_the_abyss
[02Sep2026 01:02:32.212] [main/WARN] [epicfight/]: epicfight:cut is not a hit particle type in magistuarmory:pike
[02Sep2026 01:02:32.213] [main/WARN] [epicfight/]: epicfight:cut is not a hit particle type in magistuarmory:pike
[02Sep2026 01:02:32.214] [main/WARN] [epicfight/]: epicfight:cut is not a hit particle type in magistuarmory:pike
[02Sep2026 01:02:32.214] [main/WARN] [epicfight/]: Item Capability Exception: No item named magistuarmory:rusted_lochaberaxe
[02Sep2026 01:02:32.215] [main/WARN] [epicfight/]: Item Capability Exception: No item named cataclysm:_brontes
[02Sep2026 01:02:32.215] [main/WARN] [epicfight/]: Item Capability Exception: No item named dungeons_gear:glaive
[02Sep2026 01:02:32.215] [main/WARN] [epicfight/]: Item Capability Exception: No item named magistuarmory:rusted_katzbalger
[02Sep2026 01:02:32.215] [main/WARN] [epicfight/]: epicfight:cut is not a hit particle type in magistuarmory:pike
[02Sep2026 01:02:32.216] [main/WARN] [epicfight/]: epicfight:cut is not a hit particle type in magistuarmory:pike
[02Sep2026 01:02:32.217] [main/WARN] [epicfight/]: epicfight:cut is not a hit particle type in magistuarmory:pike
[02Sep2026 01:02:32.218] [main/WARN] [epicfight/]: Item Capability Exception: No item named fromtheshadows:thirst_for_blood
[02Sep2026 01:02:32.219] [main/WARN] [epicfight/]: epicfight:cut is not a hit particle type in magistuarmory:pike
[02Sep2026 01:02:32.223] [main/WARN] [epicfight/]: epicfight:cut is not a hit particle type in magistuarmory:pike
[02Sep2026 01:02:32.225] [main/WARN] [epicfight/]: Can't find a particle type epicfight:entity.hit.blunt in invincible:custom_combo_demo
[02Sep2026 01:02:32.225] [main/WARN] [epicfight/]: epicfight:cut is not a hit particle type in magistuarmory:pike
[02Sep2026 01:02:32.226] [main/WARN] [epicfight/]: epicfight:cut is not a hit particle type in magistuarmory:pike
[02Sep2026 01:02:32.226] [main/WARN] [epicfight/]: epicfight:cut is not a hit particle type in magistuarmory:pike
[02Sep2026 01:02:32.228] [main/WARN] [epicfight/]: Item Capability Exception: No item named farmersdelight:iron_knife
[02Sep2026 01:02:32.228] [main/WARN] [epicfight/]: epicfight:cut is not a hit particle type in magistuarmory:pike
[02Sep2026 01:02:32.229] [main/WARN] [epicfight/]: Item Capability Exception: No item named magistuarmory:rusted_estoc
[02Sep2026 01:02:32.230] [main/WARN] [epicfight/]: Item Capability Exception: No item named magistuarmory:rusted_chainmorgenstern
[02Sep2026 01:02:32.231] [main/WARN] [epicfight/]: epicfight:cut is not a hit particle type in magistuarmory:pike
[02Sep2026 01:02:32.231] [main/WARN] [epicfight/]: Item Capability Exception: No item named farmersdelight:flint_knife
[02Sep2026 01:02:32.232] [main/WARN] [epicfight/]: epicfight:cut is not a hit particle type in magistuarmory:pike
[02Sep2026 01:02:32.233] [main/WARN] [epicfight/]: Item Capability Exception: No item named magistuarmory:rusted_stylet
[02Sep2026 01:02:32.234] [main/WARN] [epicfight/]: epicfight:cut is not a hit particle type in magistuarmory:pike
[02Sep2026 01:02:32.234] [main/WARN] [epicfight/]: Item Capability Exception: No item named aquamirae:maze_rose
[02Sep2026 01:02:32.235] [main/WARN] [epicfight/]: Item Capability Exception: No item named farmersdelight:golden_knife
[02Sep2026 01:02:32.235] [main/WARN] [epicfight/]: epicfight:cut is not a hit particle type in magistuarmory:pike
[02Sep2026 01:02:32.236] [main/WARN] [epicfight/]: Error while deserializing datapack for magistuarmory:silver_morgenstern: Can't find weapon type: minecraft:axe
[02Sep2026 01:02:32.236] [main/WARN] [epicfight/]: Item Capability Exception: No item named magistuarmory:rusted_ahlspiess
[02Sep2026 01:02:32.237] [main/WARN] [epicfight/]: Item Capability Exception: No item named cataclysm:_meat_shredder
[02Sep2026 01:02:32.298] [main/WARN] [net.minecraftforge.common.loot.LootModifierManager/]: Could not decode GlobalLootModifier with json id uniqueaccessories:chest/waist_warmer_in_village_tqiga_house - error: Not a JSON object: null
[02Sep2026 01:02:32.300] [main/WARN] [net.minecraftforge.common.loot.LootModifierManager/]: Could not decode GlobalLootModifier with json id aether:gloves_loot_gold - error: Not a JSON object: null
[02Sep2026 01:02:32.300] [main/WARN] [net.minecraftforge.common.loot.LootModifierManager/]: Could not decode GlobalLootModifier with json id aether:gloves_loot_chain - error: Not a JSON object: null
[02Sep2026 01:02:32.300] [main/WARN] [net.minecraftforge.common.loot.LootModifierManager/]: Could not decode GlobalLootModifier with json id aether:gloves_loot_diamond - error: Not a JSON object: null
[02Sep2026 01:02:32.300] [main/WARN] [net.minecraftforge.common.loot.LootModifierManager/]: Could not decode GlobalLootModifier with json id aether:gloves_loot_leather - error: Not a JSON object: null
[02Sep2026 01:02:32.301] [main/WARN] [net.minecraftforge.common.loot.LootModifierManager/]: Could not decode GlobalLootModifier with json id aether:gloves_loot_iron - error: Not a JSON object: null
[02Sep2026 01:02:32.301] [main/WARN] [net.minecraftforge.common.loot.LootModifierManager/]: Could not decode GlobalLootModifier with json id aether:gloves_loot_netherite - error: Not a JSON object: null
[02Sep2026 01:02:32.301] [main/WARN] [net.minecraftforge.common.loot.LootModifierManager/]: Could not decode GlobalLootModifier with json id domesticationinnovation:blazing_enchanted_book - error: Not a JSON object: null
[02Sep2026 01:02:32.318] [main/INFO] [DragonGeneticsLoader/]: [DragonGenetics] Loaded species=8 taxonomy_entries=108 (across data packs)
[02Sep2026 01:02:32.340] [main/INFO] [net.magister.bookofdragons.entity.component.ranged.data.DragonAttackManager/]: Loaded 9 dragon attack definitions
[02Sep2026 01:02:32.345] [main/INFO] [SpeciesStatLoader/]: Loaded 8 species stat configs from datapacks
[02Sep2026 01:02:32.433] [main/INFO] [bountiful/]: Trying to load unloaded files from: config/bountiful/bounty_pools
[02Sep2026 01:02:32.438] [main/INFO] [bountiful/]: Trying to load unloaded files from: config/bountiful/bounty_decrees
[02Sep2026 01:02:32.451] [main/INFO] [com.p1nero.entityrespawner.data.RespawnableEntityManager/]: Loaded 1 respawnable entity definitions
[02Sep2026 01:02:32.453] [main/INFO] [quark-zeta/]: Modified advancement minecraft:husbandry/wax_on with 2 patches
[02Sep2026 01:02:32.453] [main/INFO] [quark-zeta/]: Modified advancement minecraft:adventure/kill_a_mob with 3 patches
[02Sep2026 01:02:32.454] [main/INFO] [quark-zeta/]: Modified advancement minecraft:husbandry/bred_all_animals with 3 patches
[02Sep2026 01:02:32.454] [main/INFO] [quark-zeta/]: Modified advancement minecraft:adventure/kill_all_mobs with 3 patches
[02Sep2026 01:02:32.454] [main/INFO] [quark-zeta/]: Modified advancement minecraft:husbandry/balanced_diet with 3 patches
[02Sep2026 01:02:32.454] [main/INFO] [quark-zeta/]: Modified advancement minecraft:husbandry/plant_seed with 1 patches
[02Sep2026 01:02:32.454] [main/INFO] [quark-zeta/]: Modified advancement minecraft:nether/all_effects with 2 patches
[02Sep2026 01:02:32.455] [main/INFO] [quark-zeta/]: Modified advancement minecraft:husbandry/wax_off with 2 patches
[02Sep2026 01:02:32.455] [main/INFO] [quark-zeta/]: Modified advancement minecraft:adventure/adventuring_time with 1 patches
[02Sep2026 01:02:32.455] [main/INFO] [quark-zeta/]: Modified advancement minecraft:nether/all_potions with 1 patches
[02Sep2026 01:02:32.472] [main/INFO] [Supplementaries/]: Loaded 27 flute songs
[02Sep2026 01:02:32.488] [main/INFO] [placebo/]: Registered 0 gear_sets.
[02Sep2026 01:02:32.523] [main/WARN] [indestructible/]: efn:biped/yamato/biped_hitback_1 can't be recognized
[02Sep2026 01:02:32.523] [main/WARN] [indestructible/]: epicfightx:biped/skill/revelation_normal can't be recognized
[02Sep2026 01:02:32.524] [main/WARN] [indestructible/]: efn:biped/yamato/biped_hitback_1 can't be recognized
[02Sep2026 01:02:32.524] [main/WARN] [indestructible/]: efn:biped/yamato/biped_hitback_1 can't be recognized
[02Sep2026 01:02:32.524] [main/WARN] [indestructible/]: efn:biped/yamato/biped_hitback_1 can't be recognized
[02Sep2026 01:02:32.524] [main/WARN] [indestructible/]: efn:biped/yamato/biped_hitback_1 can't be recognized
[02Sep2026 01:02:32.524] [main/WARN] [indestructible/]: efn:biped/yamato/biped_hitback_1 can't be recognized
[02Sep2026 01:02:32.525] [main/WARN] [indestructible/]: efn:biped/yamato/biped_hitback_1 can't be recognized
[02Sep2026 01:02:32.525] [main/WARN] [indestructible/]: efn:biped/yamato/biped_hitback_1 can't be recognized
[02Sep2026 01:02:32.525] [main/WARN] [indestructible/]: efn:biped/yamato/biped_hitback_1 can't be recognized
[02Sep2026 01:02:32.525] [main/WARN] [indestructible/]: efn:biped/ng_greatsword/ng_great_skill_clash can't be recognized
[02Sep2026 01:02:32.526] [main/WARN] [indestructible/]: efn:biped/yamato/biped_hitback_1 can't be recognized
[02Sep2026 01:02:32.526] [main/WARN] [indestructible/]: efn:biped/yamato/biped_hitback_1 can't be recognized
[02Sep2026 01:02:32.526] [main/WARN] [indestructible/]: efn:biped/yamato/biped_hitback_1 can't be recognized
[02Sep2026 01:02:32.526] [main/WARN] [indestructible/]: efn:biped/yamato/biped_hitback_1 can't be recognized
[02Sep2026 01:02:32.526] [main/WARN] [indestructible/]: efn:biped/yamato/biped_hitback_1 can't be recognized
[02Sep2026 01:02:32.526] [main/WARN] [indestructible/]: efn:biped/yamato/biped_hitback_1 can't be recognized
[02Sep2026 01:02:32.526] [main/WARN] [indestructible/]: efn:biped/yamato/biped_hitback_1 can't be recognized
[02Sep2026 01:02:32.527] [main/WARN] [indestructible/]: efn:biped/yamato/biped_hitback_1 can't be recognized
[02Sep2026 01:02:32.527] [main/WARN] [indestructible/]: efn:biped/nf_meen/nf_meen_auto4 can't be recognized
[02Sep2026 01:02:32.527] [main/WARN] [indestructible/]: efn:biped/yamato/biped_hitback_1 can't be recognized
[02Sep2026 01:02:32.527] [main/WARN] [indestructible/]: efn:biped/yamato/biped_hitback_1 can't be recognized
[02Sep2026 01:02:32.527] [main/WARN] [indestructible/]: efn:biped/yamato/biped_hitback_1 can't be recognized
[02Sep2026 01:02:32.527] [main/WARN] [indestructible/]: efn:biped/yamato/biped_hitback_1 can't be recognized
[02Sep2026 01:02:32.527] [main/WARN] [indestructible/]: efn:biped/yamato/biped_hitback_1 can't be recognized
[02Sep2026 01:02:32.527] [main/WARN] [indestructible/]: efn:biped/yamato/biped_hitback_1 can't be recognized
[02Sep2026 01:02:32.528] [main/WARN] [indestructible/]: efn:biped/yamato/biped_hitback_1 can't be recognized
[02Sep2026 01:02:32.528] [main/WARN] [indestructible/]: efn:biped/yamato/biped_hitback_1 can't be recognized
[02Sep2026 01:02:32.528] [main/WARN] [indestructible/]: efn:biped/nf_tachi/nf_tachi_bloodlust_end can't be recognized
[02Sep2026 01:02:32.528] [main/WARN] [indestructible/]: efn:biped/yamato/biped_hitback_1 can't be recognized
[02Sep2026 01:02:32.528] [main/WARN] [indestructible/]: efn:biped/yamato/biped_hitback_1 can't be recognized
[02Sep2026 01:02:32.528] [main/WARN] [indestructible/]: efn:biped/yamato/biped_hitback_1 can't be recognized
[02Sep2026 01:02:32.528] [main/WARN] [indestructible/]: efn:biped/yamato/biped_hitback_1 can't be recognized
[02Sep2026 01:02:32.529] [main/WARN] [indestructible/]: efn:biped/yamato/biped_hitback_1 can't be recognized
[02Sep2026 01:02:32.529] [main/WARN] [indestructible/]: efn:biped/yamato/biped_hitback_1 can't be recognized
[02Sep2026 01:02:32.529] [main/WARN] [indestructible/]: efn:biped/yamato/biped_hitback_1 can't be recognized
[02Sep2026 01:02:32.529] [main/WARN] [indestructible/]: epicfightx:biped/combat/uchigatana_sheath_dash can't be recognized
[02Sep2026 01:02:32.529] [main/WARN] [indestructible/]: efn:biped/yamato/biped_hitback_1 can't be recognized
[02Sep2026 01:02:32.529] [main/WARN] [indestructible/]: efn:biped/yamato/biped_hitback_1 can't be recognized
[02Sep2026 01:02:32.529] [main/WARN] [indestructible/]: efn:biped/yamato/biped_hitback_1 can't be recognized
[02Sep2026 01:02:32.530] [main/WARN] [indestructible/]: efn:biped/yamato/biped_hitback_1 can't be recognized
[02Sep2026 01:02:32.530] [main/WARN] [indestructible/]: efn:biped/yamato/biped_hitback_1 can't be recognized
[02Sep2026 01:02:32.530] [main/WARN] [indestructible/]: efn:biped/yamato/biped_hitback_1 can't be recognized
[02Sep2026 01:02:32.530] [main/WARN] [indestructible/]: efn:biped/yamato/biped_hitback_1 can't be recognized
[02Sep2026 01:02:32.530] [main/WARN] [indestructible/]: efn:biped/yamato/biped_hitback_1 can't be recognized
[02Sep2026 01:02:32.530] [main/WARN] [indestructible/]: epicfightx:biped/combat/dagger_airslash can't be recognized
[02Sep2026 01:02:32.531] [main/WARN] [indestructible/]: efn:biped/yamato/biped_hitback_1 can't be recognized
[02Sep2026 01:02:32.531] [main/WARN] [indestructible/]: efn:biped/yamato/biped_hitback_1 can't be recognized
[02Sep2026 01:02:32.531] [main/WARN] [indestructible/]: efn:biped/yamato/biped_hitback_1 can't be recognized
[02Sep2026 01:02:32.531] [main/WARN] [indestructible/]: efn:biped/yamato/biped_hitback_1 can't be recognized
[02Sep2026 01:02:32.531] [main/WARN] [indestructible/]: efn:biped/yamato/biped_hitback_1 can't be recognized
[02Sep2026 01:02:32.531] [main/WARN] [indestructible/]: efn:biped/yamato/biped_hitback_1 can't be recognized
[02Sep2026 01:02:32.531] [main/WARN] [indestructible/]: efn:biped/yamato/biped_hitback_1 can't be recognized
[02Sep2026 01:02:32.532] [main/WARN] [indestructible/]: epicfightx:biped/combat/dagger_dual_dash can't be recognized
[02Sep2026 01:02:32.532] [main/WARN] [indestructible/]: efn:biped/yamato/biped_hitback_1 can't be recognized
[02Sep2026 01:02:32.532] [main/WARN] [indestructible/]: efn:biped/yamato/biped_hitback_1 can't be recognized
[02Sep2026 01:02:32.532] [main/WARN] [indestructible/]: efn:biped/yamato/biped_hitback_1 can't be recognized
[02Sep2026 01:02:32.532] [main/WARN] [indestructible/]: efn:biped/yamato/biped_hitback_1 can't be recognized
[02Sep2026 01:02:32.532] [main/WARN] [indestructible/]: efn:biped/yamato/biped_hitback_1 can't be recognized
[02Sep2026 01:02:32.532] [main/WARN] [indestructible/]: efn:biped/yamato/biped_hitback_1 can't be recognized
[02Sep2026 01:02:32.532] [main/WARN] [indestructible/]: efn:biped/yamato/biped_hitback_1 can't be recognized
[02Sep2026 01:02:32.533] [main/WARN] [indestructible/]: epicfightx:biped/skill/dancing_edge can't be recognized
[02Sep2026 01:02:32.533] [main/WARN] [indestructible/]: efn:biped/yamato/biped_hitback_1 can't be recognized
[02Sep2026 01:02:32.533] [main/WARN] [indestructible/]: efn:biped/yamato/biped_hitback_1 can't be recognized
[02Sep2026 01:02:32.533] [main/WARN] [indestructible/]: efn:biped/yamato/biped_hitback_1 can't be recognized
[02Sep2026 01:02:32.533] [main/WARN] [indestructible/]: efn:biped/yamato/biped_hitback_1 can't be recognized
[02Sep2026 01:02:32.533] [main/WARN] [indestructible/]: efn:biped/yamato/biped_hitback_1 can't be recognized
[02Sep2026 01:02:32.534] [main/WARN] [indestructible/]: efn:biped/yamato/biped_hitback_1 can't be recognized
[02Sep2026 01:02:32.534] [main/WARN] [indestructible/]: efn:biped/yamato/biped_hitback_1 can't be recognized
[02Sep2026 01:02:32.534] [main/WARN] [indestructible/]: efn:biped/yamato/biped_hitback_air can't be recognized
[02Sep2026 01:02:32.535] [main/WARN] [indestructible/]: efn:biped/nf_claw/nf_claw_auto3 can't be recognized
[02Sep2026 01:02:32.535] [main/WARN] [indestructible/]: efn:biped/yamato/biped_hitback_1 can't be recognized
[02Sep2026 01:02:32.535] [main/WARN] [indestructible/]: efn:biped/yamato/biped_hitback_1 can't be recognized
[02Sep2026 01:02:32.535] [main/WARN] [indestructible/]: efn:biped/yamato/biped_hitback_1 can't be recognized
[02Sep2026 01:02:32.535] [main/WARN] [indestructible/]: efn:biped/yamato/biped_hitback_1 can't be recognized
[02Sep2026 01:02:32.535] [main/WARN] [indestructible/]: efn:biped/yamato/biped_hitback_1 can't be recognized
[02Sep2026 01:02:32.535] [main/WARN] [indestructible/]: efn:biped/yamato/biped_hitback_1 can't be recognized
[02Sep2026 01:02:32.535] [main/WARN] [indestructible/]: efn:biped/yamato/biped_hitback_1 can't be recognized
[02Sep2026 01:02:32.536] [main/WARN] [indestructible/]: efn:biped/yamato/biped_hitback_1 can't be recognized
[02Sep2026 01:02:32.536] [main/WARN] [indestructible/]: efn:biped/nf_sword/nf_sword_skill can't be recognized
[02Sep2026 01:02:32.536] [main/WARN] [indestructible/]: efn:biped/yamato/biped_hitback_1 can't be recognized
[02Sep2026 01:02:32.536] [main/WARN] [indestructible/]: efn:biped/yamato/biped_hitback_1 can't be recognized
[02Sep2026 01:02:32.536] [main/WARN] [indestructible/]: efn:biped/yamato/biped_hitback_1 can't be recognized
[02Sep2026 01:02:32.536] [main/WARN] [indestructible/]: efn:biped/yamato/biped_hitback_1 can't be recognized
[02Sep2026 01:02:32.536] [main/WARN] [indestructible/]: efn:biped/yamato/biped_hitback_1 can't be recognized
[02Sep2026 01:02:32.536] [main/WARN] [indestructible/]: efn:biped/yamato/biped_hitback_1 can't be recognized
[02Sep2026 01:02:32.536] [main/WARN] [indestructible/]: efn:biped/yamato/biped_hitback_1 can't be recognized
[02Sep2026 01:02:32.537] [main/WARN] [indestructible/]: efn:biped/yamato/biped_hitback_1 can't be recognized
[02Sep2026 01:02:32.537] [main/WARN] [indestructible/]: efn:biped/yamato/biped_hitback_1 can't be recognized
[02Sep2026 01:02:32.537] [main/WARN] [indestructible/]: efn:biped/yamato/biped_hitback_1 can't be recognized
[02Sep2026 01:02:32.537] [main/WARN] [indestructible/]: efn:biped/yamato/biped_hitback_1 can't be recognized
[02Sep2026 01:02:32.537] [main/WARN] [indestructible/]: efn:biped/yamato/biped_hitback_1 can't be recognized
[02Sep2026 01:02:32.537] [main/WARN] [indestructible/]: efn:biped/yamato/biped_hitback_1 can't be recognized
[02Sep2026 01:02:32.537] [main/WARN] [indestructible/]: efn:biped/yamato/biped_hitback_1 can't be recognized
[02Sep2026 01:02:32.537] [main/WARN] [indestructible/]: efn:biped/yamato/biped_hitback_1 can't be recognized
[02Sep2026 01:02:32.560] [main/WARN] [indestructible/]: epicfight:biped/skill/guard_sword_hit_active1 can't be recognized
[02Sep2026 01:02:32.560] [main/WARN] [indestructible/]: epicfight:biped/skill/guard_sword_hit_active2 can't be recognized
[02Sep2026 01:02:32.560] [main/WARN] [indestructible/]: epicfight:biped/skill/guard_sword_hit_active1 can't be recognized
[02Sep2026 01:02:32.592] [main/WARN] [indestructible/]: efn:biped/yamato/biped_hitback_1 can't be recognized
[02Sep2026 01:02:32.592] [main/WARN] [indestructible/]: epicfightx:biped/skill/revelation_normal can't be recognized
[02Sep2026 01:02:32.592] [main/WARN] [indestructible/]: efn:biped/yamato/biped_hitback_1 can't be recognized
[02Sep2026 01:02:32.592] [main/WARN] [indestructible/]: efn:biped/yamato/biped_hitback_1 can't be recognized
[02Sep2026 01:02:32.592] [main/WARN] [indestructible/]: efn:biped/yamato/biped_hitback_1 can't be recognized
[02Sep2026 01:02:32.593] [main/WARN] [indestructible/]: efn:biped/yamato/biped_hitback_1 can't be recognized
[02Sep2026 01:02:32.593] [main/WARN] [indestructible/]: efn:biped/yamato/biped_hitback_1 can't be recognized
[02Sep2026 01:02:32.593] [main/WARN] [indestructible/]: efn:biped/yamato/biped_hitback_1 can't be recognized
[02Sep2026 01:02:32.593] [main/WARN] [indestructible/]: efn:biped/yamato/biped_hitback_1 can't be recognized
[02Sep2026 01:02:32.593] [main/WARN] [indestructible/]: efn:biped/yamato/biped_hitback_1 can't be recognized
[02Sep2026 01:02:32.593] [main/WARN] [indestructible/]: efn:biped/ng_greatsword/ng_great_skill_clash can't be recognized
[02Sep2026 01:02:32.593] [main/WARN] [indestructible/]: efn:biped/yamato/biped_hitback_1 can't be recognized
[02Sep2026 01:02:32.593] [main/WARN] [indestructible/]: efn:biped/yamato/biped_hitback_1 can't be recognized
[02Sep2026 01:02:32.593] [main/WARN] [indestructible/]: efn:biped/yamato/biped_hitback_1 can't be recognized
[02Sep2026 01:02:32.593] [main/WARN] [indestructible/]: efn:biped/yamato/biped_hitback_1 can't be recognized
[02Sep2026 01:02:32.594] [main/WARN] [indestructible/]: efn:biped/yamato/biped_hitback_1 can't be recognized
[02Sep2026 01:02:32.594] [main/WARN] [indestructible/]: efn:biped/yamato/biped_hitback_1 can't be recognized
[02Sep2026 01:02:32.594] [main/WARN] [indestructible/]: efn:biped/yamato/biped_hitback_1 can't be recognized
[02Sep2026 01:02:32.594] [main/WARN] [indestructible/]: efn:biped/yamato/biped_hitback_1 can't be recognized
[02Sep2026 01:02:32.594] [main/WARN] [indestructible/]: efn:biped/nf_meen/nf_meen_auto4 can't be recognized
[02Sep2026 01:02:32.594] [main/WARN] [indestructible/]: efn:biped/yamato/biped_hitback_1 can't be recognized
[02Sep2026 01:02:32.594] [main/WARN] [indestructible/]: efn:biped/yamato/biped_hitback_1 can't be recognized
[02Sep2026 01:02:32.595] [main/WARN] [indestructible/]: efn:biped/yamato/biped_hitback_1 can't be recognized
[02Sep2026 01:02:32.595] [main/WARN] [indestructible/]: efn:biped/yamato/biped_hitback_1 can't be recognized
[02Sep2026 01:02:32.595] [main/WARN] [indestructible/]: efn:biped/yamato/biped_hitback_1 can't be recognized
[02Sep2026 01:02:32.595] [main/WARN] [indestructible/]: efn:biped/yamato/biped_hitback_1 can't be recognized
[02Sep2026 01:02:32.595] [main/WARN] [indestructible/]: efn:biped/yamato/biped_hitback_1 can't be recognized
[02Sep2026 01:02:32.595] [main/WARN] [indestructible/]: efn:biped/yamato/biped_hitback_1 can't be recognized
[02Sep2026 01:02:32.595] [main/WARN] [indestructible/]: efn:biped/nf_tachi/nf_tachi_bloodlust_end can't be recognized
[02Sep2026 01:02:32.595] [main/WARN] [indestructible/]: efn:biped/yamato/biped_hitback_1 can't be recognized
[02Sep2026 01:02:32.596] [main/WARN] [indestructible/]: efn:biped/yamato/biped_hitback_1 can't be recognized
[02Sep2026 01:02:32.596] [main/WARN] [indestructible/]: efn:biped/yamato/biped_hitback_1 can't be recognized
[02Sep2026 01:02:32.596] [main/WARN] [indestructible/]: efn:biped/yamato/biped_hitback_1 can't be recognized
[02Sep2026 01:02:32.596] [main/WARN] [indestructible/]: efn:biped/yamato/biped_hitback_1 can't be recognized
[02Sep2026 01:02:32.596] [main/WARN] [indestructible/]: efn:biped/yamato/biped_hitback_1 can't be recognized
[02Sep2026 01:02:32.596] [main/WARN] [indestructible/]: efn:biped/yamato/biped_hitback_1 can't be recognized
[02Sep2026 01:02:32.596] [main/WARN] [indestructible/]: epicfightx:biped/combat/uchigatana_sheath_dash can't be recognized
[02Sep2026 01:02:32.597] [main/WARN] [indestructible/]: efn:biped/yamato/biped_hitback_1 can't be recognized
[02Sep2026 01:02:32.597] [main/WARN] [indestructible/]: efn:biped/yamato/biped_hitback_1 can't be recognized
[02Sep2026 01:02:32.597] [main/WARN] [indestructible/]: efn:biped/yamato/biped_hitback_1 can't be recognized
[02Sep2026 01:02:32.597] [main/WARN] [indestructible/]: efn:biped/yamato/biped_hitback_1 can't be recognized
[02Sep2026 01:02:32.597] [main/WARN] [indestructible/]: efn:biped/yamato/biped_hitback_1 can't be recognized
[02Sep2026 01:02:32.597] [main/WARN] [indestructible/]: efn:biped/yamato/biped_hitback_1 can't be recognized
[02Sep2026 01:02:32.597] [main/WARN] [indestructible/]: efn:biped/yamato/biped_hitback_1 can't be recognized
[02Sep2026 01:02:32.597] [main/WARN] [indestructible/]: efn:biped/yamato/biped_hitback_1 can't be recognized
[02Sep2026 01:02:32.597] [main/WARN] [indestructible/]: epicfightx:biped/combat/dagger_airslash can't be recognized
[02Sep2026 01:02:32.598] [main/WARN] [indestructible/]: efn:biped/yamato/biped_hitback_1 can't be recognized
[02Sep2026 01:02:32.598] [main/WARN] [indestructible/]: efn:biped/yamato/biped_hitback_1 can't be recognized
[02Sep2026 01:02:32.598] [main/WARN] [indestructible/]: efn:biped/yamato/biped_hitback_1 can't be recognized
[02Sep2026 01:02:32.598] [main/WARN] [indestructible/]: efn:biped/yamato/biped_hitback_1 can't be recognized
[02Sep2026 01:02:32.598] [main/WARN] [indestructible/]: efn:biped/yamato/biped_hitback_1 can't be recognized
[02Sep2026 01:02:32.598] [main/WARN] [indestructible/]: efn:biped/yamato/biped_hitback_1 can't be recognized
[02Sep2026 01:02:32.598] [main/WARN] [indestructible/]: efn:biped/yamato/biped_hitback_1 can't be recognized
[02Sep2026 01:02:32.599] [main/WARN] [indestructible/]: epicfightx:biped/combat/dagger_dual_dash can't be recognized
[02Sep2026 01:02:32.599] [main/WARN] [indestructible/]: efn:biped/yamato/biped_hitback_1 can't be recognized
[02Sep2026 01:02:32.599] [main/WARN] [indestructible/]: efn:biped/yamato/biped_hitback_1 can't be recognized
[02Sep2026 01:02:32.599] [main/WARN] [indestructible/]: efn:biped/yamato/biped_hitback_1 can't be recognized
[02Sep2026 01:02:32.599] [main/WARN] [indestructible/]: efn:biped/yamato/biped_hitback_1 can't be recognized
[02Sep2026 01:02:32.599] [main/WARN] [indestructible/]: efn:biped/yamato/biped_hitback_1 can't be recognized
[02Sep2026 01:02:32.599] [main/WARN] [indestructible/]: efn:biped/yamato/biped_hitback_1 can't be recognized
[02Sep2026 01:02:32.599] [main/WARN] [indestructible/]: efn:biped/yamato/biped_hitback_1 can't be recognized
[02Sep2026 01:02:32.600] [main/WARN] [indestructible/]: epicfightx:biped/skill/dancing_edge can't be recognized
[02Sep2026 01:02:32.600] [main/WARN] [indestructible/]: efn:biped/yamato/biped_hitback_1 can't be recognized
[02Sep2026 01:02:32.600] [main/WARN] [indestructible/]: efn:biped/yamato/biped_hitback_1 can't be recognized
[02Sep2026 01:02:32.600] [main/WARN] [indestructible/]: efn:biped/yamato/biped_hitback_1 can't be recognized
[02Sep2026 01:02:32.600] [main/WARN] [indestructible/]: efn:biped/yamato/biped_hitback_1 can't be recognized
[02Sep2026 01:02:32.600] [main/WARN] [indestructible/]: efn:biped/yamato/biped_hitback_1 can't be recognized
[02Sep2026 01:02:32.600] [main/WARN] [indestructible/]: efn:biped/yamato/biped_hitback_1 can't be recognized
[02Sep2026 01:02:32.600] [main/WARN] [indestructible/]: efn:biped/yamato/biped_hitback_1 can't be recognized
[02Sep2026 01:02:32.601] [main/WARN] [indestructible/]: efn:biped/yamato/biped_hitback_air can't be recognized
[02Sep2026 01:02:32.601] [main/WARN] [indestructible/]: efn:biped/nf_claw/nf_claw_auto3 can't be recognized
[02Sep2026 01:02:32.601] [main/WARN] [indestructible/]: efn:biped/yamato/biped_hitback_1 can't be recognized
[02Sep2026 01:02:32.601] [main/WARN] [indestructible/]: efn:biped/yamato/biped_hitback_1 can't be recognized
[02Sep2026 01:02:32.601] [main/WARN] [indestructible/]: efn:biped/yamato/biped_hitback_1 can't be recognized
[02Sep2026 01:02:32.602] [main/WARN] [indestructible/]: efn:biped/yamato/biped_hitback_1 can't be recognized
[02Sep2026 01:02:32.602] [main/WARN] [indestructible/]: efn:biped/yamato/biped_hitback_1 can't be recognized
[02Sep2026 01:02:32.602] [main/WARN] [indestructible/]: efn:biped/yamato/biped_hitback_1 can't be recognized
[02Sep2026 01:02:32.602] [main/WARN] [indestructible/]: efn:biped/yamato/biped_hitback_1 can't be recognized
[02Sep2026 01:02:32.602] [main/WARN] [indestructible/]: efn:biped/yamato/biped_hitback_1 can't be recognized
[02Sep2026 01:02:32.602] [main/WARN] [indestructible/]: efn:biped/nf_sword/nf_sword_skill can't be recognized
[02Sep2026 01:02:32.602] [main/WARN] [indestructible/]: efn:biped/yamato/biped_hitback_1 can't be recognized
[02Sep2026 01:02:32.603] [main/WARN] [indestructible/]: efn:biped/yamato/biped_hitback_1 can't be recognized
[02Sep2026 01:02:32.603] [main/WARN] [indestructible/]: efn:biped/yamato/biped_hitback_1 can't be recognized
[02Sep2026 01:02:32.603] [main/WARN] [indestructible/]: efn:biped/yamato/biped_hitback_1 can't be recognized
[02Sep2026 01:02:32.603] [main/WARN] [indestructible/]: efn:biped/yamato/biped_hitback_1 can't be recognized
[02Sep2026 01:02:32.603] [main/WARN] [indestructible/]: efn:biped/yamato/biped_hitback_1 can't be recognized
[02Sep2026 01:02:32.603] [main/WARN] [indestructible/]: efn:biped/yamato/biped_hitback_1 can't be recognized
[02Sep2026 01:02:32.603] [main/WARN] [indestructible/]: efn:biped/yamato/biped_hitback_1 can't be recognized
[02Sep2026 01:02:32.603] [main/WARN] [indestructible/]: efn:biped/yamato/biped_hitback_1 can't be recognized
[02Sep2026 01:02:32.603] [main/WARN] [indestructible/]: efn:biped/yamato/biped_hitback_1 can't be recognized
[02Sep2026 01:02:32.603] [main/WARN] [indestructible/]: efn:biped/yamato/biped_hitback_1 can't be recognized
[02Sep2026 01:02:32.603] [main/WARN] [indestructible/]: efn:biped/yamato/biped_hitback_1 can't be recognized
[02Sep2026 01:02:32.603] [main/WARN] [indestructible/]: efn:biped/yamato/biped_hitback_1 can't be recognized
[02Sep2026 01:02:32.604] [main/WARN] [indestructible/]: efn:biped/yamato/biped_hitback_1 can't be recognized
[02Sep2026 01:02:32.604] [main/WARN] [indestructible/]: efn:biped/yamato/biped_hitback_1 can't be recognized
[02Sep2026 01:02:32.618] [main/WARN] [indestructible/]: efn:biped/yamato/biped_hitback_1 can't be recognized
[02Sep2026 01:02:32.618] [main/WARN] [indestructible/]: epicfightx:biped/skill/revelation_normal can't be recognized
[02Sep2026 01:02:32.618] [main/WARN] [indestructible/]: efn:biped/yamato/biped_hitback_1 can't be recognized
[02Sep2026 01:02:32.618] [main/WARN] [indestructible/]: efn:biped/yamato/biped_hitback_1 can't be recognized
[02Sep2026 01:02:32.618] [main/WARN] [indestructible/]: efn:biped/yamato/biped_hitback_1 can't be recognized
[02Sep2026 01:02:32.619] [main/WARN] [indestructible/]: efn:biped/yamato/biped_hitback_1 can't be recognized
[02Sep2026 01:02:32.619] [main/WARN] [indestructible/]: efn:biped/yamato/biped_hitback_1 can't be recognized
[02Sep2026 01:02:32.619] [main/WARN] [indestructible/]: efn:biped/yamato/biped_hitback_1 can't be recognized
[02Sep2026 01:02:32.619] [main/WARN] [indestructible/]: efn:biped/yamato/biped_hitback_1 can't be recognized
[02Sep2026 01:02:32.619] [main/WARN] [indestructible/]: efn:biped/yamato/biped_hitback_1 can't be recognized
[02Sep2026 01:02:32.619] [main/WARN] [indestructible/]: efn:biped/ng_greatsword/ng_great_skill_clash can't be recognized
[02Sep2026 01:02:32.619] [main/WARN] [indestructible/]: efn:biped/yamato/biped_hitback_1 can't be recognized
[02Sep2026 01:02:32.619] [main/WARN] [indestructible/]: efn:biped/yamato/biped_hitback_1 can't be recognized
[02Sep2026 01:02:32.619] [main/WARN] [indestructible/]: efn:biped/yamato/biped_hitback_1 can't be recognized
[02Sep2026 01:02:32.620] [main/WARN] [indestructible/]: efn:biped/yamato/biped_hitback_1 can't be recognized
[02Sep2026 01:02:32.620] [main/WARN] [indestructible/]: efn:biped/yamato/biped_hitback_1 can't be recognized
[02Sep2026 01:02:32.620] [main/WARN] [indestructible/]: efn:biped/yamato/biped_hitback_1 can't be recognized
[02Sep2026 01:02:32.620] [main/WARN] [indestructible/]: efn:biped/yamato/biped_hitback_1 can't be recognized
[02Sep2026 01:02:32.620] [main/WARN] [indestructible/]: efn:biped/yamato/biped_hitback_1 can't be recognized
[02Sep2026 01:02:32.620] [main/WARN] [indestructible/]: efn:biped/nf_meen/nf_meen_auto4 can't be recognized
[02Sep2026 01:02:32.620] [main/WARN] [indestructible/]: efn:biped/yamato/biped_hitback_1 can't be recognized
[02Sep2026 01:02:32.621] [main/WARN] [indestructible/]: efn:biped/yamato/biped_hitback_1 can't be recognized
[02Sep2026 01:02:32.621] [main/WARN] [indestructible/]: efn:biped/yamato/biped_hitback_1 can't be recognized
[02Sep2026 01:02:32.621] [main/WARN] [indestructible/]: efn:biped/yamato/biped_hitback_1 can't be recognized
[02Sep2026 01:02:32.621] [main/WARN] [indestructible/]: efn:biped/yamato/biped_hitback_1 can't be recognized
[02Sep2026 01:02:32.621] [main/WARN] [indestructible/]: efn:biped/yamato/biped_hitback_1 can't be recognized
[02Sep2026 01:02:32.621] [main/WARN] [indestructible/]: efn:biped/yamato/biped_hitback_1 can't be recognized
[02Sep2026 01:02:32.621] [main/WARN] [indestructible/]: efn:biped/yamato/biped_hitback_1 can't be recognized
[02Sep2026 01:02:32.621] [main/WARN] [indestructible/]: efn:biped/nf_tachi/nf_tachi_bloodlust_end can't be recognized
[02Sep2026 01:02:32.621] [main/WARN] [indestructible/]: efn:biped/yamato/biped_hitback_1 can't be recognized
[02Sep2026 01:02:32.622] [main/WARN] [indestructible/]: efn:biped/yamato/biped_hitback_1 can't be recognized
[02Sep2026 01:02:32.622] [main/WARN] [indestructible/]: efn:biped/yamato/biped_hitback_1 can't be recognized
[02Sep2026 01:02:32.622] [main/WARN] [indestructible/]: efn:biped/yamato/biped_hitback_1 can't be recognized
[02Sep2026 01:02:32.622] [main/WARN] [indestructible/]: efn:biped/yamato/biped_hitback_1 can't be recognized
[02Sep2026 01:02:32.622] [main/WARN] [indestructible/]: efn:biped/yamato/biped_hitback_1 can't be recognized
[02Sep2026 01:02:32.622] [main/WARN] [indestructible/]: efn:biped/yamato/biped_hitback_1 can't be recognized
[02Sep2026 01:02:32.622] [main/WARN] [indestructible/]: epicfightx:biped/combat/uchigatana_sheath_dash can't be recognized
[02Sep2026 01:02:32.623] [main/WARN] [indestructible/]: efn:biped/yamato/biped_hitback_1 can't be recognized
[02Sep2026 01:02:32.623] [main/WARN] [indestructible/]: efn:biped/yamato/biped_hitback_1 can't be recognized
[02Sep2026 01:02:32.623] [main/WARN] [indestructible/]: efn:biped/yamato/biped_hitback_1 can't be recognized
[02Sep2026 01:02:32.623] [main/WARN] [indestructible/]: efn:biped/yamato/biped_hitback_1 can't be recognized
[02Sep2026 01:02:32.623] [main/WARN] [indestructible/]: efn:biped/yamato/biped_hitback_1 can't be recognized
[02Sep2026 01:02:32.624] [main/WARN] [indestructible/]: efn:biped/yamato/biped_hitback_1 can't be recognized
[02Sep2026 01:02:32.624] [main/WARN] [indestructible/]: efn:biped/yamato/biped_hitback_1 can't be recognized
[02Sep2026 01:02:32.624] [main/WARN] [indestructible/]: efn:biped/yamato/biped_hitback_1 can't be recognized
[02Sep2026 01:02:32.624] [main/WARN] [indestructible/]: epicfightx:biped/combat/dagger_airslash can't be recognized
[02Sep2026 01:02:32.625] [main/WARN] [indestructible/]: efn:biped/yamato/biped_hitback_1 can't be recognized
[02Sep2026 01:02:32.625] [main/WARN] [indestructible/]: efn:biped/yamato/biped_hitback_1 can't be recognized
[02Sep2026 01:02:32.625] [main/WARN] [indestructible/]: efn:biped/yamato/biped_hitback_1 can't be recognized
[02Sep2026 01:02:32.625] [main/WARN] [indestructible/]: efn:biped/yamato/biped_hitback_1 can't be recognized
[02Sep2026 01:02:32.626] [main/WARN] [indestructible/]: efn:biped/yamato/biped_hitback_1 can't be recognized
[02Sep2026 01:02:32.626] [main/WARN] [indestructible/]: efn:biped/yamato/biped_hitback_1 can't be recognized
[02Sep2026 01:02:32.626] [main/WARN] [indestructible/]: efn:biped/yamato/biped_hitback_1 can't be recognized
[02Sep2026 01:02:32.626] [main/WARN] [indestructible/]: epicfightx:biped/combat/dagger_dual_dash can't be recognized
[02Sep2026 01:02:32.627] [main/WARN] [indestructible/]: efn:biped/yamato/biped_hitback_1 can't be recognized
[02Sep2026 01:02:32.627] [main/WARN] [indestructible/]: efn:biped/yamato/biped_hitback_1 can't be recognized
[02Sep2026 01:02:32.627] [main/WARN] [indestructible/]: efn:biped/yamato/biped_hitback_1 can't be recognized
[02Sep2026 01:02:32.627] [main/WARN] [indestructible/]: efn:biped/yamato/biped_hitback_1 can't be recognized
[02Sep2026 01:02:32.628] [main/WARN] [indestructible/]: efn:biped/yamato/biped_hitback_1 can't be recognized
[02Sep2026 01:02:32.628] [main/WARN] [indestructible/]: efn:biped/yamato/biped_hitback_1 can't be recognized
[02Sep2026 01:02:32.628] [main/WARN] [indestructible/]: efn:biped/yamato/biped_hitback_1 can't be recognized
[02Sep2026 01:02:32.628] [main/WARN] [indestructible/]: epicfightx:biped/skill/dancing_edge can't be recognized
[02Sep2026 01:02:32.629] [main/WARN] [indestructible/]: efn:biped/yamato/biped_hitback_1 can't be recognized
[02Sep2026 01:02:32.629] [main/WARN] [indestructible/]: efn:biped/yamato/biped_hitback_1 can't be recognized
[02Sep2026 01:02:32.629] [main/WARN] [indestructible/]: efn:biped/yamato/biped_hitback_1 can't be recognized
[02Sep2026 01:02:32.629] [main/WARN] [indestructible/]: efn:biped/yamato/biped_hitback_1 can't be recognized
[02Sep2026 01:02:32.630] [main/WARN] [indestructible/]: efn:biped/yamato/biped_hitback_1 can't be recognized
[02Sep2026 01:02:32.630] [main/WARN] [indestructible/]: efn:biped/yamato/biped_hitback_1 can't be recognized
[02Sep2026 01:02:32.630] [main/WARN] [indestructible/]: efn:biped/yamato/biped_hitback_1 can't be recognized
[02Sep2026 01:02:32.631] [main/WARN] [indestructible/]: efn:biped/yamato/biped_hitback_air can't be recognized
[02Sep2026 01:02:32.631] [main/WARN] [indestructible/]: efn:biped/nf_claw/nf_claw_auto3 can't be recognized
[02Sep2026 01:02:32.631] [main/WARN] [indestructible/]: efn:biped/yamato/biped_hitback_1 can't be recognized
[02Sep2026 01:02:32.632] [main/WARN] [indestructible/]: efn:biped/yamato/biped_hitback_1 can't be recognized
[02Sep2026 01:02:32.632] [main/WARN] [indestructible/]: efn:biped/yamato/biped_hitback_1 can't be recognized
[02Sep2026 01:02:32.632] [main/WARN] [indestructible/]: efn:biped/yamato/biped_hitback_1 can't be recognized
[02Sep2026 01:02:32.632] [main/WARN] [indestructible/]: efn:biped/yamato/biped_hitback_1 can't be recognized
[02Sep2026 01:02:32.632] [main/WARN] [indestructible/]: efn:biped/yamato/biped_hitback_1 can't be recognized
[02Sep2026 01:02:32.633] [main/WARN] [indestructible/]: efn:biped/yamato/biped_hitback_1 can't be recognized
[02Sep2026 01:02:32.633] [main/WARN] [indestructible/]: efn:biped/yamato/biped_hitback_1 can't be recognized
[02Sep2026 01:02:32.633] [main/WARN] [indestructible/]: efn:biped/nf_sword/nf_sword_skill can't be recognized
[02Sep2026 01:02:32.634] [main/WARN] [indestructible/]: efn:biped/yamato/biped_hitback_1 can't be recognized
[02Sep2026 01:02:32.634] [main/WARN] [indestructible/]: efn:biped/yamato/biped_hitback_1 can't be recognized
[02Sep2026 01:02:32.634] [main/WARN] [indestructible/]: efn:biped/yamato/biped_hitback_1 can't be recognized
[02Sep2026 01:02:32.634] [main/WARN] [indestructible/]: efn:biped/yamato/biped_hitback_1 can't be recognized
[02Sep2026 01:02:32.634] [main/WARN] [indestructible/]: efn:biped/yamato/biped_hitback_1 can't be recognized
[02Sep2026 01:02:32.634] [main/WARN] [indestructible/]: efn:biped/yamato/biped_hitback_1 can't be recognized
[02Sep2026 01:02:32.634] [main/WARN] [indestructible/]: efn:biped/yamato/biped_hitback_1 can't be recognized
[02Sep2026 01:02:32.635] [main/WARN] [indestructible/]: efn:biped/yamato/biped_hitback_1 can't be recognized
[02Sep2026 01:02:32.635] [main/WARN] [indestructible/]: efn:biped/yamato/biped_hitback_1 can't be recognized
[02Sep2026 01:02:32.635] [main/WARN] [indestructible/]: efn:biped/yamato/biped_hitback_1 can't be recognized
[02Sep2026 01:02:32.635] [main/WARN] [indestructible/]: efn:biped/yamato/biped_hitback_1 can't be recognized
[02Sep2026 01:02:32.635] [main/WARN] [indestructible/]: efn:biped/yamato/biped_hitback_1 can't be recognized
[02Sep2026 01:02:32.635] [main/WARN] [indestructible/]: efn:biped/yamato/biped_hitback_1 can't be recognized
[02Sep2026 01:02:32.635] [main/WARN] [indestructible/]: efn:biped/yamato/biped_hitback_1 can't be recognized
[02Sep2026 01:02:32.635] [main/WARN] [indestructible/]: efn:biped/yamato/biped_hitback_1 can't be recognized
[02Sep2026 01:02:32.654] [main/WARN] [indestructible/]: efn:biped/yamato/biped_hitback_1 can't be recognized
[02Sep2026 01:02:32.655] [main/WARN] [indestructible/]: epicfightx:biped/skill/revelation_normal can't be recognized
[02Sep2026 01:02:32.655] [main/WARN] [indestructible/]: efn:biped/yamato/biped_hitback_1 can't be recognized
[02Sep2026 01:02:32.655] [main/WARN] [indestructible/]: efn:biped/yamato/biped_hitback_1 can't be recognized
[02Sep2026 01:02:32.655] [main/WARN] [indestructible/]: efn:biped/yamato/biped_hitback_1 can't be recognized
[02Sep2026 01:02:32.655] [main/WARN] [indestructible/]: efn:biped/yamato/biped_hitback_1 can't be recognized
[02Sep2026 01:02:32.655] [main/WARN] [indestructible/]: efn:biped/yamato/biped_hitback_1 can't be recognized
[02Sep2026 01:02:32.655] [main/WARN] [indestructible/]: efn:biped/yamato/biped_hitback_1 can't be recognized
[02Sep2026 01:02:32.655] [main/WARN] [indestructible/]: efn:biped/yamato/biped_hitback_1 can't be recognized
[02Sep2026 01:02:32.655] [main/WARN] [indestructible/]: efn:biped/yamato/biped_hitback_1 can't be recognized
[02Sep2026 01:02:32.655] [main/WARN] [indestructible/]: efn:biped/ng_greatsword/ng_great_skill_clash can't be recognized
[02Sep2026 01:02:32.656] [main/WARN] [indestructible/]: efn:biped/yamato/biped_hitback_1 can't be recognized
[02Sep2026 01:02:32.656] [main/WARN] [indestructible/]: efn:biped/yamato/biped_hitback_1 can't be recognized
[02Sep2026 01:02:32.656] [main/WARN] [indestructible/]: efn:biped/yamato/biped_hitback_1 can't be recognized
[02Sep2026 01:02:32.656] [main/WARN] [indestructible/]: efn:biped/yamato/biped_hitback_1 can't be recognized
[02Sep2026 01:02:32.656] [main/WARN] [indestructible/]: efn:biped/yamato/biped_hitback_1 can't be recognized
[02Sep2026 01:02:32.656] [main/WARN] [indestructible/]: efn:biped/yamato/biped_hitback_1 can't be recognized
[02Sep2026 01:02:32.656] [main/WARN] [indestructible/]: efn:biped/yamato/biped_hitback_1 can't be recognized
[02Sep2026 01:02:32.656] [main/WARN] [indestructible/]: efn:biped/yamato/biped_hitback_1 can't be recognized
[02Sep2026 01:02:32.656] [main/WARN] [indestructible/]: efn:biped/nf_meen/nf_meen_auto4 can't be recognized
[02Sep2026 01:02:32.656] [main/WARN] [indestructible/]: efn:biped/yamato/biped_hitback_1 can't be recognized
[02Sep2026 01:02:32.657] [main/WARN] [indestructible/]: efn:biped/yamato/biped_hitback_1 can't be recognized
[02Sep2026 01:02:32.657] [main/WARN] [indestructible/]: efn:biped/yamato/biped_hitback_1 can't be recognized
[02Sep2026 01:02:32.657] [main/WARN] [indestructible/]: efn:biped/yamato/biped_hitback_1 can't be recognized
[02Sep2026 01:02:32.657] [main/WARN] [indestructible/]: efn:biped/yamato/biped_hitback_1 can't be recognized
[02Sep2026 01:02:32.657] [main/WARN] [indestructible/]: efn:biped/yamato/biped_hitback_1 can't be recognized
[02Sep2026 01:02:32.657] [main/WARN] [indestructible/]: efn:biped/yamato/biped_hitback_1 can't be recognized
[02Sep2026 01:02:32.657] [main/WARN] [indestructible/]: efn:biped/yamato/biped_hitback_1 can't be recognized
[02Sep2026 01:02:32.657] [main/WARN] [indestructible/]: efn:biped/nf_tachi/nf_tachi_bloodlust_end can't be recognized
[02Sep2026 01:02:32.657] [main/WARN] [indestructible/]: efn:biped/yamato/biped_hitback_1 can't be recognized
[02Sep2026 01:02:32.657] [main/WARN] [indestructible/]: efn:biped/yamato/biped_hitback_1 can't be recognized
[02Sep2026 01:02:32.657] [main/WARN] [indestructible/]: efn:biped/yamato/biped_hitback_1 can't be recognized
[02Sep2026 01:02:32.658] [main/WARN] [indestructible/]: efn:biped/yamato/biped_hitback_1 can't be recognized
[02Sep2026 01:02:32.658] [main/WARN] [indestructible/]: efn:biped/yamato/biped_hitback_1 can't be recognized
[02Sep2026 01:02:32.658] [main/WARN] [indestructible/]: efn:biped/yamato/biped_hitback_1 can't be recognized
[02Sep2026 01:02:32.658] [main/WARN] [indestructible/]: efn:biped/yamato/biped_hitback_1 can't be recognized
[02Sep2026 01:02:32.658] [main/WARN] [indestructible/]: epicfightx:biped/combat/uchigatana_sheath_dash can't be recognized
[02Sep2026 01:02:32.658] [main/WARN] [indestructible/]: efn:biped/yamato/biped_hitback_1 can't be recognized
[02Sep2026 01:02:32.658] [main/WARN] [indestructible/]: efn:biped/yamato/biped_hitback_1 can't be recognized
[02Sep2026 01:02:32.658] [main/WARN] [indestructible/]: efn:biped/yamato/biped_hitback_1 can't be recognized
[02Sep2026 01:02:32.658] [main/WARN] [indestructible/]: efn:biped/yamato/biped_hitback_1 can't be recognized
[02Sep2026 01:02:32.658] [main/WARN] [indestructible/]: efn:biped/yamato/biped_hitback_1 can't be recognized
[02Sep2026 01:02:32.658] [main/WARN] [indestructible/]: efn:biped/yamato/biped_hitback_1 can't be recognized
[02Sep2026 01:02:32.659] [main/WARN] [indestructible/]: efn:biped/yamato/biped_hitback_1 can't be recognized
[02Sep2026 01:02:32.659] [main/WARN] [indestructible/]: efn:biped/yamato/biped_hitback_1 can't be recognized
[02Sep2026 01:02:32.659] [main/WARN] [indestructible/]: epicfightx:biped/combat/dagger_airslash can't be recognized
[02Sep2026 01:02:32.659] [main/WARN] [indestructible/]: efn:biped/yamato/biped_hitback_1 can't be recognized
[02Sep2026 01:02:32.659] [main/WARN] [indestructible/]: efn:biped/yamato/biped_hitback_1 can't be recognized
[02Sep2026 01:02:32.659] [main/WARN] [indestructible/]: efn:biped/yamato/biped_hitback_1 can't be recognized
[02Sep2026 01:02:32.659] [main/WARN] [indestructible/]: efn:biped/yamato/biped_hitback_1 can't be recognized
[02Sep2026 01:02:32.659] [main/WARN] [indestructible/]: efn:biped/yamato/biped_hitback_1 can't be recognized
[02Sep2026 01:02:32.659] [main/WARN] [indestructible/]: efn:biped/yamato/biped_hitback_1 can't be recognized
[02Sep2026 01:02:32.659] [main/WARN] [indestructible/]: efn:biped/yamato/biped_hitback_1 can't be recognized
[02Sep2026 01:02:32.660] [main/WARN] [indestructible/]: epicfightx:biped/combat/dagger_dual_dash can't be recognized
[02Sep2026 01:02:32.660] [main/WARN] [indestructible/]: efn:biped/yamato/biped_hitback_1 can't be recognized
[02Sep2026 01:02:32.660] [main/WARN] [indestructible/]: efn:biped/yamato/biped_hitback_1 can't be recognized
[02Sep2026 01:02:32.660] [main/WARN] [indestructible/]: efn:biped/yamato/biped_hitback_1 can't be recognized
[02Sep2026 01:02:32.660] [main/WARN] [indestructible/]: efn:biped/yamato/biped_hitback_1 can't be recognized
[02Sep2026 01:02:32.660] [main/WARN] [indestructible/]: efn:biped/yamato/biped_hitback_1 can't be recognized
[02Sep2026 01:02:32.660] [main/WARN] [indestructible/]: efn:biped/yamato/biped_hitback_1 can't be recognized
[02Sep2026 01:02:32.660] [main/WARN] [indestructible/]: efn:biped/yamato/biped_hitback_1 can't be recognized
[02Sep2026 01:02:32.660] [main/WARN] [indestructible/]: epicfightx:biped/skill/dancing_edge can't be recognized
[02Sep2026 01:02:32.660] [main/WARN] [indestructible/]: efn:biped/yamato/biped_hitback_1 can't be recognized
[02Sep2026 01:02:32.661] [main/WARN] [indestructible/]: efn:biped/yamato/biped_hitback_1 can't be recognized
[02Sep2026 01:02:32.661] [main/WARN] [indestructible/]: efn:biped/yamato/biped_hitback_1 can't be recognized
[02Sep2026 01:02:32.661] [main/WARN] [indestructible/]: efn:biped/yamato/biped_hitback_1 can't be recognized
[02Sep2026 01:02:32.661] [main/WARN] [indestructible/]: efn:biped/yamato/biped_hitback_1 can't be recognized
[02Sep2026 01:02:32.661] [main/WARN] [indestructible/]: efn:biped/yamato/biped_hitback_1 can't be recognized
[02Sep2026 01:02:32.661] [main/WARN] [indestructible/]: efn:biped/yamato/biped_hitback_1 can't be recognized
[02Sep2026 01:02:32.661] [main/WARN] [indestructible/]: efn:biped/yamato/biped_hitback_air can't be recognized
[02Sep2026 01:02:32.662] [main/WARN] [indestructible/]: efn:biped/nf_claw/nf_claw_auto3 can't be recognized
[02Sep2026 01:02:32.662] [main/WARN] [indestructible/]: efn:biped/yamato/biped_hitback_1 can't be recognized
[02Sep2026 01:02:32.662] [main/WARN] [indestructible/]: efn:biped/yamato/biped_hitback_1 can't be recognized
[02Sep2026 01:02:32.662] [main/WARN] [indestructible/]: efn:biped/yamato/biped_hitback_1 can't be recognized
[02Sep2026 01:02:32.662] [main/WARN] [indestructible/]: efn:biped/yamato/biped_hitback_1 can't be recognized
[02Sep2026 01:02:32.662] [main/WARN] [indestructible/]: efn:biped/yamato/biped_hitback_1 can't be recognized
[02Sep2026 01:02:32.662] [main/WARN] [indestructible/]: efn:biped/yamato/biped_hitback_1 can't be recognized
[02Sep2026 01:02:32.662] [main/WARN] [indestructible/]: efn:biped/yamato/biped_hitback_1 can't be recognized
[02Sep2026 01:02:32.662] [main/WARN] [indestructible/]: efn:biped/yamato/biped_hitback_1 can't be recognized
[02Sep2026 01:02:32.662] [main/WARN] [indestructible/]: efn:biped/nf_sword/nf_sword_skill can't be recognized
[02Sep2026 01:02:32.663] [main/WARN] [indestructible/]: efn:biped/yamato/biped_hitback_1 can't be recognized
[02Sep2026 01:02:32.663] [main/WARN] [indestructible/]: efn:biped/yamato/biped_hitback_1 can't be recognized
[02Sep2026 01:02:32.663] [main/WARN] [indestructible/]: efn:biped/yamato/biped_hitback_1 can't be recognized
[02Sep2026 01:02:32.663] [main/WARN] [indestructible/]: efn:biped/yamato/biped_hitback_1 can't be recognized
[02Sep2026 01:02:32.663] [main/WARN] [indestructible/]: efn:biped/yamato/biped_hitback_1 can't be recognized
[02Sep2026 01:02:32.663] [main/WARN] [indestructible/]: efn:biped/yamato/biped_hitback_1 can't be recognized
[02Sep2026 01:02:32.663] [main/WARN] [indestructible/]: efn:biped/yamato/biped_hitback_1 can't be recognized
[02Sep2026 01:02:32.663] [main/WARN] [indestructible/]: efn:biped/yamato/biped_hitback_1 can't be recognized
[02Sep2026 01:02:32.663] [main/WARN] [indestructible/]: efn:biped/yamato/biped_hitback_1 can't be recognized
[02Sep2026 01:02:32.663] [main/WARN] [indestructible/]: efn:biped/yamato/biped_hitback_1 can't be recognized
[02Sep2026 01:02:32.663] [main/WARN] [indestructible/]: efn:biped/yamato/biped_hitback_1 can't be recognized
[02Sep2026 01:02:32.664] [main/WARN] [indestructible/]: efn:biped/yamato/biped_hitback_1 can't be recognized
[02Sep2026 01:02:32.664] [main/WARN] [indestructible/]: efn:biped/yamato/biped_hitback_1 can't be recognized
[02Sep2026 01:02:32.664] [main/WARN] [indestructible/]: efn:biped/yamato/biped_hitback_1 can't be recognized
[02Sep2026 01:02:32.664] [main/WARN] [indestructible/]: efn:biped/yamato/biped_hitback_1 can't be recognized
[02Sep2026 01:02:32.666] [main/WARN] [indestructible/]: efn:biped/yamato/biped_hitback_1 can't be recognized
[02Sep2026 01:02:32.666] [main/WARN] [indestructible/]: efn:biped/nf_sword/nf_sword_skill can't be recognized
[02Sep2026 01:02:32.666] [main/WARN] [indestructible/]: efn:biped/yamato/biped_hitback_1 can't be recognized
[02Sep2026 01:02:32.686] [main/WARN] [indestructible/]: efn:biped/yamato/biped_hitback_1 can't be recognized
[02Sep2026 01:02:32.686] [main/WARN] [indestructible/]: epicfightx:biped/skill/revelation_normal can't be recognized
[02Sep2026 01:02:32.686] [main/WARN] [indestructible/]: efn:biped/yamato/biped_hitback_1 can't be recognized
[02Sep2026 01:02:32.686] [main/WARN] [indestructible/]: efn:biped/yamato/biped_hitback_1 can't be recognized
[02Sep2026 01:02:32.686] [main/WARN] [indestructible/]: efn:biped/yamato/biped_hitback_1 can't be recognized
[02Sep2026 01:02:32.686] [main/WARN] [indestructible/]: efn:biped/yamato/biped_hitback_1 can't be recognized
[02Sep2026 01:02:32.686] [main/WARN] [indestructible/]: efn:biped/yamato/biped_hitback_1 can't be recognized
[02Sep2026 01:02:32.686] [main/WARN] [indestructible/]: efn:biped/yamato/biped_hitback_1 can't be recognized
[02Sep2026 01:02:32.686] [main/WARN] [indestructible/]: efn:biped/yamato/biped_hitback_1 can't be recognized
[02Sep2026 01:02:32.687] [main/WARN] [indestructible/]: efn:biped/yamato/biped_hitback_1 can't be recognized
[02Sep2026 01:02:32.687] [main/WARN] [indestructible/]: efn:biped/ng_greatsword/ng_great_skill_clash can't be recognized
[02Sep2026 01:02:32.687] [main/WARN] [indestructible/]: efn:biped/yamato/biped_hitback_1 can't be recognized
[02Sep2026 01:02:32.687] [main/WARN] [indestructible/]: efn:biped/yamato/biped_hitback_1 can't be recognized
[02Sep2026 01:02:32.687] [main/WARN] [indestructible/]: efn:biped/yamato/biped_hitback_1 can't be recognized
[02Sep2026 01:02:32.687] [main/WARN] [indestructible/]: efn:biped/yamato/biped_hitback_1 can't be recognized
[02Sep2026 01:02:32.687] [main/WARN] [indestructible/]: efn:biped/yamato/biped_hitback_1 can't be recognized
[02Sep2026 01:02:32.687] [main/WARN] [indestructible/]: efn:biped/yamato/biped_hitback_1 can't be recognized
[02Sep2026 01:02:32.687] [main/WARN] [indestructible/]: efn:biped/yamato/biped_hitback_1 can't be recognized
[02Sep2026 01:02:32.687] [main/WARN] [indestructible/]: efn:biped/yamato/biped_hitback_1 can't be recognized
[02Sep2026 01:02:32.688] [main/WARN] [indestructible/]: efn:biped/nf_meen/nf_meen_auto4 can't be recognized
[02Sep2026 01:02:32.688] [main/WARN] [indestructible/]: efn:biped/yamato/biped_hitback_1 can't be recognized
[02Sep2026 01:02:32.688] [main/WARN] [indestructible/]: efn:biped/yamato/biped_hitback_1 can't be recognized
[02Sep2026 01:02:32.688] [main/WARN] [indestructible/]: efn:biped/yamato/biped_hitback_1 can't be recognized
[02Sep2026 01:02:32.688] [main/WARN] [indestructible/]: efn:biped/yamato/biped_hitback_1 can't be recognized
[02Sep2026 01:02:32.688] [main/WARN] [indestructible/]: efn:biped/yamato/biped_hitback_1 can't be recognized
[02Sep2026 01:02:32.688] [main/WARN] [indestructible/]: efn:biped/yamato/biped_hitback_1 can't be recognized
[02Sep2026 01:02:32.688] [main/WARN] [indestructible/]: efn:biped/yamato/biped_hitback_1 can't be recognized
[02Sep2026 01:02:32.688] [main/WARN] [indestructible/]: efn:biped/yamato/biped_hitback_1 can't be recognized
[02Sep2026 01:02:32.688] [main/WARN] [indestructible/]: efn:biped/nf_tachi/nf_tachi_bloodlust_end can't be recognized
[02Sep2026 01:02:32.689] [main/WARN] [indestructible/]: efn:biped/yamato/biped_hitback_1 can't be recognized
[02Sep2026 01:02:32.689] [main/WARN] [indestructible/]: efn:biped/yamato/biped_hitback_1 can't be recognized
[02Sep2026 01:02:32.689] [main/WARN] [indestructible/]: efn:biped/yamato/biped_hitback_1 can't be recognized
[02Sep2026 01:02:32.689] [main/WARN] [indestructible/]: efn:biped/yamato/biped_hitback_1 can't be recognized
[02Sep2026 01:02:32.689] [main/WARN] [indestructible/]: efn:biped/yamato/biped_hitback_1 can't be recognized
[02Sep2026 01:02:32.689] [main/WARN] [indestructible/]: efn:biped/yamato/biped_hitback_1 can't be recognized
[02Sep2026 01:02:32.689] [main/WARN] [indestructible/]: efn:biped/yamato/biped_hitback_1 can't be recognized
[02Sep2026 01:02:32.689] [main/WARN] [indestructible/]: epicfightx:biped/combat/uchigatana_sheath_dash can't be recognized
[02Sep2026 01:02:32.689] [main/WARN] [indestructible/]: efn:biped/yamato/biped_hitback_1 can't be recognized
[02Sep2026 01:02:32.690] [main/WARN] [indestructible/]: efn:biped/yamato/biped_hitback_1 can't be recognized
[02Sep2026 01:02:32.690] [main/WARN] [indestructible/]: efn:biped/yamato/biped_hitback_1 can't be recognized
[02Sep2026 01:02:32.690] [main/WARN] [indestructible/]: efn:biped/yamato/biped_hitback_1 can't be recognized
[02Sep2026 01:02:32.690] [main/WARN] [indestructible/]: efn:biped/yamato/biped_hitback_1 can't be recognized
[02Sep2026 01:02:32.690] [main/WARN] [indestructible/]: efn:biped/yamato/biped_hitback_1 can't be recognized
[02Sep2026 01:02:32.690] [main/WARN] [indestructible/]: efn:biped/yamato/biped_hitback_1 can't be recognized
[02Sep2026 01:02:32.690] [main/WARN] [indestructible/]: efn:biped/yamato/biped_hitback_1 can't be recognized
[02Sep2026 01:02:32.690] [main/WARN] [indestructible/]: epicfightx:biped/combat/dagger_airslash can't be recognized
[02Sep2026 01:02:32.690] [main/WARN] [indestructible/]: efn:biped/yamato/biped_hitback_1 can't be recognized
[02Sep2026 01:02:32.691] [main/WARN] [indestructible/]: efn:biped/yamato/biped_hitback_1 can't be recognized
[02Sep2026 01:02:32.691] [main/WARN] [indestructible/]: efn:biped/yamato/biped_hitback_1 can't be recognized
[02Sep2026 01:02:32.691] [main/WARN] [indestructible/]: efn:biped/yamato/biped_hitback_1 can't be recognized
[02Sep2026 01:02:32.691] [main/WARN] [indestructible/]: efn:biped/yamato/biped_hitback_1 can't be recognized
[02Sep2026 01:02:32.691] [main/WARN] [indestructible/]: efn:biped/yamato/biped_hitback_1 can't be recognized
[02Sep2026 01:02:32.691] [main/WARN] [indestructible/]: efn:biped/yamato/biped_hitback_1 can't be recognized
[02Sep2026 01:02:32.691] [main/WARN] [indestructible/]: epicfightx:biped/combat/dagger_dual_dash can't be recognized
[02Sep2026 01:02:32.691] [main/WARN] [indestructible/]: efn:biped/yamato/biped_hitback_1 can't be recognized
[02Sep2026 01:02:32.691] [main/WARN] [indestructible/]: efn:biped/yamato/biped_hitback_1 can't be recognized
[02Sep2026 01:02:32.692] [main/WARN] [indestructible/]: efn:biped/yamato/biped_hitback_1 can't be recognized
[02Sep2026 01:02:32.692] [main/WARN] [indestructible/]: efn:biped/yamato/biped_hitback_1 can't be recognized
[02Sep2026 01:02:32.692] [main/WARN] [indestructible/]: efn:biped/yamato/biped_hitback_1 can't be recognized
[02Sep2026 01:02:32.692] [main/WARN] [indestructible/]: efn:biped/yamato/biped_hitback_1 can't be recognized
[02Sep2026 01:02:32.692] [main/WARN] [indestructible/]: efn:biped/yamato/biped_hitback_1 can't be recognized
[02Sep2026 01:02:32.692] [main/WARN] [indestructible/]: epicfightx:biped/skill/dancing_edge can't be recognized
[02Sep2026 01:02:32.692] [main/WARN] [indestructible/]: efn:biped/yamato/biped_hitback_1 can't be recognized
[02Sep2026 01:02:32.692] [main/WARN] [indestructible/]: efn:biped/yamato/biped_hitback_1 can't be recognized
[02Sep2026 01:02:32.692] [main/WARN] [indestructible/]: efn:biped/yamato/biped_hitback_1 can't be recognized
[02Sep2026 01:02:32.692] [main/WARN] [indestructible/]: efn:biped/yamato/biped_hitback_1 can't be recognized
[02Sep2026 01:02:32.693] [main/WARN] [indestructible/]: efn:biped/yamato/biped_hitback_1 can't be recognized
[02Sep2026 01:02:32.693] [main/WARN] [indestructible/]: efn:biped/yamato/biped_hitback_1 can't be recognized
[02Sep2026 01:02:32.693] [main/WARN] [indestructible/]: efn:biped/yamato/biped_hitback_1 can't be recognized
[02Sep2026 01:02:32.694] [main/WARN] [indestructible/]: efn:biped/yamato/biped_hitback_air can't be recognized
[02Sep2026 01:02:32.694] [main/WARN] [indestructible/]: efn:biped/nf_claw/nf_claw_auto3 can't be recognized
[02Sep2026 01:02:32.695] [main/WARN] [indestructible/]: efn:biped/yamato/biped_hitback_1 can't be recognized
[02Sep2026 01:02:32.695] [main/WARN] [indestructible/]: efn:biped/yamato/biped_hitback_1 can't be recognized
[02Sep2026 01:02:32.695] [main/WARN] [indestructible/]: efn:biped/yamato/biped_hitback_1 can't be recognized
[02Sep2026 01:02:32.695] [main/WARN] [indestructible/]: efn:biped/yamato/biped_hitback_1 can't be recognized
[02Sep2026 01:02:32.695] [main/WARN] [indestructible/]: efn:biped/yamato/biped_hitback_1 can't be recognized
[02Sep2026 01:02:32.695] [main/WARN] [indestructible/]: efn:biped/yamato/biped_hitback_1 can't be recognized
[02Sep2026 01:02:32.695] [main/WARN] [indestructible/]: efn:biped/yamato/biped_hitback_1 can't be recognized
[02Sep2026 01:02:32.695] [main/WARN] [indestructible/]: efn:biped/yamato/biped_hitback_1 can't be recognized
[02Sep2026 01:02:32.695] [main/WARN] [indestructible/]: efn:biped/nf_sword/nf_sword_skill can't be recognized
[02Sep2026 01:02:32.696] [main/WARN] [indestructible/]: efn:biped/yamato/biped_hitback_1 can't be recognized
[02Sep2026 01:02:32.696] [main/WARN] [indestructible/]: efn:biped/yamato/biped_hitback_1 can't be recognized
[02Sep2026 01:02:32.696] [main/WARN] [indestructible/]: efn:biped/yamato/biped_hitback_1 can't be recognized
[02Sep2026 01:02:32.696] [main/WARN] [indestructible/]: efn:biped/yamato/biped_hitback_1 can't be recognized
[02Sep2026 01:02:32.696] [main/WARN] [indestructible/]: efn:biped/yamato/biped_hitback_1 can't be recognized
[02Sep2026 01:02:32.696] [main/WARN] [indestructible/]: efn:biped/yamato/biped_hitback_1 can't be recognized
[02Sep2026 01:02:32.697] [main/WARN] [indestructible/]: efn:biped/yamato/biped_hitback_1 can't be recognized
[02Sep2026 01:02:32.697] [main/WARN] [indestructible/]: efn:biped/yamato/biped_hitback_1 can't be recognized
[02Sep2026 01:02:32.697] [main/WARN] [indestructible/]: efn:biped/yamato/biped_hitback_1 can't be recognized
[02Sep2026 01:02:32.697] [main/WARN] [indestructible/]: efn:biped/yamato/biped_hitback_1 can't be recognized
[02Sep2026 01:02:32.697] [main/WARN] [indestructible/]: efn:biped/yamato/biped_hitback_1 can't be recognized
[02Sep2026 01:02:32.697] [main/WARN] [indestructible/]: efn:biped/yamato/biped_hitback_1 can't be recognized
[02Sep2026 01:02:32.697] [main/WARN] [indestructible/]: efn:biped/yamato/biped_hitback_1 can't be recognized
[02Sep2026 01:02:32.697] [main/WARN] [indestructible/]: efn:biped/yamato/biped_hitback_1 can't be recognized
[02Sep2026 01:02:32.698] [main/WARN] [indestructible/]: efn:biped/yamato/biped_hitback_1 can't be recognized
[02Sep2026 01:02:32.700] [main/WARN] [indestructible/]: efn:biped/yamato/biped_hitback_air can't be recognized
[02Sep2026 01:02:32.700] [main/WARN] [indestructible/]: efn:biped/nf_claw/nf_claw_auto3 can't be recognized
[02Sep2026 01:02:32.700] [main/WARN] [indestructible/]: efn:biped/yamato/biped_hitback_1 can't be recognized
[02Sep2026 01:02:32.700] [main/WARN] [indestructible/]: efn:biped/yamato/biped_hitback_1 can't be recognized
[02Sep2026 01:02:32.700] [main/WARN] [indestructible/]: efn:biped/yamato/biped_hitback_1 can't be recognized
[02Sep2026 01:02:32.701] [main/WARN] [indestructible/]: efn:biped/yamato/biped_hitback_1 can't be recognized
[02Sep2026 01:02:32.701] [main/WARN] [indestructible/]: efn:biped/yamato/biped_hitback_1 can't be recognized
[02Sep2026 01:02:32.701] [main/WARN] [indestructible/]: efn:biped/yamato/biped_hitback_1 can't be recognized
[02Sep2026 01:02:32.701] [main/WARN] [indestructible/]: efn:biped/yamato/biped_hitback_1 can't be recognized
[02Sep2026 01:02:32.711] [main/WARN] [indestructible/]: efn:biped/yamato/biped_hitback_1 can't be recognized
[02Sep2026 01:02:32.712] [main/WARN] [indestructible/]: epicfightx:biped/skill/revelation_normal can't be recognized
[02Sep2026 01:02:32.712] [main/WARN] [indestructible/]: efn:biped/yamato/biped_hitback_1 can't be recognized
[02Sep2026 01:02:32.712] [main/WARN] [indestructible/]: efn:biped/yamato/biped_hitback_1 can't be recognized
[02Sep2026 01:02:32.712] [main/WARN] [indestructible/]: efn:biped/yamato/biped_hitback_1 can't be recognized
[02Sep2026 01:02:32.712] [main/WARN] [indestructible/]: efn:biped/yamato/biped_hitback_1 can't be recognized
[02Sep2026 01:02:32.712] [main/WARN] [indestructible/]: efn:biped/yamato/biped_hitback_1 can't be recognized
[02Sep2026 01:02:32.712] [main/WARN] [indestructible/]: efn:biped/yamato/biped_hitback_1 can't be recognized
[02Sep2026 01:02:32.712] [main/WARN] [indestructible/]: efn:biped/yamato/biped_hitback_1 can't be recognized
[02Sep2026 01:02:32.712] [main/WARN] [indestructible/]: efn:biped/yamato/biped_hitback_1 can't be recognized
[02Sep2026 01:02:32.712] [main/WARN] [indestructible/]: efn:biped/ng_greatsword/ng_great_skill_clash can't be recognized
[02Sep2026 01:02:32.713] [main/WARN] [indestructible/]: efn:biped/yamato/biped_hitback_1 can't be recognized
[02Sep2026 01:02:32.713] [main/WARN] [indestructible/]: efn:biped/yamato/biped_hitback_1 can't be recognized
[02Sep2026 01:02:32.713] [main/WARN] [indestructible/]: efn:biped/yamato/biped_hitback_1 can't be recognized
[02Sep2026 01:02:32.713] [main/WARN] [indestructible/]: efn:biped/yamato/biped_hitback_1 can't be recognized
[02Sep2026 01:02:32.713] [main/WARN] [indestructible/]: efn:biped/yamato/biped_hitback_1 can't be recognized
[02Sep2026 01:02:32.713] [main/WARN] [indestructible/]: efn:biped/yamato/biped_hitback_1 can't be recognized
[02Sep2026 01:02:32.713] [main/WARN] [indestructible/]: efn:biped/yamato/biped_hitback_1 can't be recognized
[02Sep2026 01:02:32.713] [main/WARN] [indestructible/]: efn:biped/yamato/biped_hitback_1 can't be recognized
[02Sep2026 01:02:32.713] [main/WARN] [indestructible/]: efn:biped/nf_meen/nf_meen_auto4 can't be recognized
[02Sep2026 01:02:32.713] [main/WARN] [indestructible/]: efn:biped/yamato/biped_hitback_1 can't be recognized
[02Sep2026 01:02:32.713] [main/WARN] [indestructible/]: efn:biped/yamato/biped_hitback_1 can't be recognized
[02Sep2026 01:02:32.713] [main/WARN] [indestructible/]: efn:biped/yamato/biped_hitback_1 can't be recognized
[02Sep2026 01:02:32.713] [main/WARN] [indestructible/]: efn:biped/yamato/biped_hitback_1 can't be recognized
[02Sep2026 01:02:32.714] [main/WARN] [indestructible/]: efn:biped/yamato/biped_hitback_1 can't be recognized
[02Sep2026 01:02:32.714] [main/WARN] [indestructible/]: efn:biped/yamato/biped_hitback_1 can't be recognized
[02Sep2026 01:02:32.714] [main/WARN] [indestructible/]: efn:biped/yamato/biped_hitback_1 can't be recognized
[02Sep2026 01:02:32.714] [main/WARN] [indestructible/]: efn:biped/yamato/biped_hitback_1 can't be recognized
[02Sep2026 01:02:32.714] [main/WARN] [indestructible/]: efn:biped/nf_tachi/nf_tachi_bloodlust_end can't be recognized
[02Sep2026 01:02:32.714] [main/WARN] [indestructible/]: efn:biped/yamato/biped_hitback_1 can't be recognized
[02Sep2026 01:02:32.714] [main/WARN] [indestructible/]: efn:biped/yamato/biped_hitback_1 can't be recognized
[02Sep2026 01:02:32.714] [main/WARN] [indestructible/]: efn:biped/yamato/biped_hitback_1 can't be recognized
[02Sep2026 01:02:32.714] [main/WARN] [indestructible/]: efn:biped/yamato/biped_hitback_1 can't be recognized
[02Sep2026 01:02:32.714] [main/WARN] [indestructible/]: efn:biped/yamato/biped_hitback_1 can't be recognized
[02Sep2026 01:02:32.714] [main/WARN] [indestructible/]: efn:biped/yamato/biped_hitback_1 can't be recognized
[02Sep2026 01:02:32.714] [main/WARN] [indestructible/]: efn:biped/yamato/biped_hitback_1 can't be recognized
[02Sep2026 01:02:32.715] [main/WARN] [indestructible/]: epicfightx:biped/combat/uchigatana_sheath_dash can't be recognized
[02Sep2026 01:02:32.715] [main/WARN] [indestructible/]: efn:biped/yamato/biped_hitback_1 can't be recognized
[02Sep2026 01:02:32.715] [main/WARN] [indestructible/]: efn:biped/yamato/biped_hitback_1 can't be recognized
[02Sep2026 01:02:32.715] [main/WARN] [indestructible/]: efn:biped/yamato/biped_hitback_1 can't be recognized
[02Sep2026 01:02:32.715] [main/WARN] [indestructible/]: efn:biped/yamato/biped_hitback_1 can't be recognized
[02Sep2026 01:02:32.715] [main/WARN] [indestructible/]: efn:biped/yamato/biped_hitback_1 can't be recognized
[02Sep2026 01:02:32.715] [main/WARN] [indestructible/]: efn:biped/yamato/biped_hitback_1 can't be recognized
[02Sep2026 01:02:32.715] [main/WARN] [indestructible/]: efn:biped/yamato/biped_hitback_1 can't be recognized
[02Sep2026 01:02:32.715] [main/WARN] [indestructible/]: efn:biped/yamato/biped_hitback_1 can't be recognized
[02Sep2026 01:02:32.715] [main/WARN] [indestructible/]: epicfightx:biped/combat/dagger_airslash can't be recognized
[02Sep2026 01:02:32.715] [main/WARN] [indestructible/]: efn:biped/yamato/biped_hitback_1 can't be recognized
[02Sep2026 01:02:32.716] [main/WARN] [indestructible/]: efn:biped/yamato/biped_hitback_1 can't be recognized
[02Sep2026 01:02:32.716] [main/WARN] [indestructible/]: efn:biped/yamato/biped_hitback_1 can't be recognized
[02Sep2026 01:02:32.716] [main/WARN] [indestructible/]: efn:biped/yamato/biped_hitback_1 can't be recognized
[02Sep2026 01:02:32.716] [main/WARN] [indestructible/]: efn:biped/yamato/biped_hitback_1 can't be recognized
[02Sep2026 01:02:32.716] [main/WARN] [indestructible/]: efn:biped/yamato/biped_hitback_1 can't be recognized
[02Sep2026 01:02:32.716] [main/WARN] [indestructible/]: efn:biped/yamato/biped_hitback_1 can't be recognized
[02Sep2026 01:02:32.716] [main/WARN] [indestructible/]: epicfightx:biped/combat/dagger_dual_dash can't be recognized
[02Sep2026 01:02:32.716] [main/WARN] [indestructible/]: efn:biped/yamato/biped_hitback_1 can't be recognized
[02Sep2026 01:02:32.716] [main/WARN] [indestructible/]: efn:biped/yamato/biped_hitback_1 can't be recognized
[02Sep2026 01:02:32.716] [main/WARN] [indestructible/]: efn:biped/yamato/biped_hitback_1 can't be recognized
[02Sep2026 01:02:32.716] [main/WARN] [indestructible/]: efn:biped/yamato/biped_hitback_1 can't be recognized
[02Sep2026 01:02:32.717] [main/WARN] [indestructible/]: efn:biped/yamato/biped_hitback_1 can't be recognized
[02Sep2026 01:02:32.717] [main/WARN] [indestructible/]: efn:biped/yamato/biped_hitback_1 can't be recognized
[02Sep2026 01:02:32.717] [main/WARN] [indestructible/]: efn:biped/yamato/biped_hitback_1 can't be recognized
[02Sep2026 01:02:32.717] [main/WARN] [indestructible/]: epicfightx:biped/skill/dancing_edge can't be recognized
[02Sep2026 01:02:32.717] [main/WARN] [indestructible/]: efn:biped/yamato/biped_hitback_1 can't be recognized
[02Sep2026 01:02:32.717] [main/WARN] [indestructible/]: efn:biped/yamato/biped_hitback_1 can't be recognized
[02Sep2026 01:02:32.717] [main/WARN] [indestructible/]: efn:biped/yamato/biped_hitback_1 can't be recognized
[02Sep2026 01:02:32.717] [main/WARN] [indestructible/]: efn:biped/yamato/biped_hitback_1 can't be recognized
[02Sep2026 01:02:32.717] [main/WARN] [indestructible/]: efn:biped/yamato/biped_hitback_1 can't be recognized
[02Sep2026 01:02:32.717] [main/WARN] [indestructible/]: efn:biped/yamato/biped_hitback_1 can't be recognized
[02Sep2026 01:02:32.717] [main/WARN] [indestructible/]: efn:biped/yamato/biped_hitback_1 can't be recognized
[02Sep2026 01:02:32.718] [main/WARN] [indestructible/]: efn:biped/yamato/biped_hitback_air can't be recognized
[02Sep2026 01:02:32.718] [main/WARN] [indestructible/]: efn:biped/nf_claw/nf_claw_auto3 can't be recognized
[02Sep2026 01:02:32.718] [main/WARN] [indestructible/]: efn:biped/yamato/biped_hitback_1 can't be recognized
[02Sep2026 01:02:32.718] [main/WARN] [indestructible/]: efn:biped/yamato/biped_hitback_1 can't be recognized
[02Sep2026 01:02:32.718] [main/WARN] [indestructible/]: efn:biped/yamato/biped_hitback_1 can't be recognized
[02Sep2026 01:02:32.718] [main/WARN] [indestructible/]: efn:biped/yamato/biped_hitback_1 can't be recognized
[02Sep2026 01:02:32.718] [main/WARN] [indestructible/]: efn:biped/yamato/biped_hitback_1 can't be recognized
[02Sep2026 01:02:32.718] [main/WARN] [indestructible/]: efn:biped/yamato/biped_hitback_1 can't be recognized
[02Sep2026 01:02:32.719] [main/WARN] [indestructible/]: efn:biped/yamato/biped_hitback_1 can't be recognized
[02Sep2026 01:02:32.719] [main/WARN] [indestructible/]: efn:biped/yamato/biped_hitback_1 can't be recognized
[02Sep2026 01:02:32.719] [main/WARN] [indestructible/]: efn:biped/nf_sword/nf_sword_skill can't be recognized
[02Sep2026 01:02:32.719] [main/WARN] [indestructible/]: efn:biped/yamato/biped_hitback_1 can't be recognized
[02Sep2026 01:02:32.719] [main/WARN] [indestructible/]: efn:biped/yamato/biped_hitback_1 can't be recognized
[02Sep2026 01:02:32.719] [main/WARN] [indestructible/]: efn:biped/yamato/biped_hitback_1 can't be recognized
[02Sep2026 01:02:32.719] [main/WARN] [indestructible/]: efn:biped/yamato/biped_hitback_1 can't be recognized
[02Sep2026 01:02:32.719] [main/WARN] [indestructible/]: efn:biped/yamato/biped_hitback_1 can't be recognized
[02Sep2026 01:02:32.719] [main/WARN] [indestructible/]: efn:biped/yamato/biped_hitback_1 can't be recognized
[02Sep2026 01:02:32.719] [main/WARN] [indestructible/]: efn:biped/yamato/biped_hitback_1 can't be recognized
[02Sep2026 01:02:32.719] [main/WARN] [indestructible/]: efn:biped/yamato/biped_hitback_1 can't be recognized
[02Sep2026 01:02:32.720] [main/WARN] [indestructible/]: efn:biped/yamato/biped_hitback_1 can't be recognized
[02Sep2026 01:02:32.720] [main/WARN] [indestructible/]: efn:biped/yamato/biped_hitback_1 can't be recognized
[02Sep2026 01:02:32.720] [main/WARN] [indestructible/]: efn:biped/yamato/biped_hitback_1 can't be recognized
[02Sep2026 01:02:32.720] [main/WARN] [indestructible/]: efn:biped/yamato/biped_hitback_1 can't be recognized
[02Sep2026 01:02:32.720] [main/WARN] [indestructible/]: efn:biped/yamato/biped_hitback_1 can't be recognized
[02Sep2026 01:02:32.720] [main/WARN] [indestructible/]: efn:biped/yamato/biped_hitback_1 can't be recognized
[02Sep2026 01:02:32.720] [main/WARN] [indestructible/]: efn:biped/yamato/biped_hitback_1 can't be recognized
[02Sep2026 01:02:32.722] [main/WARN] [indestructible/]: efn:biped/yamato/biped_hitback_air can't be recognized
[02Sep2026 01:02:32.722] [main/WARN] [indestructible/]: epicfightx:biped/combat/trident_auto3 can't be recognized
[02Sep2026 01:02:32.723] [main/WARN] [indestructible/]: efn:biped/yamato/biped_hitback_air can't be recognized
[02Sep2026 01:02:32.723] [main/WARN] [indestructible/]: efn:biped/nf_claw/nf_claw_auto3 can't be recognized
[02Sep2026 01:02:32.723] [main/WARN] [indestructible/]: efn:biped/yamato/biped_hitback_1 can't be recognized
[02Sep2026 01:02:32.723] [main/WARN] [indestructible/]: efn:biped/nf_sword/nf_sword_skill can't be recognized
[02Sep2026 01:02:32.723] [main/WARN] [indestructible/]: efn:biped/yamato/biped_hitback_1 can't be recognized
[02Sep2026 01:02:32.733] [main/WARN] [indestructible/]: efn:biped/yamato/biped_hitback_1 can't be recognized
[02Sep2026 01:02:32.733] [main/WARN] [indestructible/]: epicfightx:biped/skill/revelation_normal can't be recognized
[02Sep2026 01:02:32.733] [main/WARN] [indestructible/]: efn:biped/yamato/biped_hitback_1 can't be recognized
[02Sep2026 01:02:32.733] [main/WARN] [indestructible/]: efn:biped/yamato/biped_hitback_1 can't be recognized
[02Sep2026 01:02:32.733] [main/WARN] [indestructible/]: efn:biped/yamato/biped_hitback_1 can't be recognized
[02Sep2026 01:02:32.733] [main/WARN] [indestructible/]: efn:biped/yamato/biped_hitback_1 can't be recognized
[02Sep2026 01:02:32.733] [main/WARN] [indestructible/]: efn:biped/yamato/biped_hitback_1 can't be recognized
[02Sep2026 01:02:32.733] [main/WARN] [indestructible/]: efn:biped/yamato/biped_hitback_1 can't be recognized
[02Sep2026 01:02:32.733] [main/WARN] [indestructible/]: efn:biped/yamato/biped_hitback_1 can't be recognized
[02Sep2026 01:02:32.734] [main/WARN] [indestructible/]: efn:biped/yamato/biped_hitback_1 can't be recognized
[02Sep2026 01:02:32.734] [main/WARN] [indestructible/]: efn:biped/ng_greatsword/ng_great_skill_clash can't be recognized
[02Sep2026 01:02:32.734] [main/WARN] [indestructible/]: efn:biped/yamato/biped_hitback_1 can't be recognized
[02Sep2026 01:02:32.734] [main/WARN] [indestructible/]: efn:biped/yamato/biped_hitback_1 can't be recognized
[02Sep2026 01:02:32.734] [main/WARN] [indestructible/]: efn:biped/yamato/biped_hitback_1 can't be recognized
[02Sep2026 01:02:32.734] [main/WARN] [indestructible/]: efn:biped/yamato/biped_hitback_1 can't be recognized
[02Sep2026 01:02:32.734] [main/WARN] [indestructible/]: efn:biped/yamato/biped_hitback_1 can't be recognized
[02Sep2026 01:02:32.734] [main/WARN] [indestructible/]: efn:biped/yamato/biped_hitback_1 can't be recognized
[02Sep2026 01:02:32.734] [main/WARN] [indestructible/]: efn:biped/yamato/biped_hitback_1 can't be recognized
[02Sep2026 01:02:32.734] [main/WARN] [indestructible/]: efn:biped/yamato/biped_hitback_1 can't be recognized
[02Sep2026 01:02:32.734] [main/WARN] [indestructible/]: efn:biped/nf_meen/nf_meen_auto4 can't be recognized
[02Sep2026 01:02:32.734] [main/WARN] [indestructible/]: efn:biped/yamato/biped_hitback_1 can't be recognized
[02Sep2026 01:02:32.735] [main/WARN] [indestructible/]: efn:biped/yamato/biped_hitback_1 can't be recognized
[02Sep2026 01:02:32.735] [main/WARN] [indestructible/]: efn:biped/yamato/biped_hitback_1 can't be recognized
[02Sep2026 01:02:32.735] [main/WARN] [indestructible/]: efn:biped/yamato/biped_hitback_1 can't be recognized
[02Sep2026 01:02:32.735] [main/WARN] [indestructible/]: efn:biped/yamato/biped_hitback_1 can't be recognized
[02Sep2026 01:02:32.735] [main/WARN] [indestructible/]: efn:biped/yamato/biped_hitback_1 can't be recognized
[02Sep2026 01:02:32.735] [main/WARN] [indestructible/]: efn:biped/yamato/biped_hitback_1 can't be recognized
[02Sep2026 01:02:32.735] [main/WARN] [indestructible/]: efn:biped/yamato/biped_hitback_1 can't be recognized
[02Sep2026 01:02:32.735] [main/WARN] [indestructible/]: efn:biped/nf_tachi/nf_tachi_bloodlust_end can't be recognized
[02Sep2026 01:02:32.735] [main/WARN] [indestructible/]: efn:biped/yamato/biped_hitback_1 can't be recognized
[02Sep2026 01:02:32.735] [main/WARN] [indestructible/]: efn:biped/yamato/biped_hitback_1 can't be recognized
[02Sep2026 01:02:32.735] [main/WARN] [indestructible/]: efn:biped/yamato/biped_hitback_1 can't be recognized
[02Sep2026 01:02:32.736] [main/WARN] [indestructible/]: efn:biped/yamato/biped_hitback_1 can't be recognized
[02Sep2026 01:02:32.736] [main/WARN] [indestructible/]: efn:biped/yamato/biped_hitback_1 can't be recognized
[02Sep2026 01:02:32.736] [main/WARN] [indestructible/]: efn:biped/yamato/biped_hitback_1 can't be recognized
[02Sep2026 01:02:32.736] [main/WARN] [indestructible/]: efn:biped/yamato/biped_hitback_1 can't be recognized
[02Sep2026 01:02:32.736] [main/WARN] [indestructible/]: epicfightx:biped/combat/uchigatana_sheath_dash can't be recognized
[02Sep2026 01:02:32.736] [main/WARN] [indestructible/]: efn:biped/yamato/biped_hitback_1 can't be recognized
[02Sep2026 01:02:32.736] [main/WARN] [indestructible/]: efn:biped/yamato/biped_hitback_1 can't be recognized
[02Sep2026 01:02:32.736] [main/WARN] [indestructible/]: efn:biped/yamato/biped_hitback_1 can't be recognized
[02Sep2026 01:02:32.736] [main/WARN] [indestructible/]: efn:biped/yamato/biped_hitback_1 can't be recognized
[02Sep2026 01:02:32.736] [main/WARN] [indestructible/]: efn:biped/yamato/biped_hitback_1 can't be recognized
[02Sep2026 01:02:32.736] [main/WARN] [indestructible/]: efn:biped/yamato/biped_hitback_1 can't be recognized
[02Sep2026 01:02:32.737] [main/WARN] [indestructible/]: efn:biped/yamato/biped_hitback_1 can't be recognized
[02Sep2026 01:02:32.737] [main/WARN] [indestructible/]: efn:biped/yamato/biped_hitback_1 can't be recognized
[02Sep2026 01:02:32.737] [main/WARN] [indestructible/]: epicfightx:biped/combat/dagger_airslash can't be recognized
[02Sep2026 01:02:32.737] [main/WARN] [indestructible/]: efn:biped/yamato/biped_hitback_1 can't be recognized
[02Sep2026 01:02:32.737] [main/WARN] [indestructible/]: efn:biped/yamato/biped_hitback_1 can't be recognized
[02Sep2026 01:02:32.737] [main/WARN] [indestructible/]: efn:biped/yamato/biped_hitback_1 can't be recognized
[02Sep2026 01:02:32.737] [main/WARN] [indestructible/]: efn:biped/yamato/biped_hitback_1 can't be recognized
[02Sep2026 01:02:32.737] [main/WARN] [indestructible/]: efn:biped/yamato/biped_hitback_1 can't be recognized
[02Sep2026 01:02:32.737] [main/WARN] [indestructible/]: efn:biped/yamato/biped_hitback_1 can't be recognized
[02Sep2026 01:02:32.737] [main/WARN] [indestructible/]: efn:biped/yamato/biped_hitback_1 can't be recognized
[02Sep2026 01:02:32.738] [main/WARN] [indestructible/]: epicfightx:biped/combat/dagger_dual_dash can't be recognized
[02Sep2026 01:02:32.738] [main/WARN] [indestructible/]: efn:biped/yamato/biped_hitback_1 can't be recognized
[02Sep2026 01:02:32.738] [main/WARN] [indestructible/]: efn:biped/yamato/biped_hitback_1 can't be recognized
[02Sep2026 01:02:32.738] [main/WARN] [indestructible/]: efn:biped/yamato/biped_hitback_1 can't be recognized
[02Sep2026 01:02:32.738] [main/WARN] [indestructible/]: efn:biped/yamato/biped_hitback_1 can't be recognized
[02Sep2026 01:02:32.738] [main/WARN] [indestructible/]: efn:biped/yamato/biped_hitback_1 can't be recognized
[02Sep2026 01:02:32.738] [main/WARN] [indestructible/]: efn:biped/yamato/biped_hitback_1 can't be recognized
[02Sep2026 01:02:32.738] [main/WARN] [indestructible/]: efn:biped/yamato/biped_hitback_1 can't be recognized
[02Sep2026 01:02:32.738] [main/WARN] [indestructible/]: epicfightx:biped/skill/dancing_edge can't be recognized
[02Sep2026 01:02:32.738] [main/WARN] [indestructible/]: efn:biped/yamato/biped_hitback_1 can't be recognized
[02Sep2026 01:02:32.738] [main/WARN] [indestructible/]: efn:biped/yamato/biped_hitback_1 can't be recognized
[02Sep2026 01:02:32.739] [main/WARN] [indestructible/]: efn:biped/yamato/biped_hitback_1 can't be recognized
[02Sep2026 01:02:32.739] [main/WARN] [indestructible/]: efn:biped/yamato/biped_hitback_1 can't be recognized
[02Sep2026 01:02:32.739] [main/WARN] [indestructible/]: efn:biped/yamato/biped_hitback_1 can't be recognized
[02Sep2026 01:02:32.739] [main/WARN] [indestructible/]: efn:biped/yamato/biped_hitback_1 can't be recognized
[02Sep2026 01:02:32.739] [main/WARN] [indestructible/]: efn:biped/yamato/biped_hitback_1 can't be recognized
[02Sep2026 01:02:32.739] [main/WARN] [indestructible/]: efn:biped/yamato/biped_hitback_air can't be recognized
[02Sep2026 01:02:32.739] [main/WARN] [indestructible/]: efn:biped/nf_claw/nf_claw_auto3 can't be recognized
[02Sep2026 01:02:32.740] [main/WARN] [indestructible/]: efn:biped/yamato/biped_hitback_1 can't be recognized
[02Sep2026 01:02:32.740] [main/WARN] [indestructible/]: efn:biped/yamato/biped_hitback_1 can't be recognized
[02Sep2026 01:02:32.740] [main/WARN] [indestructible/]: efn:biped/yamato/biped_hitback_1 can't be recognized
[02Sep2026 01:02:32.740] [main/WARN] [indestructible/]: efn:biped/yamato/biped_hitback_1 can't be recognized
[02Sep2026 01:02:32.740] [main/WARN] [indestructible/]: efn:biped/yamato/biped_hitback_1 can't be recognized
[02Sep2026 01:02:32.740] [main/WARN] [indestructible/]: efn:biped/yamato/biped_hitback_1 can't be recognized
[02Sep2026 01:02:32.740] [main/WARN] [indestructible/]: efn:biped/yamato/biped_hitback_1 can't be recognized
[02Sep2026 01:02:32.740] [main/WARN] [indestructible/]: efn:biped/yamato/biped_hitback_1 can't be recognized
[02Sep2026 01:02:32.740] [main/WARN] [indestructible/]: efn:biped/nf_sword/nf_sword_skill can't be recognized
[02Sep2026 01:02:32.740] [main/WARN] [indestructible/]: efn:biped/yamato/biped_hitback_1 can't be recognized
[02Sep2026 01:02:32.740] [main/WARN] [indestructible/]: efn:biped/yamato/biped_hitback_1 can't be recognized
[02Sep2026 01:02:32.740] [main/WARN] [indestructible/]: efn:biped/yamato/biped_hitback_1 can't be recognized
[02Sep2026 01:02:32.741] [main/WARN] [indestructible/]: efn:biped/yamato/biped_hitback_1 can't be recognized
[02Sep2026 01:02:32.741] [main/WARN] [indestructible/]: efn:biped/yamato/biped_hitback_1 can't be recognized
[02Sep2026 01:02:32.741] [main/WARN] [indestructible/]: efn:biped/yamato/biped_hitback_1 can't be recognized
[02Sep2026 01:02:32.741] [main/WARN] [indestructible/]: efn:biped/yamato/biped_hitback_1 can't be recognized
[02Sep2026 01:02:32.741] [main/WARN] [indestructible/]: efn:biped/yamato/biped_hitback_1 can't be recognized
[02Sep2026 01:02:32.741] [main/WARN] [indestructible/]: efn:biped/yamato/biped_hitback_1 can't be recognized
[02Sep2026 01:02:32.741] [main/WARN] [indestructible/]: efn:biped/yamato/biped_hitback_1 can't be recognized
[02Sep2026 01:02:32.741] [main/WARN] [indestructible/]: efn:biped/yamato/biped_hitback_1 can't be recognized
[02Sep2026 01:02:32.741] [main/WARN] [indestructible/]: efn:biped/yamato/biped_hitback_1 can't be recognized
[02Sep2026 01:02:32.741] [main/WARN] [indestructible/]: efn:biped/yamato/biped_hitback_1 can't be recognized
[02Sep2026 01:02:32.741] [main/WARN] [indestructible/]: efn:biped/yamato/biped_hitback_1 can't be recognized
[02Sep2026 01:02:32.741] [main/WARN] [indestructible/]: efn:biped/yamato/biped_hitback_1 can't be recognized
[02Sep2026 01:02:32.753] [main/WARN] [indestructible/]: efn:biped/yamato/biped_hitback_1 can't be recognized
[02Sep2026 01:02:32.753] [main/WARN] [indestructible/]: epicfightx:biped/skill/revelation_normal can't be recognized
[02Sep2026 01:02:32.753] [main/WARN] [indestructible/]: efn:biped/yamato/biped_hitback_1 can't be recognized
[02Sep2026 01:02:32.753] [main/WARN] [indestructible/]: efn:biped/yamato/biped_hitback_1 can't be recognized
[02Sep2026 01:02:32.753] [main/WARN] [indestructible/]: efn:biped/yamato/biped_hitback_1 can't be recognized
[02Sep2026 01:02:32.753] [main/WARN] [indestructible/]: efn:biped/yamato/biped_hitback_1 can't be recognized
[02Sep2026 01:02:32.753] [main/WARN] [indestructible/]: efn:biped/yamato/biped_hitback_1 can't be recognized
[02Sep2026 01:02:32.753] [main/WARN] [indestructible/]: efn:biped/yamato/biped_hitback_1 can't be recognized
[02Sep2026 01:02:32.753] [main/WARN] [indestructible/]: efn:biped/yamato/biped_hitback_1 can't be recognized
[02Sep2026 01:02:32.754] [main/WARN] [indestructible/]: efn:biped/yamato/biped_hitback_1 can't be recognized
[02Sep2026 01:02:32.754] [main/WARN] [indestructible/]: efn:biped/ng_greatsword/ng_great_skill_clash can't be recognized
[02Sep2026 01:02:32.754] [main/WARN] [indestructible/]: efn:biped/yamato/biped_hitback_1 can't be recognized
[02Sep2026 01:02:32.754] [main/WARN] [indestructible/]: efn:biped/yamato/biped_hitback_1 can't be recognized
[02Sep2026 01:02:32.754] [main/WARN] [indestructible/]: efn:biped/yamato/biped_hitback_1 can't be recognized
[02Sep2026 01:02:32.754] [main/WARN] [indestructible/]: efn:biped/yamato/biped_hitback_1 can't be recognized
[02Sep2026 01:02:32.754] [main/WARN] [indestructible/]: efn:biped/yamato/biped_hitback_1 can't be recognized
[02Sep2026 01:02:32.754] [main/WARN] [indestructible/]: efn:biped/yamato/biped_hitback_1 can't be recognized
[02Sep2026 01:02:32.754] [main/WARN] [indestructible/]: efn:biped/yamato/biped_hitback_1 can't be recognized
[02Sep2026 01:02:32.754] [main/WARN] [indestructible/]: efn:biped/yamato/biped_hitback_1 can't be recognized
[02Sep2026 01:02:32.754] [main/WARN] [indestructible/]: efn:biped/nf_meen/nf_meen_auto4 can't be recognized
[02Sep2026 01:02:32.754] [main/WARN] [indestructible/]: efn:biped/yamato/biped_hitback_1 can't be recognized
[02Sep2026 01:02:32.754] [main/WARN] [indestructible/]: efn:biped/yamato/biped_hitback_1 can't be recognized
[02Sep2026 01:02:32.755] [main/WARN] [indestructible/]: efn:biped/yamato/biped_hitback_1 can't be recognized
[02Sep2026 01:02:32.755] [main/WARN] [indestructible/]: efn:biped/yamato/biped_hitback_1 can't be recognized
[02Sep2026 01:02:32.755] [main/WARN] [indestructible/]: efn:biped/yamato/biped_hitback_1 can't be recognized
[02Sep2026 01:02:32.755] [main/WARN] [indestructible/]: efn:biped/yamato/biped_hitback_1 can't be recognized
[02Sep2026 01:02:32.755] [main/WARN] [indestructible/]: efn:biped/yamato/biped_hitback_1 can't be recognized
[02Sep2026 01:02:32.755] [main/WARN] [indestructible/]: efn:biped/yamato/biped_hitback_1 can't be recognized
[02Sep2026 01:02:32.755] [main/WARN] [indestructible/]: efn:biped/nf_tachi/nf_tachi_bloodlust_end can't be recognized
[02Sep2026 01:02:32.755] [main/WARN] [indestructible/]: efn:biped/yamato/biped_hitback_1 can't be recognized
[02Sep2026 01:02:32.755] [main/WARN] [indestructible/]: efn:biped/yamato/biped_hitback_1 can't be recognized
[02Sep2026 01:02:32.755] [main/WARN] [indestructible/]: efn:biped/yamato/biped_hitback_1 can't be recognized
[02Sep2026 01:02:32.755] [main/WARN] [indestructible/]: efn:biped/yamato/biped_hitback_1 can't be recognized
[02Sep2026 01:02:32.755] [main/WARN] [indestructible/]: efn:biped/yamato/biped_hitback_1 can't be recognized
[02Sep2026 01:02:32.755] [main/WARN] [indestructible/]: efn:biped/yamato/biped_hitback_1 can't be recognized
[02Sep2026 01:02:32.755] [main/WARN] [indestructible/]: efn:biped/yamato/biped_hitback_1 can't be recognized
[02Sep2026 01:02:32.756] [main/WARN] [indestructible/]: epicfightx:biped/combat/uchigatana_sheath_dash can't be recognized
[02Sep2026 01:02:32.756] [main/WARN] [indestructible/]: efn:biped/yamato/biped_hitback_1 can't be recognized
[02Sep2026 01:02:32.756] [main/WARN] [indestructible/]: efn:biped/yamato/biped_hitback_1 can't be recognized
[02Sep2026 01:02:32.756] [main/WARN] [indestructible/]: efn:biped/yamato/biped_hitback_1 can't be recognized
[02Sep2026 01:02:32.756] [main/WARN] [indestructible/]: efn:biped/yamato/biped_hitback_1 can't be recognized
[02Sep2026 01:02:32.756] [main/WARN] [indestructible/]: efn:biped/yamato/biped_hitback_1 can't be recognized
[02Sep2026 01:02:32.756] [main/WARN] [indestructible/]: efn:biped/yamato/biped_hitback_1 can't be recognized
[02Sep2026 01:02:32.756] [main/WARN] [indestructible/]: efn:biped/yamato/biped_hitback_1 can't be recognized
[02Sep2026 01:02:32.756] [main/WARN] [indestructible/]: efn:biped/yamato/biped_hitback_1 can't be recognized
[02Sep2026 01:02:32.756] [main/WARN] [indestructible/]: epicfightx:biped/combat/dagger_airslash can't be recognized
[02Sep2026 01:02:32.756] [main/WARN] [indestructible/]: efn:biped/yamato/biped_hitback_1 can't be recognized
[02Sep2026 01:02:32.756] [main/WARN] [indestructible/]: efn:biped/yamato/biped_hitback_1 can't be recognized
[02Sep2026 01:02:32.756] [main/WARN] [indestructible/]: efn:biped/yamato/biped_hitback_1 can't be recognized
[02Sep2026 01:02:32.756] [main/WARN] [indestructible/]: efn:biped/yamato/biped_hitback_1 can't be recognized
[02Sep2026 01:02:32.757] [main/WARN] [indestructible/]: efn:biped/yamato/biped_hitback_1 can't be recognized
[02Sep2026 01:02:32.757] [main/WARN] [indestructible/]: efn:biped/yamato/biped_hitback_1 can't be recognized
[02Sep2026 01:02:32.757] [main/WARN] [indestructible/]: efn:biped/yamato/biped_hitback_1 can't be recognized
[02Sep2026 01:02:32.757] [main/WARN] [indestructible/]: epicfightx:biped/combat/dagger_dual_dash can't be recognized
[02Sep2026 01:02:32.757] [main/WARN] [indestructible/]: efn:biped/yamato/biped_hitback_1 can't be recognized
[02Sep2026 01:02:32.757] [main/WARN] [indestructible/]: efn:biped/yamato/biped_hitback_1 can't be recognized
[02Sep2026 01:02:32.757] [main/WARN] [indestructible/]: efn:biped/yamato/biped_hitback_1 can't be recognized
[02Sep2026 01:02:32.757] [main/WARN] [indestructible/]: efn:biped/yamato/biped_hitback_1 can't be recognized
[02Sep2026 01:02:32.757] [main/WARN] [indestructible/]: efn:biped/yamato/biped_hitback_1 can't be recognized
[02Sep2026 01:02:32.757] [main/WARN] [indestructible/]: efn:biped/yamato/biped_hitback_1 can't be recognized
[02Sep2026 01:02:32.757] [main/WARN] [indestructible/]: efn:biped/yamato/biped_hitback_1 can't be recognized
[02Sep2026 01:02:32.757] [main/WARN] [indestructible/]: epicfightx:biped/skill/dancing_edge can't be recognized
[02Sep2026 01:02:32.758] [main/WARN] [indestructible/]: efn:biped/yamato/biped_hitback_1 can't be recognized
[02Sep2026 01:02:32.758] [main/WARN] [indestructible/]: efn:biped/yamato/biped_hitback_1 can't be recognized
[02Sep2026 01:02:32.758] [main/WARN] [indestructible/]: efn:biped/yamato/biped_hitback_1 can't be recognized
[02Sep2026 01:02:32.758] [main/WARN] [indestructible/]: efn:biped/yamato/biped_hitback_1 can't be recognized
[02Sep2026 01:02:32.758] [main/WARN] [indestructible/]: efn:biped/yamato/biped_hitback_1 can't be recognized
[02Sep2026 01:02:32.758] [main/WARN] [indestructible/]: efn:biped/yamato/biped_hitback_1 can't be recognized
[02Sep2026 01:02:32.758] [main/WARN] [indestructible/]: efn:biped/yamato/biped_hitback_1 can't be recognized
[02Sep2026 01:02:32.758] [main/WARN] [indestructible/]: efn:biped/yamato/biped_hitback_air can't be recognized
[02Sep2026 01:02:32.758] [main/WARN] [indestructible/]: efn:biped/nf_claw/nf_claw_auto3 can't be recognized
[02Sep2026 01:02:32.758] [main/WARN] [indestructible/]: efn:biped/yamato/biped_hitback_1 can't be recognized
[02Sep2026 01:02:32.759] [main/WARN] [indestructible/]: efn:biped/yamato/biped_hitback_1 can't be recognized
[02Sep2026 01:02:32.759] [main/WARN] [indestructible/]: efn:biped/yamato/biped_hitback_1 can't be recognized
[02Sep2026 01:02:32.759] [main/WARN] [indestructible/]: efn:biped/yamato/biped_hitback_1 can't be recognized
[02Sep2026 01:02:32.759] [main/WARN] [indestructible/]: efn:biped/yamato/biped_hitback_1 can't be recognized
[02Sep2026 01:02:32.759] [main/WARN] [indestructible/]: efn:biped/yamato/biped_hitback_1 can't be recognized
[02Sep2026 01:02:32.759] [main/WARN] [indestructible/]: efn:biped/yamato/biped_hitback_1 can't be recognized
[02Sep2026 01:02:32.759] [main/WARN] [indestructible/]: efn:biped/yamato/biped_hitback_1 can't be recognized
[02Sep2026 01:02:32.759] [main/WARN] [indestructible/]: efn:biped/nf_sword/nf_sword_skill can't be recognized
[02Sep2026 01:02:32.759] [main/WARN] [indestructible/]: efn:biped/yamato/biped_hitback_1 can't be recognized
[02Sep2026 01:02:32.759] [main/WARN] [indestructible/]: efn:biped/yamato/biped_hitback_1 can't be recognized
[02Sep2026 01:02:32.759] [main/WARN] [indestructible/]: efn:biped/yamato/biped_hitback_1 can't be recognized
[02Sep2026 01:02:32.759] [main/WARN] [indestructible/]: efn:biped/yamato/biped_hitback_1 can't be recognized
[02Sep2026 01:02:32.759] [main/WARN] [indestructible/]: efn:biped/yamato/biped_hitback_1 can't be recognized
[02Sep2026 01:02:32.759] [main/WARN] [indestructible/]: efn:biped/yamato/biped_hitback_1 can't be recognized
[02Sep2026 01:02:32.759] [main/WARN] [indestructible/]: efn:biped/yamato/biped_hitback_1 can't be recognized
[02Sep2026 01:02:32.759] [main/WARN] [indestructible/]: efn:biped/yamato/biped_hitback_1 can't be recognized
[02Sep2026 01:02:32.760] [main/WARN] [indestructible/]: efn:biped/yamato/biped_hitback_1 can't be recognized
[02Sep2026 01:02:32.760] [main/WARN] [indestructible/]: efn:biped/yamato/biped_hitback_1 can't be recognized
[02Sep2026 01:02:32.760] [main/WARN] [indestructible/]: efn:biped/yamato/biped_hitback_1 can't be recognized
[02Sep2026 01:02:32.760] [main/WARN] [indestructible/]: efn:biped/yamato/biped_hitback_1 can't be recognized
[02Sep2026 01:02:32.760] [main/WARN] [indestructible/]: efn:biped/yamato/biped_hitback_1 can't be recognized
[02Sep2026 01:02:32.760] [main/WARN] [indestructible/]: efn:biped/yamato/biped_hitback_1 can't be recognized
[02Sep2026 01:02:32.760] [main/WARN] [indestructible/]: efn:biped/yamato/biped_hitback_1 can't be recognized
[02Sep2026 01:02:32.769] [main/WARN] [indestructible/]: efn:biped/yamato/biped_hitback_1 can't be recognized
[02Sep2026 01:02:32.769] [main/WARN] [indestructible/]: epicfightx:biped/skill/revelation_normal can't be recognized
[02Sep2026 01:02:32.769] [main/WARN] [indestructible/]: efn:biped/yamato/biped_hitback_1 can't be recognized
[02Sep2026 01:02:32.769] [main/WARN] [indestructible/]: efn:biped/yamato/biped_hitback_1 can't be recognized
[02Sep2026 01:02:32.769] [main/WARN] [indestructible/]: efn:biped/yamato/biped_hitback_1 can't be recognized
[02Sep2026 01:02:32.769] [main/WARN] [indestructible/]: efn:biped/yamato/biped_hitback_1 can't be recognized
[02Sep2026 01:02:32.769] [main/WARN] [indestructible/]: efn:biped/yamato/biped_hitback_1 can't be recognized
[02Sep2026 01:02:32.770] [main/WARN] [indestructible/]: efn:biped/yamato/biped_hitback_1 can't be recognized
[02Sep2026 01:02:32.770] [main/WARN] [indestructible/]: efn:biped/yamato/biped_hitback_1 can't be recognized
[02Sep2026 01:02:32.770] [main/WARN] [indestructible/]: efn:biped/yamato/biped_hitback_1 can't be recognized
[02Sep2026 01:02:32.770] [main/WARN] [indestructible/]: efn:biped/ng_greatsword/ng_great_skill_clash can't be recognized
[02Sep2026 01:02:32.770] [main/WARN] [indestructible/]: efn:biped/yamato/biped_hitback_1 can't be recognized
[02Sep2026 01:02:32.770] [main/WARN] [indestructible/]: efn:biped/yamato/biped_hitback_1 can't be recognized
[02Sep2026 01:02:32.770] [main/WARN] [indestructible/]: efn:biped/yamato/biped_hitback_1 can't be recognized
[02Sep2026 01:02:32.770] [main/WARN] [indestructible/]: efn:biped/yamato/biped_hitback_1 can't be recognized
[02Sep2026 01:02:32.770] [main/WARN] [indestructible/]: efn:biped/yamato/biped_hitback_1 can't be recognized
[02Sep2026 01:02:32.770] [main/WARN] [indestructible/]: efn:biped/yamato/biped_hitback_1 can't be recognized
[02Sep2026 01:02:32.770] [main/WARN] [indestructible/]: efn:biped/yamato/biped_hitback_1 can't be recognized
[02Sep2026 01:02:32.770] [main/WARN] [indestructible/]: efn:biped/yamato/biped_hitback_1 can't be recognized
[02Sep2026 01:02:32.771] [main/WARN] [indestructible/]: efn:biped/nf_meen/nf_meen_auto4 can't be recognized
[02Sep2026 01:02:32.771] [main/WARN] [indestructible/]: efn:biped/yamato/biped_hitback_1 can't be recognized
[02Sep2026 01:02:32.771] [main/WARN] [indestructible/]: efn:biped/yamato/biped_hitback_1 can't be recognized
[02Sep2026 01:02:32.771] [main/WARN] [indestructible/]: efn:biped/yamato/biped_hitback_1 can't be recognized
[02Sep2026 01:02:32.771] [main/WARN] [indestructible/]: efn:biped/yamato/biped_hitback_1 can't be recognized
[02Sep2026 01:02:32.771] [main/WARN] [indestructible/]: efn:biped/yamato/biped_hitback_1 can't be recognized
[02Sep2026 01:02:32.771] [main/WARN] [indestructible/]: efn:biped/yamato/biped_hitback_1 can't be recognized
[02Sep2026 01:02:32.771] [main/WARN] [indestructible/]: efn:biped/yamato/biped_hitback_1 can't be recognized
[02Sep2026 01:02:32.771] [main/WARN] [indestructible/]: efn:biped/yamato/biped_hitback_1 can't be recognized
[02Sep2026 01:02:32.771] [main/WARN] [indestructible/]: efn:biped/nf_tachi/nf_tachi_bloodlust_end can't be recognized
[02Sep2026 01:02:32.771] [main/WARN] [indestructible/]: efn:biped/yamato/biped_hitback_1 can't be recognized
[02Sep2026 01:02:32.771] [main/WARN] [indestructible/]: efn:biped/yamato/biped_hitback_1 can't be recognized
[02Sep2026 01:02:32.772] [main/WARN] [indestructible/]: efn:biped/yamato/biped_hitback_1 can't be recognized
[02Sep2026 01:02:32.772] [main/WARN] [indestructible/]: efn:biped/yamato/biped_hitback_1 can't be recognized
[02Sep2026 01:02:32.772] [main/WARN] [indestructible/]: efn:biped/yamato/biped_hitback_1 can't be recognized
[02Sep2026 01:02:32.772] [main/WARN] [indestructible/]: efn:biped/yamato/biped_hitback_1 can't be recognized
[02Sep2026 01:02:32.772] [main/WARN] [indestructible/]: efn:biped/yamato/biped_hitback_1 can't be recognized
[02Sep2026 01:02:32.773] [main/WARN] [indestructible/]: epicfightx:biped/combat/uchigatana_sheath_dash can't be recognized
[02Sep2026 01:02:32.774] [main/WARN] [indestructible/]: efn:biped/yamato/biped_hitback_1 can't be recognized
[02Sep2026 01:02:32.775] [main/WARN] [indestructible/]: efn:biped/yamato/biped_hitback_1 can't be recognized
[02Sep2026 01:02:32.775] [main/WARN] [indestructible/]: efn:biped/yamato/biped_hitback_1 can't be recognized
[02Sep2026 01:02:32.776] [main/WARN] [indestructible/]: efn:biped/yamato/biped_hitback_1 can't be recognized
[02Sep2026 01:02:32.776] [main/WARN] [indestructible/]: efn:biped/yamato/biped_hitback_1 can't be recognized
[02Sep2026 01:02:32.776] [main/WARN] [indestructible/]: efn:biped/yamato/biped_hitback_1 can't be recognized
[02Sep2026 01:02:32.776] [main/WARN] [indestructible/]: efn:biped/yamato/biped_hitback_1 can't be recognized
[02Sep2026 01:02:32.777] [main/WARN] [indestructible/]: efn:biped/yamato/biped_hitback_1 can't be recognized
[02Sep2026 01:02:32.777] [main/WARN] [indestructible/]: epicfightx:biped/combat/dagger_airslash can't be recognized
[02Sep2026 01:02:32.777] [main/WARN] [indestructible/]: efn:biped/yamato/biped_hitback_1 can't be recognized
[02Sep2026 01:02:32.777] [main/WARN] [indestructible/]: efn:biped/yamato/biped_hitback_1 can't be recognized
[02Sep2026 01:02:32.777] [main/WARN] [indestructible/]: efn:biped/yamato/biped_hitback_1 can't be recognized
[02Sep2026 01:02:32.777] [main/WARN] [indestructible/]: efn:biped/yamato/biped_hitback_1 can't be recognized
[02Sep2026 01:02:32.777] [main/WARN] [indestructible/]: efn:biped/yamato/biped_hitback_1 can't be recognized
[02Sep2026 01:02:32.777] [main/WARN] [indestructible/]: efn:biped/yamato/biped_hitback_1 can't be recognized
[02Sep2026 01:02:32.777] [main/WARN] [indestructible/]: efn:biped/yamato/biped_hitback_1 can't be recognized
[02Sep2026 01:02:32.777] [main/WARN] [indestructible/]: epicfightx:biped/combat/dagger_dual_dash can't be recognized
[02Sep2026 01:02:32.777] [main/WARN] [indestructible/]: efn:biped/yamato/biped_hitback_1 can't be recognized
[02Sep2026 01:02:32.777] [main/WARN] [indestructible/]: efn:biped/yamato/biped_hitback_1 can't be recognized
[02Sep2026 01:02:32.777] [main/WARN] [indestructible/]: efn:biped/yamato/biped_hitback_1 can't be recognized
[02Sep2026 01:02:32.778] [main/WARN] [indestructible/]: efn:biped/yamato/biped_hitback_1 can't be recognized
[02Sep2026 01:02:32.778] [main/WARN] [indestructible/]: efn:biped/yamato/biped_hitback_1 can't be recognized
[02Sep2026 01:02:32.778] [main/WARN] [indestructible/]: efn:biped/yamato/biped_hitback_1 can't be recognized
[02Sep2026 01:02:32.778] [main/WARN] [indestructible/]: efn:biped/yamato/biped_hitback_1 can't be recognized
[02Sep2026 01:02:32.778] [main/WARN] [indestructible/]: epicfightx:biped/skill/dancing_edge can't be recognized
[02Sep2026 01:02:32.779] [main/WARN] [indestructible/]: efn:biped/yamato/biped_hitback_1 can't be recognized
[02Sep2026 01:02:32.779] [main/WARN] [indestructible/]: efn:biped/yamato/biped_hitback_1 can't be recognized
[02Sep2026 01:02:32.779] [main/WARN] [indestructible/]: efn:biped/yamato/biped_hitback_1 can't be recognized
[02Sep2026 01:02:32.779] [main/WARN] [indestructible/]: efn:biped/yamato/biped_hitback_1 can't be recognized
[02Sep2026 01:02:32.779] [main/WARN] [indestructible/]: efn:biped/yamato/biped_hitback_1 can't be recognized
[02Sep2026 01:02:32.782] [main/WARN] [indestructible/]: efn:biped/yamato/biped_hitback_1 can't be recognized
[02Sep2026 01:02:32.782] [main/WARN] [indestructible/]: efn:biped/yamato/biped_hitback_1 can't be recognized
[02Sep2026 01:02:32.783] [main/WARN] [indestructible/]: efn:biped/yamato/biped_hitback_air can't be recognized
[02Sep2026 01:02:32.783] [main/WARN] [indestructible/]: efn:biped/nf_claw/nf_claw_auto3 can't be recognized
[02Sep2026 01:02:32.783] [main/WARN] [indestructible/]: efn:biped/yamato/biped_hitback_1 can't be recognized
[02Sep2026 01:02:32.783] [main/WARN] [indestructible/]: efn:biped/yamato/biped_hitback_1 can't be recognized
[02Sep2026 01:02:32.783] [main/WARN] [indestructible/]: efn:biped/yamato/biped_hitback_1 can't be recognized
[02Sep2026 01:02:32.783] [main/WARN] [indestructible/]: efn:biped/yamato/biped_hitback_1 can't be recognized
[02Sep2026 01:02:32.783] [main/WARN] [indestructible/]: efn:biped/yamato/biped_hitback_1 can't be recognized
[02Sep2026 01:02:32.783] [main/WARN] [indestructible/]: efn:biped/yamato/biped_hitback_1 can't be recognized
[02Sep2026 01:02:32.783] [main/WARN] [indestructible/]: efn:biped/yamato/biped_hitback_1 can't be recognized
[02Sep2026 01:02:32.783] [main/WARN] [indestructible/]: efn:biped/yamato/biped_hitback_1 can't be recognized
[02Sep2026 01:02:32.783] [main/WARN] [indestructible/]: efn:biped/nf_sword/nf_sword_skill can't be recognized
[02Sep2026 01:02:32.783] [main/WARN] [indestructible/]: efn:biped/yamato/biped_hitback_1 can't be recognized
[02Sep2026 01:02:32.783] [main/WARN] [indestructible/]: efn:biped/yamato/biped_hitback_1 can't be recognized
[02Sep2026 01:02:32.784] [main/WARN] [indestructible/]: efn:biped/yamato/biped_hitback_1 can't be recognized
[02Sep2026 01:02:32.784] [main/WARN] [indestructible/]: efn:biped/yamato/biped_hitback_1 can't be recognized
[02Sep2026 01:02:32.784] [main/WARN] [indestructible/]: efn:biped/yamato/biped_hitback_1 can't be recognized
[02Sep2026 01:02:32.784] [main/WARN] [indestructible/]: efn:biped/yamato/biped_hitback_1 can't be recognized
[02Sep2026 01:02:32.784] [main/WARN] [indestructible/]: efn:biped/yamato/biped_hitback_1 can't be recognized
[02Sep2026 01:02:32.784] [main/WARN] [indestructible/]: efn:biped/yamato/biped_hitback_1 can't be recognized
[02Sep2026 01:02:32.784] [main/WARN] [indestructible/]: efn:biped/yamato/biped_hitback_1 can't be recognized
[02Sep2026 01:02:32.784] [main/WARN] [indestructible/]: efn:biped/yamato/biped_hitback_1 can't be recognized
[02Sep2026 01:02:32.784] [main/WARN] [indestructible/]: efn:biped/yamato/biped_hitback_1 can't be recognized
[02Sep2026 01:02:32.784] [main/WARN] [indestructible/]: efn:biped/yamato/biped_hitback_1 can't be recognized
[02Sep2026 01:02:32.784] [main/WARN] [indestructible/]: efn:biped/yamato/biped_hitback_1 can't be recognized
[02Sep2026 01:02:32.784] [main/WARN] [indestructible/]: efn:biped/yamato/biped_hitback_1 can't be recognized
[02Sep2026 01:02:32.785] [main/WARN] [indestructible/]: efn:biped/yamato/biped_hitback_1 can't be recognized
[02Sep2026 01:02:32.792] [main/WARN] [indestructible/]: epicfight:biped/skill/guard_sword_hit_active2 can't be recognized
[02Sep2026 01:02:32.792] [main/WARN] [indestructible/]: epicfight:biped/skill/guard_sword_hit_active1 can't be recognized
[02Sep2026 01:02:32.792] [main/WARN] [indestructible/]: epicfight:biped/skill/guard_sword_hit_active2 can't be recognized
[02Sep2026 01:02:32.793] [main/WARN] [indestructible/]: epicfightx:biped/skill/guard_longsword can't be recognized
[02Sep2026 01:02:32.793] [main/WARN] [indestructible/]: epicfightx:biped/skill/guard_longsword can't be recognized
[02Sep2026 01:02:32.793] [main/WARN] [indestructible/]: epicfightx:biped/skill/guard_longsword can't be recognized
[02Sep2026 01:02:32.793] [main/WARN] [indestructible/]: epicfightx:biped/skill/guard_longsword_hit_active2 can't be recognized
[02Sep2026 01:02:32.794] [main/WARN] [indestructible/]: epicfightx:biped/skill/guard_longsword_hit_active1 can't be recognized
[02Sep2026 01:02:32.794] [main/WARN] [indestructible/]: epicfightx:biped/skill/guard_longsword can't be recognized
[02Sep2026 01:02:32.794] [main/WARN] [indestructible/]: epicfightx:biped/skill/guard_longsword can't be recognized
[02Sep2026 01:02:32.794] [main/WARN] [indestructible/]: epicfightx:biped/skill/guard_longsword can't be recognized
[02Sep2026 01:02:32.799] [main/WARN] [indestructible/]: epicfight:biped/skill/guard_longsword can't be recognized
[02Sep2026 01:02:32.799] [main/WARN] [indestructible/]: epicfight:biped/skill/guard_longsword_hit_active1 can't be recognized
[02Sep2026 01:02:32.799] [main/WARN] [indestructible/]: epicfight:biped/skill/guard_longsword_hit_active2 can't be recognized
[02Sep2026 01:02:32.799] [main/WARN] [indestructible/]: epicfight:biped/skill/guard_longsword_hit_active1 can't be recognized
[02Sep2026 01:02:32.801] [main/WARN] [indestructible/]: efn:biped/yamato/biped_hitback_1 can't be recognized
[02Sep2026 01:02:32.802] [main/WARN] [indestructible/]: wom:biped/combat/enderblaster_onehand_dash can't be recognized
[02Sep2026 01:02:32.802] [main/WARN] [indestructible/]: efn:biped/nf_shortsword/nf_shortsword_auto5 can't be recognized
[02Sep2026 01:02:32.802] [main/WARN] [indestructible/]: efn:biped/hf_murasama/combat/hf_murasama_counter can't be recognized
[02Sep2026 01:02:32.803] [main/WARN] [indestructible/]: epicfightx:biped/skill/revelation_twohand can't be recognized
[02Sep2026 01:02:32.803] [main/WARN] [indestructible/]: p1nero_bow:biped/elbow_2 can't be recognized
[02Sep2026 01:02:32.803] [main/WARN] [indestructible/]: efn:biped/hf_murasama/combat/hf_murasama_counter can't be recognized
[02Sep2026 01:02:32.803] [main/WARN] [indestructible/]: efn:biped/hf_murasama/skill/hf_murasama_dash_y_sp can't be recognized
[02Sep2026 01:02:32.809] [main/WARN] [indestructible/]: epicfight:biped/skill/guard_sword_hit_active1 can't be recognized
[02Sep2026 01:02:32.809] [main/WARN] [indestructible/]: epicfight:biped/skill/guard_sword_hit_active2 can't be recognized
[02Sep2026 01:02:32.809] [main/WARN] [indestructible/]: epicfight:biped/skill/guard_sword_hit_active1 can't be recognized
[02Sep2026 01:02:32.820] [main/WARN] [indestructible/]: efn:biped/yamato/biped_hitback_1 can't be recognized
[02Sep2026 01:02:32.820] [main/WARN] [indestructible/]: epicfightx:biped/skill/revelation_normal can't be recognized
[02Sep2026 01:02:32.820] [main/WARN] [indestructible/]: efn:biped/yamato/biped_hitback_1 can't be recognized
[02Sep2026 01:02:32.821] [main/WARN] [indestructible/]: efn:biped/yamato/biped_hitback_1 can't be recognized
[02Sep2026 01:02:32.821] [main/WARN] [indestructible/]: efn:biped/yamato/biped_hitback_1 can't be recognized
[02Sep2026 01:02:32.821] [main/WARN] [indestructible/]: efn:biped/yamato/biped_hitback_1 can't be recognized
[02Sep2026 01:02:32.821] [main/WARN] [indestructible/]: efn:biped/yamato/biped_hitback_1 can't be recognized
[02Sep2026 01:02:32.821] [main/WARN] [indestructible/]: efn:biped/yamato/biped_hitback_1 can't be recognized
[02Sep2026 01:02:32.821] [main/WARN] [indestructible/]: efn:biped/yamato/biped_hitback_1 can't be recognized
[02Sep2026 01:02:32.821] [main/WARN] [indestructible/]: efn:biped/yamato/biped_hitback_1 can't be recognized
[02Sep2026 01:02:32.821] [main/WARN] [indestructible/]: efn:biped/ng_greatsword/ng_great_skill_clash can't be recognized
[02Sep2026 01:02:32.821] [main/WARN] [indestructible/]: efn:biped/yamato/biped_hitback_1 can't be recognized
[02Sep2026 01:02:32.821] [main/WARN] [indestructible/]: efn:biped/yamato/biped_hitback_1 can't be recognized
[02Sep2026 01:02:32.821] [main/WARN] [indestructible/]: efn:biped/yamato/biped_hitback_1 can't be recognized
[02Sep2026 01:02:32.821] [main/WARN] [indestructible/]: efn:biped/yamato/biped_hitback_1 can't be recognized
[02Sep2026 01:02:32.821] [main/WARN] [indestructible/]: efn:biped/yamato/biped_hitback_1 can't be recognized
[02Sep2026 01:02:32.821] [main/WARN] [indestructible/]: efn:biped/yamato/biped_hitback_1 can't be recognized
[02Sep2026 01:02:32.822] [main/WARN] [indestructible/]: efn:biped/yamato/biped_hitback_1 can't be recognized
[02Sep2026 01:02:32.822] [main/WARN] [indestructible/]: efn:biped/yamato/biped_hitback_1 can't be recognized
[02Sep2026 01:02:32.822] [main/WARN] [indestructible/]: efn:biped/nf_meen/nf_meen_auto4 can't be recognized
[02Sep2026 01:02:32.822] [main/WARN] [indestructible/]: efn:biped/yamato/biped_hitback_1 can't be recognized
[02Sep2026 01:02:32.822] [main/WARN] [indestructible/]: efn:biped/yamato/biped_hitback_1 can't be recognized
[02Sep2026 01:02:32.822] [main/WARN] [indestructible/]: efn:biped/yamato/biped_hitback_1 can't be recognized
[02Sep2026 01:02:32.822] [main/WARN] [indestructible/]: efn:biped/yamato/biped_hitback_1 can't be recognized
[02Sep2026 01:02:32.822] [main/WARN] [indestructible/]: efn:biped/yamato/biped_hitback_1 can't be recognized
[02Sep2026 01:02:32.822] [main/WARN] [indestructible/]: efn:biped/yamato/biped_hitback_1 can't be recognized
[02Sep2026 01:02:32.822] [main/WARN] [indestructible/]: efn:biped/yamato/biped_hitback_1 can't be recognized
[02Sep2026 01:02:32.822] [main/WARN] [indestructible/]: efn:biped/yamato/biped_hitback_1 can't be recognized
[02Sep2026 01:02:32.822] [main/WARN] [indestructible/]: efn:biped/nf_tachi/nf_tachi_bloodlust_end can't be recognized
[02Sep2026 01:02:32.822] [main/WARN] [indestructible/]: efn:biped/yamato/biped_hitback_1 can't be recognized
[02Sep2026 01:02:32.823] [main/WARN] [indestructible/]: efn:biped/yamato/biped_hitback_1 can't be recognized
[02Sep2026 01:02:32.823] [main/WARN] [indestructible/]: efn:biped/yamato/biped_hitback_1 can't be recognized
[02Sep2026 01:02:32.823] [main/WARN] [indestructible/]: efn:biped/yamato/biped_hitback_1 can't be recognized
[02Sep2026 01:02:32.823] [main/WARN] [indestructible/]: efn:biped/yamato/biped_hitback_1 can't be recognized
[02Sep2026 01:02:32.823] [main/WARN] [indestructible/]: efn:biped/yamato/biped_hitback_1 can't be recognized
[02Sep2026 01:02:32.823] [main/WARN] [indestructible/]: efn:biped/yamato/biped_hitback_1 can't be recognized
[02Sep2026 01:02:32.823] [main/WARN] [indestructible/]: epicfightx:biped/combat/uchigatana_sheath_dash can't be recognized
[02Sep2026 01:02:32.823] [main/WARN] [indestructible/]: efn:biped/yamato/biped_hitback_1 can't be recognized
[02Sep2026 01:02:32.823] [main/WARN] [indestructible/]: efn:biped/yamato/biped_hitback_1 can't be recognized
[02Sep2026 01:02:32.823] [main/WARN] [indestructible/]: efn:biped/yamato/biped_hitback_1 can't be recognized
[02Sep2026 01:02:32.823] [main/WARN] [indestructible/]: efn:biped/yamato/biped_hitback_1 can't be recognized
[02Sep2026 01:02:32.823] [main/WARN] [indestructible/]: efn:biped/yamato/biped_hitback_1 can't be recognized
[02Sep2026 01:02:32.823] [main/WARN] [indestructible/]: efn:biped/yamato/biped_hitback_1 can't be recognized
[02Sep2026 01:02:32.823] [main/WARN] [indestructible/]: efn:biped/yamato/biped_hitback_1 can't be recognized
[02Sep2026 01:02:32.823] [main/WARN] [indestructible/]: efn:biped/yamato/biped_hitback_1 can't be recognized
[02Sep2026 01:02:32.824] [main/WARN] [indestructible/]: epicfightx:biped/combat/dagger_airslash can't be recognized
[02Sep2026 01:02:32.824] [main/WARN] [indestructible/]: efn:biped/yamato/biped_hitback_1 can't be recognized
[02Sep2026 01:02:32.824] [main/WARN] [indestructible/]: efn:biped/yamato/biped_hitback_1 can't be recognized
[02Sep2026 01:02:32.824] [main/WARN] [indestructible/]: efn:biped/yamato/biped_hitback_1 can't be recognized
[02Sep2026 01:02:32.824] [main/WARN] [indestructible/]: efn:biped/yamato/biped_hitback_1 can't be recognized
[02Sep2026 01:02:32.824] [main/WARN] [indestructible/]: efn:biped/yamato/biped_hitback_1 can't be recognized
[02Sep2026 01:02:32.824] [main/WARN] [indestructible/]: efn:biped/yamato/biped_hitback_1 can't be recognized
[02Sep2026 01:02:32.824] [main/WARN] [indestructible/]: efn:biped/yamato/biped_hitback_1 can't be recognized
[02Sep2026 01:02:32.824] [main/WARN] [indestructible/]: epicfightx:biped/combat/dagger_dual_dash can't be recognized
[02Sep2026 01:02:32.824] [main/WARN] [indestructible/]: efn:biped/yamato/biped_hitback_1 can't be recognized
[02Sep2026 01:02:32.824] [main/WARN] [indestructible/]: efn:biped/yamato/biped_hitback_1 can't be recognized
[02Sep2026 01:02:32.824] [main/WARN] [indestructible/]: efn:biped/yamato/biped_hitback_1 can't be recognized
[02Sep2026 01:02:32.824] [main/WARN] [indestructible/]: efn:biped/yamato/biped_hitback_1 can't be recognized
[02Sep2026 01:02:32.824] [main/WARN] [indestructible/]: efn:biped/yamato/biped_hitback_1 can't be recognized
[02Sep2026 01:02:32.824] [main/WARN] [indestructible/]: efn:biped/yamato/biped_hitback_1 can't be recognized
[02Sep2026 01:02:32.824] [main/WARN] [indestructible/]: efn:biped/yamato/biped_hitback_1 can't be recognized
[02Sep2026 01:02:32.825] [main/WARN] [indestructible/]: epicfightx:biped/skill/dancing_edge can't be recognized
[02Sep2026 01:02:32.825] [main/WARN] [indestructible/]: efn:biped/yamato/biped_hitback_1 can't be recognized
[02Sep2026 01:02:32.825] [main/WARN] [indestructible/]: efn:biped/yamato/biped_hitback_1 can't be recognized
[02Sep2026 01:02:32.825] [main/WARN] [indestructible/]: efn:biped/yamato/biped_hitback_1 can't be recognized
[02Sep2026 01:02:32.825] [main/WARN] [indestructible/]: efn:biped/yamato/biped_hitback_1 can't be recognized
[02Sep2026 01:02:32.825] [main/WARN] [indestructible/]: efn:biped/yamato/biped_hitback_1 can't be recognized
[02Sep2026 01:02:32.825] [main/WARN] [indestructible/]: efn:biped/yamato/biped_hitback_1 can't be recognized
[02Sep2026 01:02:32.825] [main/WARN] [indestructible/]: efn:biped/yamato/biped_hitback_1 can't be recognized
[02Sep2026 01:02:32.825] [main/WARN] [indestructible/]: efn:biped/yamato/biped_hitback_air can't be recognized
[02Sep2026 01:02:32.825] [main/WARN] [indestructible/]: efn:biped/nf_claw/nf_claw_auto3 can't be recognized
[02Sep2026 01:02:32.825] [main/WARN] [indestructible/]: efn:biped/yamato/biped_hitback_1 can't be recognized
[02Sep2026 01:02:32.825] [main/WARN] [indestructible/]: efn:biped/yamato/biped_hitback_1 can't be recognized
[02Sep2026 01:02:32.825] [main/WARN] [indestructible/]: efn:biped/yamato/biped_hitback_1 can't be recognized
[02Sep2026 01:02:32.825] [main/WARN] [indestructible/]: efn:biped/yamato/biped_hitback_1 can't be recognized
[02Sep2026 01:02:32.826] [main/WARN] [indestructible/]: efn:biped/yamato/biped_hitback_1 can't be recognized
[02Sep2026 01:02:32.826] [main/WARN] [indestructible/]: efn:biped/yamato/biped_hitback_1 can't be recognized
[02Sep2026 01:02:32.826] [main/WARN] [indestructible/]: efn:biped/yamato/biped_hitback_1 can't be recognized
[02Sep2026 01:02:32.826] [main/WARN] [indestructible/]: efn:biped/yamato/biped_hitback_1 can't be recognized
[02Sep2026 01:02:32.826] [main/WARN] [indestructible/]: efn:biped/nf_sword/nf_sword_skill can't be recognized
[02Sep2026 01:02:32.826] [main/WARN] [indestructible/]: efn:biped/yamato/biped_hitback_1 can't be recognized
[02Sep2026 01:02:32.826] [main/WARN] [indestructible/]: efn:biped/yamato/biped_hitback_1 can't be recognized
[02Sep2026 01:02:32.826] [main/WARN] [indestructible/]: efn:biped/yamato/biped_hitback_1 can't be recognized
[02Sep2026 01:02:32.826] [main/WARN] [indestructible/]: efn:biped/yamato/biped_hitback_1 can't be recognized
[02Sep2026 01:02:32.826] [main/WARN] [indestructible/]: efn:biped/yamato/biped_hitback_1 can't be recognized
[02Sep2026 01:02:32.826] [main/WARN] [indestructible/]: efn:biped/yamato/biped_hitback_1 can't be recognized
[02Sep2026 01:02:32.826] [main/WARN] [indestructible/]: efn:biped/yamato/biped_hitback_1 can't be recognized
[02Sep2026 01:02:32.826] [main/WARN] [indestructible/]: efn:biped/yamato/biped_hitback_1 can't be recognized
[02Sep2026 01:02:32.826] [main/WARN] [indestructible/]: efn:biped/yamato/biped_hitback_1 can't be recognized
[02Sep2026 01:02:32.826] [main/WARN] [indestructible/]: efn:biped/yamato/biped_hitback_1 can't be recognized
[02Sep2026 01:02:32.826] [main/WARN] [indestructible/]: efn:biped/yamato/biped_hitback_1 can't be recognized
[02Sep2026 01:02:32.827] [main/WARN] [indestructible/]: efn:biped/yamato/biped_hitback_1 can't be recognized
[02Sep2026 01:02:32.827] [main/WARN] [indestructible/]: efn:biped/yamato/biped_hitback_1 can't be recognized
[02Sep2026 01:02:32.827] [main/WARN] [indestructible/]: efn:biped/yamato/biped_hitback_1 can't be recognized
[02Sep2026 01:02:32.827] [main/WARN] [indestructible/]: efn:biped/yamato/biped_hitback_1 can't be recognized
[02Sep2026 01:02:32.837] [main/WARN] [indestructible/]: epicfight:biped/skill/guard_sword_hit_active2 can't be recognized
[02Sep2026 01:02:32.837] [main/WARN] [indestructible/]: epicfight:biped/skill/guard_sword_hit_active1 can't be recognized
[02Sep2026 01:02:32.837] [main/WARN] [indestructible/]: epicfight:biped/skill/guard_sword_hit_active2 can't be recognized
[02Sep2026 01:02:32.844] [main/WARN] [indestructible/]: epicfight:biped/skill/guard_sword_hit_active2 can't be recognized
[02Sep2026 01:02:32.844] [main/WARN] [indestructible/]: epicfight:biped/skill/guard_sword_hit_active1 can't be recognized
[02Sep2026 01:02:32.847] [main/WARN] [indestructible/]: efn:biped/yamato/biped_hitback_air can't be recognized
[02Sep2026 01:02:32.847] [main/WARN] [indestructible/]: efn:biped/nf_claw/nf_claw_auto3 can't be recognized
[02Sep2026 01:02:32.847] [main/WARN] [indestructible/]: efn:biped/yamato/biped_hitback_1 can't be recognized
[02Sep2026 01:02:32.847] [main/WARN] [indestructible/]: efn:biped/yamato/biped_hitback_1 can't be recognized
[02Sep2026 01:02:32.847] [main/WARN] [indestructible/]: efn:biped/yamato/biped_hitback_1 can't be recognized
[02Sep2026 01:02:32.847] [main/WARN] [indestructible/]: efn:biped/yamato/biped_hitback_1 can't be recognized
[02Sep2026 01:02:32.847] [main/WARN] [indestructible/]: efn:biped/yamato/biped_hitback_1 can't be recognized
[02Sep2026 01:02:32.847] [main/WARN] [indestructible/]: efn:biped/yamato/biped_hitback_1 can't be recognized
[02Sep2026 01:02:32.848] [main/WARN] [indestructible/]: efn:biped/yamato/biped_hitback_1 can't be recognized
[02Sep2026 01:02:32.857] [main/WARN] [indestructible/]: efn:biped/yamato/biped_hitback_1 can't be recognized
[02Sep2026 01:02:32.857] [main/WARN] [indestructible/]: epicfightx:biped/skill/revelation_normal can't be recognized
[02Sep2026 01:02:32.857] [main/WARN] [indestructible/]: efn:biped/yamato/biped_hitback_1 can't be recognized
[02Sep2026 01:02:32.857] [main/WARN] [indestructible/]: efn:biped/yamato/biped_hitback_1 can't be recognized
[02Sep2026 01:02:32.857] [main/WARN] [indestructible/]: efn:biped/yamato/biped_hitback_1 can't be recognized
[02Sep2026 01:02:32.857] [main/WARN] [indestructible/]: efn:biped/yamato/biped_hitback_1 can't be recognized
[02Sep2026 01:02:32.857] [main/WARN] [indestructible/]: efn:biped/yamato/biped_hitback_1 can't be recognized
[02Sep2026 01:02:32.857] [main/WARN] [indestructible/]: efn:biped/yamato/biped_hitback_1 can't be recognized
[02Sep2026 01:02:32.857] [main/WARN] [indestructible/]: efn:biped/yamato/biped_hitback_1 can't be recognized
[02Sep2026 01:02:32.857] [main/WARN] [indestructible/]: efn:biped/yamato/biped_hitback_1 can't be recognized
[02Sep2026 01:02:32.857] [main/WARN] [indestructible/]: efn:biped/ng_greatsword/ng_great_skill_clash can't be recognized
[02Sep2026 01:02:32.857] [main/WARN] [indestructible/]: efn:biped/yamato/biped_hitback_1 can't be recognized
[02Sep2026 01:02:32.857] [main/WARN] [indestructible/]: efn:biped/yamato/biped_hitback_1 can't be recognized
[02Sep2026 01:02:32.858] [main/WARN] [indestructible/]: efn:biped/yamato/biped_hitback_1 can't be recognized
[02Sep2026 01:02:32.858] [main/WARN] [indestructible/]: efn:biped/yamato/biped_hitback_1 can't be recognized
[02Sep2026 01:02:32.858] [main/WARN] [indestructible/]: efn:biped/yamato/biped_hitback_1 can't be recognized
[02Sep2026 01:02:32.858] [main/WARN] [indestructible/]: efn:biped/yamato/biped_hitback_1 can't be recognized
[02Sep2026 01:02:32.858] [main/WARN] [indestructible/]: efn:biped/yamato/biped_hitback_1 can't be recognized
[02Sep2026 01:02:32.858] [main/WARN] [indestructible/]: efn:biped/yamato/biped_hitback_1 can't be recognized
[02Sep2026 01:02:32.859] [main/WARN] [indestructible/]: efn:biped/nf_meen/nf_meen_auto4 can't be recognized
[02Sep2026 01:02:32.859] [main/WARN] [indestructible/]: efn:biped/yamato/biped_hitback_1 can't be recognized
[02Sep2026 01:02:32.860] [main/WARN] [indestructible/]: efn:biped/yamato/biped_hitback_1 can't be recognized
[02Sep2026 01:02:32.860] [main/WARN] [indestructible/]: efn:biped/yamato/biped_hitback_1 can't be recognized
[02Sep2026 01:02:32.860] [main/WARN] [indestructible/]: efn:biped/yamato/biped_hitback_1 can't be recognized
[02Sep2026 01:02:32.860] [main/WARN] [indestructible/]: efn:biped/yamato/biped_hitback_1 can't be recognized
[02Sep2026 01:02:32.860] [main/WARN] [indestructible/]: efn:biped/yamato/biped_hitback_1 can't be recognized
[02Sep2026 01:02:32.860] [main/WARN] [indestructible/]: efn:biped/yamato/biped_hitback_1 can't be recognized
[02Sep2026 01:02:32.860] [main/WARN] [indestructible/]: efn:biped/yamato/biped_hitback_1 can't be recognized
[02Sep2026 01:02:32.860] [main/WARN] [indestructible/]: efn:biped/nf_tachi/nf_tachi_bloodlust_end can't be recognized
[02Sep2026 01:02:32.860] [main/WARN] [indestructible/]: efn:biped/yamato/biped_hitback_1 can't be recognized
[02Sep2026 01:02:32.860] [main/WARN] [indestructible/]: efn:biped/yamato/biped_hitback_1 can't be recognized
[02Sep2026 01:02:32.860] [main/WARN] [indestructible/]: efn:biped/yamato/biped_hitback_1 can't be recognized
[02Sep2026 01:02:32.860] [main/WARN] [indestructible/]: efn:biped/yamato/biped_hitback_1 can't be recognized
[02Sep2026 01:02:32.860] [main/WARN] [indestructible/]: efn:biped/yamato/biped_hitback_1 can't be recognized
[02Sep2026 01:02:32.860] [main/WARN] [indestructible/]: efn:biped/yamato/biped_hitback_1 can't be recognized
[02Sep2026 01:02:32.860] [main/WARN] [indestructible/]: efn:biped/yamato/biped_hitback_1 can't be recognized
[02Sep2026 01:02:32.861] [main/WARN] [indestructible/]: epicfightx:biped/combat/uchigatana_sheath_dash can't be recognized
[02Sep2026 01:02:32.861] [main/WARN] [indestructible/]: efn:biped/yamato/biped_hitback_1 can't be recognized
[02Sep2026 01:02:32.861] [main/WARN] [indestructible/]: efn:biped/yamato/biped_hitback_1 can't be recognized
[02Sep2026 01:02:32.861] [main/WARN] [indestructible/]: efn:biped/yamato/biped_hitback_1 can't be recognized
[02Sep2026 01:02:32.861] [main/WARN] [indestructible/]: efn:biped/yamato/biped_hitback_1 can't be recognized
[02Sep2026 01:02:32.861] [main/WARN] [indestructible/]: efn:biped/yamato/biped_hitback_1 can't be recognized
[02Sep2026 01:02:32.861] [main/WARN] [indestructible/]: efn:biped/yamato/biped_hitback_1 can't be recognized
[02Sep2026 01:02:32.861] [main/WARN] [indestructible/]: efn:biped/yamato/biped_hitback_1 can't be recognized
[02Sep2026 01:02:32.861] [main/WARN] [indestructible/]: efn:biped/yamato/biped_hitback_1 can't be recognized
[02Sep2026 01:02:32.861] [main/WARN] [indestructible/]: epicfightx:biped/combat/dagger_airslash can't be recognized
[02Sep2026 01:02:32.861] [main/WARN] [indestructible/]: efn:biped/yamato/biped_hitback_1 can't be recognized
[02Sep2026 01:02:32.861] [main/WARN] [indestructible/]: efn:biped/yamato/biped_hitback_1 can't be recognized
[02Sep2026 01:02:32.861] [main/WARN] [indestructible/]: efn:biped/yamato/biped_hitback_1 can't be recognized
[02Sep2026 01:02:32.861] [main/WARN] [indestructible/]: efn:biped/yamato/biped_hitback_1 can't be recognized
[02Sep2026 01:02:32.862] [main/WARN] [indestructible/]: efn:biped/yamato/biped_hitback_1 can't be recognized
[02Sep2026 01:02:32.862] [main/WARN] [indestructible/]: efn:biped/yamato/biped_hitback_1 can't be recognized
[02Sep2026 01:02:32.862] [main/WARN] [indestructible/]: efn:biped/yamato/biped_hitback_1 can't be recognized
[02Sep2026 01:02:32.862] [main/WARN] [indestructible/]: epicfightx:biped/combat/dagger_dual_dash can't be recognized
[02Sep2026 01:02:32.862] [main/WARN] [indestructible/]: efn:biped/yamato/biped_hitback_1 can't be recognized
[02Sep2026 01:02:32.862] [main/WARN] [indestructible/]: efn:biped/yamato/biped_hitback_1 can't be recognized
[02Sep2026 01:02:32.862] [main/WARN] [indestructible/]: efn:biped/yamato/biped_hitback_1 can't be recognized
[02Sep2026 01:02:32.862] [main/WARN] [indestructible/]: efn:biped/yamato/biped_hitback_1 can't be recognized
[02Sep2026 01:02:32.862] [main/WARN] [indestructible/]: efn:biped/yamato/biped_hitback_1 can't be recognized
[02Sep2026 01:02:32.862] [main/WARN] [indestructible/]: efn:biped/yamato/biped_hitback_1 can't be recognized
[02Sep2026 01:02:32.862] [main/WARN] [indestructible/]: efn:biped/yamato/biped_hitback_1 can't be recognized
[02Sep2026 01:02:32.862] [main/WARN] [indestructible/]: epicfightx:biped/skill/dancing_edge can't be recognized
[02Sep2026 01:02:32.862] [main/WARN] [indestructible/]: efn:biped/yamato/biped_hitback_1 can't be recognized
[02Sep2026 01:02:32.862] [main/WARN] [indestructible/]: efn:biped/yamato/biped_hitback_1 can't be recognized
[02Sep2026 01:02:32.862] [main/WARN] [indestructible/]: efn:biped/yamato/biped_hitback_1 can't be recognized
[02Sep2026 01:02:32.863] [main/WARN] [indestructible/]: efn:biped/yamato/biped_hitback_1 can't be recognized
[02Sep2026 01:02:32.863] [main/WARN] [indestructible/]: efn:biped/yamato/biped_hitback_1 can't be recognized
[02Sep2026 01:02:32.863] [main/WARN] [indestructible/]: efn:biped/yamato/biped_hitback_1 can't be recognized
[02Sep2026 01:02:32.863] [main/WARN] [indestructible/]: efn:biped/yamato/biped_hitback_1 can't be recognized
[02Sep2026 01:02:32.863] [main/WARN] [indestructible/]: efn:biped/yamato/biped_hitback_air can't be recognized
[02Sep2026 01:02:32.863] [main/WARN] [indestructible/]: efn:biped/nf_claw/nf_claw_auto3 can't be recognized
[02Sep2026 01:02:32.863] [main/WARN] [indestructible/]: efn:biped/yamato/biped_hitback_1 can't be recognized
[02Sep2026 01:02:32.863] [main/WARN] [indestructible/]: efn:biped/yamato/biped_hitback_1 can't be recognized
[02Sep2026 01:02:32.863] [main/WARN] [indestructible/]: efn:biped/yamato/biped_hitback_1 can't be recognized
[02Sep2026 01:02:32.863] [main/WARN] [indestructible/]: efn:biped/yamato/biped_hitback_1 can't be recognized
[02Sep2026 01:02:32.863] [main/WARN] [indestructible/]: efn:biped/yamato/biped_hitback_1 can't be recognized
[02Sep2026 01:02:32.863] [main/WARN] [indestructible/]: efn:biped/yamato/biped_hitback_1 can't be recognized
[02Sep2026 01:02:32.863] [main/WARN] [indestructible/]: efn:biped/yamato/biped_hitback_1 can't be recognized
[02Sep2026 01:02:32.864] [main/WARN] [indestructible/]: efn:biped/yamato/biped_hitback_1 can't be recognized
[02Sep2026 01:02:32.864] [main/WARN] [indestructible/]: efn:biped/nf_sword/nf_sword_skill can't be recognized
[02Sep2026 01:02:32.864] [main/WARN] [indestructible/]: efn:biped/yamato/biped_hitback_1 can't be recognized
[02Sep2026 01:02:32.864] [main/WARN] [indestructible/]: efn:biped/yamato/biped_hitback_1 can't be recognized
[02Sep2026 01:02:32.864] [main/WARN] [indestructible/]: efn:biped/yamato/biped_hitback_1 can't be recognized
[02Sep2026 01:02:32.864] [main/WARN] [indestructible/]: efn:biped/yamato/biped_hitback_1 can't be recognized
[02Sep2026 01:02:32.864] [main/WARN] [indestructible/]: efn:biped/yamato/biped_hitback_1 can't be recognized
[02Sep2026 01:02:32.864] [main/WARN] [indestructible/]: efn:biped/yamato/biped_hitback_1 can't be recognized
[02Sep2026 01:02:32.864] [main/WARN] [indestructible/]: efn:biped/yamato/biped_hitback_1 can't be recognized
[02Sep2026 01:02:32.864] [main/WARN] [indestructible/]: efn:biped/yamato/biped_hitback_1 can't be recognized
[02Sep2026 01:02:32.864] [main/WARN] [indestructible/]: efn:biped/yamato/biped_hitback_1 can't be recognized
[02Sep2026 01:02:32.864] [main/WARN] [indestructible/]: efn:biped/yamato/biped_hitback_1 can't be recognized
[02Sep2026 01:02:32.864] [main/WARN] [indestructible/]: efn:biped/yamato/biped_hitback_1 can't be recognized
[02Sep2026 01:02:32.865] [main/WARN] [indestructible/]: efn:biped/yamato/biped_hitback_1 can't be recognized
[02Sep2026 01:02:32.865] [main/WARN] [indestructible/]: efn:biped/yamato/biped_hitback_1 can't be recognized
[02Sep2026 01:02:32.865] [main/WARN] [indestructible/]: efn:biped/yamato/biped_hitback_1 can't be recognized
[02Sep2026 01:02:32.865] [main/WARN] [indestructible/]: efn:biped/yamato/biped_hitback_1 can't be recognized
[02Sep2026 01:02:32.955] [main/INFO] [Moonlight/]: Applied 18 data villager trades
[02Sep2026 01:02:33.002] [main/INFO] [Supplementaries/]: Finished additional setup in 0 ms
[02Sep2026 01:02:33.027] [main/WARN] [ModernFix/]: Initial datapack load took 34.35 s
[02Sep2026 01:02:33.185] [Server thread/INFO] [net.minecraft.server.dedicated.DedicatedServer/]: Starting minecraft server version 1.20.1
[02Sep2026 01:02:33.185] [Server thread/INFO] [net.minecraft.server.dedicated.DedicatedServer/]: Loading properties
[02Sep2026 01:02:33.185] [Server thread/INFO] [net.minecraft.server.dedicated.DedicatedServer/]: Default game type: SURVIVAL
[02Sep2026 01:02:33.185] [Server thread/INFO] [net.minecraft.server.MinecraftServer/]: Generating keypair
[02Sep2026 01:02:33.264] [Server thread/INFO] [net.minecraft.server.dedicated.DedicatedServer/]: Starting Minecraft server on *:25565
[02Sep2026 01:02:33.300] [Server thread/INFO] [net.minecraft.server.network.ServerConnectionListener/]: Using epoll channel type
[02Sep2026 01:02:33.401] [Server thread/WARN] [net.minecraft.server.dedicated.DedicatedServer/]: **** SERVER IS RUNNING IN OFFLINE/INSECURE MODE!
[02Sep2026 01:02:33.401] [Server thread/WARN] [net.minecraft.server.dedicated.DedicatedServer/]: The server will make no attempt to authenticate usernames. Beware.
[02Sep2026 01:02:33.401] [Server thread/WARN] [net.minecraft.server.dedicated.DedicatedServer/]: While this makes the game possible to play without internet access, it also opens up the ability for hackers to connect with any username they choose.
[02Sep2026 01:02:33.401] [Server thread/WARN] [net.minecraft.server.dedicated.DedicatedServer/]: To change this, set "online-mode" to "true" in the server.properties file.
[02Sep2026 01:02:33.420] [Server thread/INFO] [Puzzles Lib/]: Loading server config for enchantinginfuser
[02Sep2026 01:02:33.672] [Server thread/INFO] [FTB Teams/]: loaded team data: 2 known players, 3 teams total
[02Sep2026 01:02:33.752] [Server thread/INFO] [spark/]: Starting background profiler...
[02Sep2026 01:02:34.096] [Thread-0/INFO] [ModernFix/]: Please use /mfsrc to reload any changed mod config files
[02Sep2026 01:02:34.926] [Server thread/INFO] [zeta/]: Server starting, accepting filewatcher changes for zeta's config
[02Sep2026 01:02:34.931] [Server thread/INFO] [quark-zeta/]: Server starting, accepting filewatcher changes for quark's config
[02Sep2026 01:02:35.231] [Server thread/INFO] [terrablender/]: Initialized TerraBlender biomes for level stem minecraft:the_nether
[02Sep2026 01:02:35.647] [Server thread/INFO] [terrablender/]: Initialized TerraBlender biomes for level stem minecraft:overworld
[02Sep2026 01:02:35.647] [Server thread/INFO] [citadel/]: Added to village structure pool
[02Sep2026 01:02:35.647] [Server thread/INFO] [citadel/]: Added to village structure pool
[02Sep2026 01:02:35.648] [Server thread/INFO] [citadel/]: Added to village structure pool
[02Sep2026 01:02:35.648] [Server thread/INFO] [citadel/]: Added to village structure pool
[02Sep2026 01:02:35.648] [Server thread/INFO] [citadel/]: Added to village structure pool
[02Sep2026 01:02:35.648] [Server thread/INFO] [net.minecraft.server.dedicated.DedicatedServer/]: Preparing level "world"
[02Sep2026 01:02:36.141] [Server thread/INFO] [incontrol/]: Reading rules from areas.json
[02Sep2026 01:02:36.150] [Server thread/INFO] [incontrol/]: Reading rules from spawn.json
[02Sep2026 01:02:36.184] [Server thread/INFO] [incontrol/]: Reading rules from summonaid.json
[02Sep2026 01:02:36.186] [Server thread/INFO] [incontrol/]: Reading rules from loot.json
[02Sep2026 01:02:36.190] [Server thread/INFO] [incontrol/]: Reading rules from experience.json
[02Sep2026 01:02:36.192] [Server thread/INFO] [incontrol/]: Reading rules from phases.json
[02Sep2026 01:02:36.193] [Server thread/INFO] [incontrol/]: Reading rules from effects.json
[02Sep2026 01:02:36.194] [Server thread/INFO] [incontrol/]: Reading rules from breakevents.json
[02Sep2026 01:02:36.195] [Server thread/INFO] [incontrol/]: Reading rules from placeevents.json
[02Sep2026 01:02:36.196] [Server thread/INFO] [incontrol/]: Reading rules from rightclicks.json
[02Sep2026 01:02:36.198] [Server thread/INFO] [incontrol/]: Reading rules from leftclicks.json
[02Sep2026 01:02:36.201] [Server thread/INFO] [incontrol/]: Reading rules from spawner.json
[02Sep2026 01:02:36.203] [Server thread/INFO] [incontrol/]: Reading rules from events.json
[02Sep2026 01:02:36.361] [Server thread/INFO] [net.minecraft.server.MinecraftServer/]: Preparing start region for dimension minecraft:overworld
[02Sep2026 01:02:37.127] [Server thread/INFO] [net.minecraft.server.level.progress.LoggerChunkProgressListener/]: Preparing spawn area: 0%
[02Sep2026 01:02:37.150] [Server thread/INFO] [net.minecraft.server.level.progress.LoggerChunkProgressListener/]: Preparing spawn area: 0%
[02Sep2026 01:02:37.393] [Server thread/INFO] [net.minecraft.server.level.progress.LoggerChunkProgressListener/]: Preparing spawn area: 0%
[02Sep2026 01:02:37.740] [Server thread/INFO] [com.cupboard.Cupboard/]: Loaded config for: limitedchunks.json
[02Sep2026 01:02:37.932] [Server thread/INFO] [net.minecraft.server.level.progress.LoggerChunkProgressListener/]: Preparing spawn area: 9%
[02Sep2026 01:02:38.380] [Server thread/INFO] [net.minecraft.server.level.progress.LoggerChunkProgressListener/]: Preparing spawn area: 10%
[02Sep2026 01:02:38.884] [Server thread/INFO] [net.minecraft.server.level.progress.LoggerChunkProgressListener/]: Preparing spawn area: 15%
[02Sep2026 01:02:39.365] [Server thread/INFO] [net.minecraft.server.level.progress.LoggerChunkProgressListener/]: Preparing spawn area: 15%
[02Sep2026 01:02:39.869] [Server thread/INFO] [net.minecraft.server.level.progress.LoggerChunkProgressListener/]: Preparing spawn area: 15%
[02Sep2026 01:02:40.618] [Server thread/INFO] [net.minecraft.server.level.progress.LoggerChunkProgressListener/]: Time elapsed: 4257 ms
[02Sep2026 01:02:40.618] [Server thread/INFO] [net.minecraft.server.dedicated.DedicatedServer/]: Done (7.205s)! For help, type "help"
[02Sep2026 01:02:40.836] [Server thread/INFO] [net.minecraftforge.server.permission.PermissionAPI/]: Successfully initialized permission handler forge:default_handler
[02Sep2026 01:02:40.842] [Server thread/INFO] [xaero.hud.minimap.MinimapLogs/]: Registered synced player tracker system: ftb_teams
[02Sep2026 01:02:40.844] [Server thread/INFO] [xaero.map.WorldMap/]: Registered synced player tracker system: ftb_teams
[02Sep2026 01:02:40.847] [Server thread/INFO] [net.magister.bookofdragons.BookOfDragons/]: HELLO from server starting
[02Sep2026 01:02:40.847] [Server thread/INFO] [com.wintercogs.beyonddimensions.BeyondDimensions/]: 维度网络初始化完成(服务端)
[02Sep2026 01:02:40.848] [Server thread/INFO] [com.kamikaguya.ash_of_sin_no_more_invalid_statistic.event.AshOfSinNoMoreInvalidStatisticEvent/]: Scanning stats directory for invalid entries: ./world/stats
[02Sep2026 01:02:40.903] [Server thread/INFO] [com.brass_amber.ba_bt.BABattleTowers/]: server starting
[02Sep2026 01:02:40.908] [Server thread/INFO] [FTB Quests/]: Loading quests from /workspaces/maincra/servidor_minecraft/config/ftbquests/quests
[02Sep2026 01:02:40.958] [Server thread/INFO] [FTB Quests/]: Loaded 1 chapter groups, 8 chapters, 232 quests, 1 reward tables
[02Sep2026 01:02:41.035] [Server thread/INFO] [com.finderfeed.fdlib.FDLib/]: Loading FD configs...
[02Sep2026 01:02:41.038] [Server thread/INFO] [com.finderfeed.fdlib.FDLib/]: Loading config fdlib:test
[02Sep2026 01:02:41.041] [Server thread/INFO] [com.finderfeed.fdlib.FDLib/]: Loading config fdlib:fdlib_client
[02Sep2026 01:02:41.042] [Server thread/INFO] [com.finderfeed.fdlib.FDLib/]: Loaded FD configs.
[02Sep2026 01:02:41.178] [Server thread/INFO] [com.yesman.epicskills.EpicSkills/]: wom:acrobat is disabled.
[02Sep2026 01:02:41.179] [Server thread/INFO] [com.yesman.epicskills.EpicSkills/]: epicskills:infernal_might is disabled.
[02Sep2026 01:02:41.180] [Server thread/WARN] [com.yesman.epicskills.EpicSkills/]: Unknown skill tree id: dodge_parry_reward:passive_old
[02Sep2026 01:02:41.180] [Server thread/INFO] [com.yesman.epicskills.EpicSkills/]: sword_soaring:sword_soaring_skills is disabled.
[02Sep2026 01:02:41.240] [Server thread/INFO] [patchouli/]: Sending reload packet to clients
[02Sep2026 01:02:41.241] [Server thread/WARN] [ModernFix/]: Dedicated server took 98.947 seconds to load
[02Sep2026 01:02:41.335] [Server thread/INFO] [com.p1nero.cataclysm_dimension.CataclysmDimensionMod/]: [Cataclysm Dimension]: No player inside. trying to reset dimension cataclysm_dimension:cataclysm_bastion_lost.
[02Sep2026 01:02:41.336] [Server thread/INFO] [com.p1nero.cataclysm_dimension.CataclysmDimensionMod/]: [Cataclysm Dimension]: Dimension cataclysm_dimension:cataclysm_bastion_lost will be reset after 10 second.
[02Sep2026 01:02:41.336] [Server thread/INFO] [com.p1nero.cataclysm_dimension.CataclysmDimensionMod/]: [Cataclysm Dimension]: No player inside. trying to reset dimension cataclysm_dimension:cataclysm_abyssal_depths.
[02Sep2026 01:02:41.336] [Server thread/INFO] [com.p1nero.cataclysm_dimension.CataclysmDimensionMod/]: [Cataclysm Dimension]: Dimension cataclysm_dimension:cataclysm_abyssal_depths will be reset after 10 second.
[02Sep2026 01:02:41.336] [Server thread/INFO] [com.p1nero.cataclysm_dimension.CataclysmDimensionMod/]: [Cataclysm Dimension]: No player inside. trying to reset dimension cataclysm_dimension:cataclysm_eternal_frosthold.
[02Sep2026 01:02:41.337] [Server thread/INFO] [com.p1nero.cataclysm_dimension.CataclysmDimensionMod/]: [Cataclysm Dimension]: Dimension cataclysm_dimension:cataclysm_eternal_frosthold will be reset after 10 second.
[02Sep2026 01:02:41.337] [Server thread/INFO] [com.p1nero.cataclysm_dimension.CataclysmDimensionMod/]: [Cataclysm Dimension]: No player inside. trying to reset dimension cataclysm_dimension:cataclysm_infernos_maw.
[02Sep2026 01:02:41.337] [Server thread/INFO] [com.p1nero.cataclysm_dimension.CataclysmDimensionMod/]: [Cataclysm Dimension]: Dimension cataclysm_dimension:cataclysm_infernos_maw will be reset after 10 second.
[02Sep2026 01:02:41.337] [Server thread/INFO] [com.p1nero.cataclysm_dimension.CataclysmDimensionMod/]: [Cataclysm Dimension]: No player inside. trying to reset dimension cataclysm_dimension:cataclysm_sanctum_fallen.
[02Sep2026 01:02:41.337] [Server thread/INFO] [com.p1nero.cataclysm_dimension.CataclysmDimensionMod/]: [Cataclysm Dimension]: Dimension cataclysm_dimension:cataclysm_sanctum_fallen will be reset after 10 second.
[02Sep2026 01:02:41.337] [Server thread/INFO] [com.p1nero.cataclysm_dimension.CataclysmDimensionMod/]: [Cataclysm Dimension]: No player inside. trying to reset dimension cataclysm_dimension:cataclysm_pharaohs_bane.
[02Sep2026 01:02:41.337] [Server thread/INFO] [com.p1nero.cataclysm_dimension.CataclysmDimensionMod/]: [Cataclysm Dimension]: Dimension cataclysm_dimension:cataclysm_pharaohs_bane will be reset after 10 second.
[02Sep2026 01:02:41.337] [Server thread/INFO] [com.p1nero.cataclysm_dimension.CataclysmDimensionMod/]: [Cataclysm Dimension]: No player inside. trying to reset dimension cataclysm_dimension:cataclysm_souls_anvil.
[02Sep2026 01:02:41.338] [Server thread/INFO] [com.p1nero.cataclysm_dimension.CataclysmDimensionMod/]: [Cataclysm Dimension]: Dimension cataclysm_dimension:cataclysm_souls_anvil will be reset after 10 second.
[02Sep2026 01:02:41.338] [Server thread/INFO] [com.p1nero.cataclysm_dimension.CataclysmDimensionMod/]: [Cataclysm Dimension]: No player inside. trying to reset dimension cataclysm_dimension:cataclysm_forge_of_aeons.
[02Sep2026 01:02:41.338] [Server thread/INFO] [com.p1nero.cataclysm_dimension.CataclysmDimensionMod/]: [Cataclysm Dimension]: Dimension cataclysm_dimension:cataclysm_forge_of_aeons will be reset after 10 second.
[02Sep2026 01:02:51.192] [Server thread/INFO] [com.p1nero.cataclysm_dimension.CataclysmDimensionMod/]: [Cataclysm Dimension]: No region files in cataclysm_dimension:cataclysm_bastion_lost. Skipped.
[02Sep2026 01:02:51.193] [Server thread/INFO] [com.p1nero.cataclysm_dimension.CataclysmDimensionMod/]: [Cataclysm Dimension]: No region files in cataclysm_dimension:cataclysm_abyssal_depths. Skipped.
[02Sep2026 01:02:51.193] [Server thread/INFO] [com.p1nero.cataclysm_dimension.CataclysmDimensionMod/]: [Cataclysm Dimension]: No region files in cataclysm_dimension:cataclysm_eternal_frosthold. Skipped.
[02Sep2026 01:02:51.193] [Server thread/INFO] [com.p1nero.cataclysm_dimension.CataclysmDimensionMod/]: [Cataclysm Dimension]: No region files in cataclysm_dimension:cataclysm_infernos_maw. Skipped.
[02Sep2026 01:02:51.193] [Server thread/INFO] [com.p1nero.cataclysm_dimension.CataclysmDimensionMod/]: [Cataclysm Dimension]: No region files in cataclysm_dimension:cataclysm_sanctum_fallen. Skipped.
[02Sep2026 01:02:51.194] [Server thread/INFO] [com.p1nero.cataclysm_dimension.CataclysmDimensionMod/]: [Cataclysm Dimension]: No region files in cataclysm_dimension:cataclysm_souls_anvil. Skipped.
[02Sep2026 01:02:51.194] [Server thread/INFO] [com.p1nero.cataclysm_dimension.CataclysmDimensionMod/]: [Cataclysm Dimension]: No region files in cataclysm_dimension:cataclysm_forge_of_aeons. Skipped.
[02Sep2026 01:04:34.544] [Server thread/INFO] [com.yesman.epicskills.EpicSkills/]: wom:acrobat is disabled.
[02Sep2026 01:04:34.545] [Server thread/INFO] [com.yesman.epicskills.EpicSkills/]: epicskills:infernal_might is disabled.
[02Sep2026 01:04:34.545] [Server thread/WARN] [com.yesman.epicskills.EpicSkills/]: Unknown skill tree id: dodge_parry_reward:passive_old
[02Sep2026 01:04:34.545] [Server thread/INFO] [com.yesman.epicskills.EpicSkills/]: sword_soaring:sword_soaring_skills is disabled.
[02Sep2026 01:04:34.716] [Server thread/INFO] [net.minecraft.server.players.PlayerList/]: Rintor_SK[/127.108.242.35:38123] logged in with entity id 110 at (31.759096266537558, 75.0, -462.1798697013727)
[02Sep2026 01:04:34.787] [Server thread/INFO] [io.redspace.ironsspellbooks.IronsSpellbooks/]: Read 3 spell config files (1 ms)
[02Sep2026 01:04:34.811] [Server thread/INFO] [ModernFix/]: Using enhanced recipe sync for player Rintor_SK
[02Sep2026 01:04:34.876] [Server thread/INFO] [net.minecraft.server.MinecraftServer/]: Rintor_SK joined the game
[02Sep2026 01:04:35.380] [Server thread/INFO] [Jade/]: Syncing config to Rintor_SK (d1770db7-43dd-3083-95dd-f91cd2eb2fb2)
[02Sep2026 01:05:09.510] [Server thread/INFO] [com.yesman.epicskills.EpicSkills/]: wom:acrobat is disabled.
[02Sep2026 01:05:09.510] [Server thread/INFO] [com.yesman.epicskills.EpicSkills/]: epicskills:infernal_might is disabled.
[02Sep2026 01:05:09.510] [Server thread/WARN] [com.yesman.epicskills.EpicSkills/]: Unknown skill tree id: dodge_parry_reward:passive_old
[02Sep2026 01:05:09.510] [Server thread/INFO] [com.yesman.epicskills.EpicSkills/]: sword_soaring:sword_soaring_skills is disabled.
[02Sep2026 01:06:02.707] [Server thread/INFO] [net.minecraft.server.MinecraftServer/]: Rintor_SK was slain by Evening Ghost
[02Sep2026 01:06:34.393] [Server thread/INFO] [net.minecraft.server.network.ServerGamePacketListenerImpl/]: Rintor_SK lost connection: Timed out
[02Sep2026 01:06:34.394] [Server thread/INFO] [net.minecraft.server.MinecraftServer/]: Rintor_SK left the game
[02Sep2026 01:07:40.743] [Server thread/INFO] [com.yesman.epicskills.EpicSkills/]: wom:acrobat is disabled.
[02Sep2026 01:07:40.744] [Server thread/INFO] [com.yesman.epicskills.EpicSkills/]: epicskills:infernal_might is disabled.
[02Sep2026 01:07:40.744] [Server thread/WARN] [com.yesman.epicskills.EpicSkills/]: Unknown skill tree id: dodge_parry_reward:passive_old
[02Sep2026 01:07:40.744] [Server thread/INFO] [com.yesman.epicskills.EpicSkills/]: sword_soaring:sword_soaring_skills is disabled.
[02Sep2026 01:07:40.767] [Server thread/INFO] [net.minecraft.server.players.PlayerList/]: Rintor_SK[/127.108.242.35:49603] logged in with entity id 338 at (30.145807196902563, 75.0, -469.6729188237736)
[02Sep2026 01:07:40.783] [Server thread/INFO] [ModernFix/]: Using enhanced recipe sync for player Rintor_SK
[02Sep2026 01:07:40.802] [Server thread/INFO] [net.minecraft.server.MinecraftServer/]: Rintor_SK joined the game
[02Sep2026 01:07:40.883] [Server thread/INFO] [Jade/]: Syncing config to Rintor_SK (d1770db7-43dd-3083-95dd-f91cd2eb2fb2)
[02Sep2026 01:08:01.231] [Server thread/INFO] [com.yesman.epicskills.EpicSkills/]: wom:acrobat is disabled.
[02Sep2026 01:08:01.231] [Server thread/INFO] [com.yesman.epicskills.EpicSkills/]: epicskills:infernal_might is disabled.
[02Sep2026 01:08:01.232] [Server thread/WARN] [com.yesman.epicskills.EpicSkills/]: Unknown skill tree id: dodge_parry_reward:passive_old
[02Sep2026 01:08:01.232] [Server thread/INFO] [com.yesman.epicskills.EpicSkills/]: sword_soaring:sword_soaring_skills is disabled.
[02Sep2026 01:08:08.302] [Server thread/INFO] [net.minecraft.server.MinecraftServer/]: Rintor_SK was slain by Evening Ghost
[02Sep2026 01:08:14.895] [Server thread/INFO] [com.yesman.epicskills.EpicSkills/]: wom:acrobat is disabled.
[02Sep2026 01:08:14.896] [Server thread/INFO] [com.yesman.epicskills.EpicSkills/]: epicskills:infernal_might is disabled.
[02Sep2026 01:08:14.896] [Server thread/WARN] [com.yesman.epicskills.EpicSkills/]: Unknown skill tree id: dodge_parry_reward:passive_old
[02Sep2026 01:08:14.896] [Server thread/INFO] [com.yesman.epicskills.EpicSkills/]: sword_soaring:sword_soaring_skills is disabled.
[02Sep2026 01:08:21.201] [Server thread/INFO] [net.minecraft.server.MinecraftServer/]: Rintor_SK was slain by Evening Ghost
[02Sep2026 01:08:27.850] [Server thread/INFO] [com.yesman.epicskills.EpicSkills/]: wom:acrobat is disabled.
[02Sep2026 01:08:27.851] [Server thread/INFO] [com.yesman.epicskills.EpicSkills/]: epicskills:infernal_might is disabled.
[02Sep2026 01:08:27.851] [Server thread/WARN] [com.yesman.epicskills.EpicSkills/]: Unknown skill tree id: dodge_parry_reward:passive_old
[02Sep2026 01:08:27.851] [Server thread/INFO] [com.yesman.epicskills.EpicSkills/]: sword_soaring:sword_soaring_skills is disabled.
[02Sep2026 01:08:31.954] [Server thread/INFO] [net.minecraft.server.MinecraftServer/]: Rintor_SK was slain by Evening Ghost
[02Sep2026 01:08:39.263] [Server thread/INFO] [com.yesman.epicskills.EpicSkills/]: wom:acrobat is disabled.
[02Sep2026 01:08:39.263] [Server thread/INFO] [com.yesman.epicskills.EpicSkills/]: epicskills:infernal_might is disabled.
[02Sep2026 01:08:39.264] [Server thread/WARN] [com.yesman.epicskills.EpicSkills/]: Unknown skill tree id: dodge_parry_reward:passive_old
[02Sep2026 01:08:39.264] [Server thread/INFO] [com.yesman.epicskills.EpicSkills/]: sword_soaring:sword_soaring_skills is disabled.
[02Sep2026 01:09:54.804] [Server thread/INFO] [com.yesman.epicskills.EpicSkills/]: wom:acrobat is disabled.
[02Sep2026 01:09:54.804] [Server thread/INFO] [com.yesman.epicskills.EpicSkills/]: epicskills:infernal_might is disabled.
[02Sep2026 01:09:54.804] [Server thread/WARN] [com.yesman.epicskills.EpicSkills/]: Unknown skill tree id: dodge_parry_reward:passive_old
[02Sep2026 01:09:54.804] [Server thread/INFO] [com.yesman.epicskills.EpicSkills/]: sword_soaring:sword_soaring_skills is disabled.
[02Sep2026 01:09:54.925] [Server thread/INFO] [net.minecraft.server.players.PlayerList/]: MadaraUchiha2909[/127.15.183.111:35689] logged in with entity id 1089 at (49.98143092629956, 75.0, -451.37229058264484)
[02Sep2026 01:09:54.943] [Server thread/INFO] [ModernFix/]: Using enhanced recipe sync for player MadaraUchiha2909
[02Sep2026 01:09:54.946] [Server thread/INFO] [net.minecraft.server.MinecraftServer/]: MadaraUchiha2909 joined the game
[02Sep2026 01:09:55.126] [Server thread/INFO] [Jade/]: Syncing config to MadaraUchiha2909 (37a35d61-c727-3734-8efc-42f69805ddd0)
[02Sep2026 01:10:46.401] [Server thread/INFO] [net.minecraft.server.network.ServerGamePacketListenerImpl/]: MadaraUchiha2909 lost connection: Timed out
[02Sep2026 01:10:46.401] [Server thread/INFO] [net.minecraft.server.MinecraftServer/]: MadaraUchiha2909 left the game
[02Sep2026 01:11:05.302] [Server thread/INFO] [com.yesman.epicskills.EpicSkills/]: wom:acrobat is disabled.
[02Sep2026 01:11:05.302] [Server thread/INFO] [com.yesman.epicskills.EpicSkills/]: epicskills:infernal_might is disabled.
[02Sep2026 01:11:05.302] [Server thread/WARN] [com.yesman.epicskills.EpicSkills/]: Unknown skill tree id: dodge_parry_reward:passive_old
[02Sep2026 01:11:05.302] [Server thread/INFO] [com.yesman.epicskills.EpicSkills/]: sword_soaring:sword_soaring_skills is disabled.
[02Sep2026 01:11:05.320] [Server thread/INFO] [net.minecraft.server.players.PlayerList/]: MadaraUchiha2909[/127.15.183.111:50859] logged in with entity id 1174 at (49.98143092629956, 75.0, -451.37229058264484)
[02Sep2026 01:11:05.334] [Server thread/INFO] [ModernFix/]: Using enhanced recipe sync for player MadaraUchiha2909
[02Sep2026 01:11:05.343] [Server thread/INFO] [net.minecraft.server.MinecraftServer/]: MadaraUchiha2909 joined the game
[02Sep2026 01:11:05.476] [Server thread/INFO] [Jade/]: Syncing config to MadaraUchiha2909 (37a35d61-c727-3734-8efc-42f69805ddd0)
[02Sep2026 01:11:24.154] [Server thread/INFO] [net.minecraft.server.MinecraftServer/]: Rintor_SK was slain by Evening Ghost
[02Sep2026 01:11:30.969] [Server thread/INFO] [com.yesman.epicskills.EpicSkills/]: wom:acrobat is disabled.
[02Sep2026 01:11:30.970] [Server thread/INFO] [com.yesman.epicskills.EpicSkills/]: epicskills:infernal_might is disabled.
[02Sep2026 01:11:30.970] [Server thread/WARN] [com.yesman.epicskills.EpicSkills/]: Unknown skill tree id: dodge_parry_reward:passive_old
[02Sep2026 01:11:30.970] [Server thread/INFO] [com.yesman.epicskills.EpicSkills/]: sword_soaring:sword_soaring_skills is disabled.
[02Sep2026 01:11:50.175] [Server thread/INFO] [net.minecraft.server.MinecraftServer/]: [Not Secure] <MadaraUchiha2909> ostia
[02Sep2026 01:12:00.309] [Server thread/INFO] [net.minecraft.server.MinecraftServer/]: Rintor_SK was slain by Evening Ghost
[02Sep2026 01:12:07.076] [Server thread/INFO] [net.minecraft.server.MinecraftServer/]: [Not Secure] <MadaraUchiha2909> metete a dc
[02Sep2026 01:12:09.576] [Server thread/INFO] [com.yesman.epicskills.EpicSkills/]: wom:acrobat is disabled.
[02Sep2026 01:12:09.576] [Server thread/INFO] [com.yesman.epicskills.EpicSkills/]: epicskills:infernal_might is disabled.
[02Sep2026 01:12:09.576] [Server thread/WARN] [com.yesman.epicskills.EpicSkills/]: Unknown skill tree id: dodge_parry_reward:passive_old
[02Sep2026 01:12:09.576] [Server thread/INFO] [com.yesman.epicskills.EpicSkills/]: sword_soaring:sword_soaring_skills is disabled.
[02Sep2026 01:12:19.854] [Server thread/INFO] [net.minecraft.server.MinecraftServer/]: Rintor_SK was slain by Evening Ghost
[02Sep2026 01:12:51.553] [Server thread/INFO] [net.minecraft.server.network.ServerGamePacketListenerImpl/]: Rintor_SK lost connection: Timed out
[02Sep2026 01:12:51.606] [Server thread/INFO] [net.minecraft.server.MinecraftServer/]: Rintor_SK left the game
[02Sep2026 01:13:24.654] [Server thread/INFO] [net.minecraft.server.MinecraftServer/]: [Not Secure] <MadaraUchiha2909> metete a DC!!!!!!
[02Sep2026 01:14:01.554] [Server thread/INFO] [com.yesman.epicskills.EpicSkills/]: wom:acrobat is disabled.
[02Sep2026 01:14:01.554] [Server thread/INFO] [com.yesman.epicskills.EpicSkills/]: epicskills:infernal_might is disabled.
[02Sep2026 01:14:01.554] [Server thread/WARN] [com.yesman.epicskills.EpicSkills/]: Unknown skill tree id: dodge_parry_reward:passive_old
[02Sep2026 01:14:01.554] [Server thread/INFO] [com.yesman.epicskills.EpicSkills/]: sword_soaring:sword_soaring_skills is disabled.
[02Sep2026 01:14:01.573] [Server thread/INFO] [net.minecraft.server.players.PlayerList/]: Rintor_SK[/127.108.242.35:58287] logged in with entity id 1396 at (42.25421417788575, 75.0, -452.69999998807907)
[02Sep2026 01:14:01.582] [Server thread/INFO] [ModernFix/]: Using enhanced recipe sync for player Rintor_SK
[02Sep2026 01:14:01.597] [Server thread/INFO] [net.minecraft.server.MinecraftServer/]: Rintor_SK joined the game
[02Sep2026 01:14:01.714] [Server thread/INFO] [Jade/]: Syncing config to Rintor_SK (d1770db7-43dd-3083-95dd-f91cd2eb2fb2)
[02Sep2026 01:14:20.590] [Server thread/INFO] [com.yesman.epicskills.EpicSkills/]: wom:acrobat is disabled.
[02Sep2026 01:14:20.590] [Server thread/INFO] [com.yesman.epicskills.EpicSkills/]: epicskills:infernal_might is disabled.
[02Sep2026 01:14:20.590] [Server thread/WARN] [com.yesman.epicskills.EpicSkills/]: Unknown skill tree id: dodge_parry_reward:passive_old
[02Sep2026 01:14:20.590] [Server thread/INFO] [com.yesman.epicskills.EpicSkills/]: sword_soaring:sword_soaring_skills is disabled.
[02Sep2026 01:15:19.651] [Server thread/INFO] [net.minecraft.server.MinecraftServer/]: Rintor_SK was slain by Evening Ghost
[02Sep2026 01:15:51.351] [Server thread/INFO] [net.minecraft.server.network.ServerGamePacketListenerImpl/]: Rintor_SK lost connection: Timed out
[02Sep2026 01:15:51.352] [Server thread/INFO] [net.minecraft.server.MinecraftServer/]: Rintor_SK left the game
[02Sep2026 01:15:57.601] [Server thread/INFO] [com.yesman.epicskills.EpicSkills/]: wom:acrobat is disabled.
[02Sep2026 01:15:57.601] [Server thread/INFO] [com.yesman.epicskills.EpicSkills/]: epicskills:infernal_might is disabled.
[02Sep2026 01:15:57.601] [Server thread/WARN] [com.yesman.epicskills.EpicSkills/]: Unknown skill tree id: dodge_parry_reward:passive_old
[02Sep2026 01:15:57.602] [Server thread/INFO] [com.yesman.epicskills.EpicSkills/]: sword_soaring:sword_soaring_skills is disabled.
[02Sep2026 01:15:57.620] [Server thread/INFO] [net.minecraft.server.players.PlayerList/]: Rintor_SK[/127.108.242.35:38333] logged in with entity id 1527 at (40.69323553664384, 75.0, -464.43540540727855)
[02Sep2026 01:15:57.631] [Server thread/INFO] [ModernFix/]: Using enhanced recipe sync for player Rintor_SK
[02Sep2026 01:15:57.646] [Server thread/INFO] [net.minecraft.server.MinecraftServer/]: Rintor_SK joined the game
[02Sep2026 01:15:57.733] [Server thread/INFO] [Jade/]: Syncing config to Rintor_SK (d1770db7-43dd-3083-95dd-f91cd2eb2fb2)
[02Sep2026 01:16:21.701] [Server thread/INFO] [net.minecraft.server.MinecraftServer/]: MadaraUchiha2909 was slain by Zombified Piglin
[02Sep2026 01:16:29.486] [Server thread/INFO] [com.yesman.epicskills.EpicSkills/]: wom:acrobat is disabled.
[02Sep2026 01:16:29.487] [Server thread/INFO] [com.yesman.epicskills.EpicSkills/]: epicskills:infernal_might is disabled.
[02Sep2026 01:16:29.487] [Server thread/WARN] [com.yesman.epicskills.EpicSkills/]: Unknown skill tree id: dodge_parry_reward:passive_old
[02Sep2026 01:16:29.487] [Server thread/INFO] [com.yesman.epicskills.EpicSkills/]: sword_soaring:sword_soaring_skills is disabled.
[02Sep2026 01:16:36.382] [Server thread/INFO] [net.minecraft.server.MinecraftServer/]: [Not Secure] <MadaraUchiha2909> back
[02Sep2026 01:16:36.615] [Server thread/INFO] [net.minecraft.server.network.ServerGamePacketListenerImpl/]: Rintor_SK lost connection: Timed out
[02Sep2026 01:16:36.615] [Server thread/INFO] [net.minecraft.server.MinecraftServer/]: Rintor_SK left the game
[02Sep2026 01:17:16.302] [Server thread/INFO] [com.yesman.epicskills.EpicSkills/]: wom:acrobat is disabled.
[02Sep2026 01:17:16.302] [Server thread/INFO] [com.yesman.epicskills.EpicSkills/]: epicskills:infernal_might is disabled.
[02Sep2026 01:17:16.302] [Server thread/WARN] [com.yesman.epicskills.EpicSkills/]: Unknown skill tree id: dodge_parry_reward:passive_old
[02Sep2026 01:17:16.303] [Server thread/INFO] [com.yesman.epicskills.EpicSkills/]: sword_soaring:sword_soaring_skills is disabled.
[02Sep2026 01:17:16.318] [Server thread/INFO] [net.minecraft.server.players.PlayerList/]: Rintor_SK[/127.108.242.35:60025] logged in with entity id 2098 at (40.593355848060526, 75.0, -465.47069564852)
[02Sep2026 01:17:16.328] [Server thread/INFO] [ModernFix/]: Using enhanced recipe sync for player Rintor_SK
[02Sep2026 01:17:16.342] [Server thread/INFO] [net.minecraft.server.MinecraftServer/]: Rintor_SK joined the game
[02Sep2026 01:17:16.430] [Server thread/INFO] [Jade/]: Syncing config to Rintor_SK (d1770db7-43dd-3083-95dd-f91cd2eb2fb2)
[02Sep2026 01:17:32.869] [Server thread/INFO] [com.yesman.epicskills.EpicSkills/]: wom:acrobat is disabled.
[02Sep2026 01:17:32.869] [Server thread/INFO] [com.yesman.epicskills.EpicSkills/]: epicskills:infernal_might is disabled.
[02Sep2026 01:17:32.870] [Server thread/WARN] [com.yesman.epicskills.EpicSkills/]: Unknown skill tree id: dodge_parry_reward:passive_old
[02Sep2026 01:17:32.870] [Server thread/INFO] [com.yesman.epicskills.EpicSkills/]: sword_soaring:sword_soaring_skills is disabled.
[02Sep2026 01:19:08.201] [Server thread/INFO] [net.minecraft.server.MinecraftServer/]: Rintor_SK was slain by Evening Ghost
[02Sep2026 01:19:11.100] [Server thread/INFO] [net.minecraft.server.MinecraftServer/]: MadaraUchiha2909 was slain by Evening Ghost
[02Sep2026 01:19:18.584] [Server thread/INFO] [com.yesman.epicskills.EpicSkills/]: wom:acrobat is disabled.
[02Sep2026 01:19:18.585] [Server thread/INFO] [com.yesman.epicskills.EpicSkills/]: epicskills:infernal_might is disabled.
[02Sep2026 01:19:18.585] [Server thread/WARN] [com.yesman.epicskills.EpicSkills/]: Unknown skill tree id: dodge_parry_reward:passive_old
[02Sep2026 01:19:18.585] [Server thread/INFO] [com.yesman.epicskills.EpicSkills/]: sword_soaring:sword_soaring_skills is disabled.
[02Sep2026 01:19:31.953] [Server thread/INFO] [net.minecraft.server.MinecraftServer/]: MadaraUchiha2909 was slain by Evening Ghost
[02Sep2026 01:19:39.147] [Server thread/INFO] [com.yesman.epicskills.EpicSkills/]: wom:acrobat is disabled.
[02Sep2026 01:19:39.147] [Server thread/INFO] [com.yesman.epicskills.EpicSkills/]: epicskills:infernal_might is disabled.
[02Sep2026 01:19:39.147] [Server thread/WARN] [com.yesman.epicskills.EpicSkills/]: Unknown skill tree id: dodge_parry_reward:passive_old
[02Sep2026 01:19:39.147] [Server thread/INFO] [com.yesman.epicskills.EpicSkills/]: sword_soaring:sword_soaring_skills is disabled.
[02Sep2026 01:19:46.509] [Server thread/INFO] [net.minecraft.server.network.ServerGamePacketListenerImpl/]: Rintor_SK lost connection: Timed out
[02Sep2026 01:19:46.509] [Server thread/INFO] [net.minecraft.server.MinecraftServer/]: Rintor_SK left the game
[02Sep2026 01:19:53.560] [Server thread/INFO] [com.yesman.epicskills.EpicSkills/]: wom:acrobat is disabled.
[02Sep2026 01:19:53.560] [Server thread/INFO] [com.yesman.epicskills.EpicSkills/]: epicskills:infernal_might is disabled.
[02Sep2026 01:19:53.560] [Server thread/WARN] [com.yesman.epicskills.EpicSkills/]: Unknown skill tree id: dodge_parry_reward:passive_old
[02Sep2026 01:19:53.560] [Server thread/INFO] [com.yesman.epicskills.EpicSkills/]: sword_soaring:sword_soaring_skills is disabled.
[02Sep2026 01:19:53.576] [Server thread/INFO] [net.minecraft.server.players.PlayerList/]: Rintor_SK[/127.108.242.35:38893] logged in with entity id 3127 at (38.451805345690495, 75.0, -465.8334849501817)
[02Sep2026 01:19:53.586] [Server thread/INFO] [ModernFix/]: Using enhanced recipe sync for player Rintor_SK
[02Sep2026 01:19:53.601] [Server thread/INFO] [net.minecraft.server.MinecraftServer/]: Rintor_SK joined the game
[02Sep2026 01:19:53.640] [Server thread/INFO] [Jade/]: Syncing config to Rintor_SK (d1770db7-43dd-3083-95dd-f91cd2eb2fb2)
[02Sep2026 01:20:10.080] [Server thread/INFO] [com.yesman.epicskills.EpicSkills/]: wom:acrobat is disabled.
[02Sep2026 01:20:10.080] [Server thread/INFO] [com.yesman.epicskills.EpicSkills/]: epicskills:infernal_might is disabled.
[02Sep2026 01:20:10.080] [Server thread/WARN] [com.yesman.epicskills.EpicSkills/]: Unknown skill tree id: dodge_parry_reward:passive_old
[02Sep2026 01:20:10.080] [Server thread/INFO] [com.yesman.epicskills.EpicSkills/]: sword_soaring:sword_soaring_skills is disabled.
[02Sep2026 01:20:46.354] [Server thread/INFO] [net.minecraft.server.MinecraftServer/]: Rintor_SK was slain by Evening Ghost
[02Sep2026 01:21:18.103] [Server thread/INFO] [net.minecraft.server.network.ServerGamePacketListenerImpl/]: Rintor_SK lost connection: Timed out
[02Sep2026 01:21:18.103] [Server thread/INFO] [net.minecraft.server.MinecraftServer/]: Rintor_SK left the game
[02Sep2026 01:21:39.951] [Server thread/INFO] [com.yesman.epicskills.EpicSkills/]: wom:acrobat is disabled.
[02Sep2026 01:21:39.952] [Server thread/INFO] [com.yesman.epicskills.EpicSkills/]: epicskills:infernal_might is disabled.
[02Sep2026 01:21:39.952] [Server thread/WARN] [com.yesman.epicskills.EpicSkills/]: Unknown skill tree id: dodge_parry_reward:passive_old
[02Sep2026 01:21:39.952] [Server thread/INFO] [com.yesman.epicskills.EpicSkills/]: sword_soaring:sword_soaring_skills is disabled.
[02Sep2026 01:21:39.967] [Server thread/INFO] [net.minecraft.server.players.PlayerList/]: Rintor_SK[/127.108.242.35:58519] logged in with entity id 3532 at (30.41248635864052, 75.0, -465.7510719788506)
[02Sep2026 01:21:39.978] [Server thread/INFO] [ModernFix/]: Using enhanced recipe sync for player Rintor_SK
[02Sep2026 01:21:39.991] [Server thread/INFO] [net.minecraft.server.MinecraftServer/]: Rintor_SK joined the game
[02Sep2026 01:21:40.068] [Server thread/INFO] [Jade/]: Syncing config to Rintor_SK (d1770db7-43dd-3083-95dd-f91cd2eb2fb2)
[02Sep2026 01:21:55.135] [Server thread/INFO] [com.yesman.epicskills.EpicSkills/]: wom:acrobat is disabled.
[02Sep2026 01:21:55.136] [Server thread/INFO] [com.yesman.epicskills.EpicSkills/]: epicskills:infernal_might is disabled.
[02Sep2026 01:21:55.136] [Server thread/WARN] [com.yesman.epicskills.EpicSkills/]: Unknown skill tree id: dodge_parry_reward:passive_old
[02Sep2026 01:21:55.136] [Server thread/INFO] [com.yesman.epicskills.EpicSkills/]: sword_soaring:sword_soaring_skills is disabled.
[02Sep2026 01:22:31.750] [Server thread/INFO] [net.minecraft.server.MinecraftServer/]: Rintor_SK was slain by Evening Ghost
[02Sep2026 01:22:32.599] [Server thread/INFO] [net.minecraft.server.MinecraftServer/]: MadaraUchiha2909 was slain by Evening Ghost
[02Sep2026 01:22:40.708] [Server thread/INFO] [com.yesman.epicskills.EpicSkills/]: wom:acrobat is disabled.
[02Sep2026 01:22:40.708] [Server thread/INFO] [com.yesman.epicskills.EpicSkills/]: epicskills:infernal_might is disabled.
[02Sep2026 01:22:40.708] [Server thread/WARN] [com.yesman.epicskills.EpicSkills/]: Unknown skill tree id: dodge_parry_reward:passive_old
[02Sep2026 01:22:40.708] [Server thread/INFO] [com.yesman.epicskills.EpicSkills/]: sword_soaring:sword_soaring_skills is disabled.
[02Sep2026 01:22:41.885] [Server thread/INFO] [com.yesman.epicskills.EpicSkills/]: wom:acrobat is disabled.
[02Sep2026 01:22:41.885] [Server thread/INFO] [com.yesman.epicskills.EpicSkills/]: epicskills:infernal_might is disabled.
[02Sep2026 01:22:41.886] [Server thread/WARN] [com.yesman.epicskills.EpicSkills/]: Unknown skill tree id: dodge_parry_reward:passive_old
[02Sep2026 01:22:41.886] [Server thread/INFO] [com.yesman.epicskills.EpicSkills/]: sword_soaring:sword_soaring_skills is disabled.
[02Sep2026 01:22:47.069] [Server thread/INFO] [net.minecraft.server.MinecraftServer/]: [Not Secure] <Rintor_SK> awdwadwada
[02Sep2026 01:22:54.966] [Server thread/INFO] [net.minecraft.server.network.ServerGamePacketListenerImpl/]: Rintor_SK lost connection: Disconnected
[02Sep2026 01:22:54.966] [Server thread/INFO] [net.minecraft.server.MinecraftServer/]: Rintor_SK left the game
[02Sep2026 01:23:00.507] [Server thread/INFO] [com.yesman.epicskills.EpicSkills/]: wom:acrobat is disabled.
[02Sep2026 01:23:00.507] [Server thread/INFO] [com.yesman.epicskills.EpicSkills/]: epicskills:infernal_might is disabled.
[02Sep2026 01:23:00.507] [Server thread/WARN] [com.yesman.epicskills.EpicSkills/]: Unknown skill tree id: dodge_parry_reward:passive_old
[02Sep2026 01:23:00.507] [Server thread/INFO] [com.yesman.epicskills.EpicSkills/]: sword_soaring:sword_soaring_skills is disabled.
[02Sep2026 01:23:00.522] [Server thread/INFO] [net.minecraft.server.players.PlayerList/]: Rintor_SK[/127.108.242.35:58655] logged in with entity id 4112 at (33.61442076220744, 75.0, -462.965105422338)
[02Sep2026 01:23:00.532] [Server thread/INFO] [ModernFix/]: Using enhanced recipe sync for player Rintor_SK
[02Sep2026 01:23:00.546] [Server thread/INFO] [net.minecraft.server.MinecraftServer/]: Rintor_SK joined the game
[02Sep2026 01:23:00.586] [Server thread/INFO] [Jade/]: Syncing config to Rintor_SK (d1770db7-43dd-3083-95dd-f91cd2eb2fb2)
[02Sep2026 01:23:03.559] [Server thread/INFO] [net.minecraft.server.MinecraftServer/]: Rintor_SK was slain by Evening Ghost
[02Sep2026 01:23:15.441] [Server thread/INFO] [com.yesman.epicskills.EpicSkills/]: wom:acrobat is disabled.
[02Sep2026 01:23:15.441] [Server thread/INFO] [com.yesman.epicskills.EpicSkills/]: epicskills:infernal_might is disabled.
[02Sep2026 01:23:15.441] [Server thread/WARN] [com.yesman.epicskills.EpicSkills/]: Unknown skill tree id: dodge_parry_reward:passive_old
[02Sep2026 01:23:15.441] [Server thread/INFO] [com.yesman.epicskills.EpicSkills/]: sword_soaring:sword_soaring_skills is disabled.
[02Sep2026 01:23:21.453] [Server thread/INFO] [net.minecraft.server.MinecraftServer/]: Rintor_SK was slain by Evening Ghost
[02Sep2026 01:23:28.031] [Server thread/INFO] [com.yesman.epicskills.EpicSkills/]: wom:acrobat is disabled.
[02Sep2026 01:23:28.031] [Server thread/INFO] [com.yesman.epicskills.EpicSkills/]: epicskills:infernal_might is disabled.
[02Sep2026 01:23:28.031] [Server thread/WARN] [com.yesman.epicskills.EpicSkills/]: Unknown skill tree id: dodge_parry_reward:passive_old
[02Sep2026 01:23:28.031] [Server thread/INFO] [com.yesman.epicskills.EpicSkills/]: sword_soaring:sword_soaring_skills is disabled.
[02Sep2026 01:24:20.202] [Server thread/INFO] [net.minecraft.server.MinecraftServer/]: Rintor_SK was slain by Evening Ghost
[02Sep2026 01:24:27.153] [Server thread/INFO] [com.yesman.epicskills.EpicSkills/]: wom:acrobat is disabled.
[02Sep2026 01:24:27.154] [Server thread/INFO] [com.yesman.epicskills.EpicSkills/]: epicskills:infernal_might is disabled.
[02Sep2026 01:24:27.154] [Server thread/WARN] [com.yesman.epicskills.EpicSkills/]: Unknown skill tree id: dodge_parry_reward:passive_old
[02Sep2026 01:24:27.154] [Server thread/INFO] [com.yesman.epicskills.EpicSkills/]: sword_soaring:sword_soaring_skills is disabled.
[02Sep2026 01:25:08.749] [Server thread/INFO] [net.minecraft.server.MinecraftServer/]: Rintor_SK was slain by Evening Ghost
[02Sep2026 01:25:15.219] [Server thread/INFO] [com.yesman.epicskills.EpicSkills/]: wom:acrobat is disabled.
[02Sep2026 01:25:15.219] [Server thread/INFO] [com.yesman.epicskills.EpicSkills/]: epicskills:infernal_might is disabled.
[02Sep2026 01:25:15.219] [Server thread/WARN] [com.yesman.epicskills.EpicSkills/]: Unknown skill tree id: dodge_parry_reward:passive_old
[02Sep2026 01:25:15.219] [Server thread/INFO] [com.yesman.epicskills.EpicSkills/]: sword_soaring:sword_soaring_skills is disabled.
[02Sep2026 01:26:17.500] [Server thread/INFO] [net.minecraft.server.MinecraftServer/]: Rintor_SK was slain by Evening Ghost
[02Sep2026 01:26:24.000] [Server thread/INFO] [com.yesman.epicskills.EpicSkills/]: wom:acrobat is disabled.
[02Sep2026 01:26:24.000] [Server thread/INFO] [com.yesman.epicskills.EpicSkills/]: epicskills:infernal_might is disabled.
[02Sep2026 01:26:24.001] [Server thread/WARN] [com.yesman.epicskills.EpicSkills/]: Unknown skill tree id: dodge_parry_reward:passive_old
[02Sep2026 01:26:24.001] [Server thread/INFO] [com.yesman.epicskills.EpicSkills/]: sword_soaring:sword_soaring_skills is disabled.
[02Sep2026 01:26:51.901] [Server thread/INFO] [net.minecraft.server.MinecraftServer/]: Rintor_SK was slain by Evening Ghost
[02Sep2026 01:26:58.504] [Server thread/INFO] [com.yesman.epicskills.EpicSkills/]: wom:acrobat is disabled.
[02Sep2026 01:26:58.505] [Server thread/INFO] [com.yesman.epicskills.EpicSkills/]: epicskills:infernal_might is disabled.
[02Sep2026 01:26:58.505] [Server thread/WARN] [com.yesman.epicskills.EpicSkills/]: Unknown skill tree id: dodge_parry_reward:passive_old
[02Sep2026 01:26:58.505] [Server thread/INFO] [com.yesman.epicskills.EpicSkills/]: sword_soaring:sword_soaring_skills is disabled.
[02Sep2026 01:27:03.101] [Server thread/INFO] [net.minecraft.server.MinecraftServer/]: Rintor_SK was slain by Evening Ghost
[02Sep2026 01:27:09.721] [Server thread/INFO] [com.yesman.epicskills.EpicSkills/]: wom:acrobat is disabled.
[02Sep2026 01:27:09.721] [Server thread/INFO] [com.yesman.epicskills.EpicSkills/]: epicskills:infernal_might is disabled.
[02Sep2026 01:27:09.721] [Server thread/WARN] [com.yesman.epicskills.EpicSkills/]: Unknown skill tree id: dodge_parry_reward:passive_old
[02Sep2026 01:27:09.721] [Server thread/INFO] [com.yesman.epicskills.EpicSkills/]: sword_soaring:sword_soaring_skills is disabled.
[02Sep2026 01:27:12.649] [Server thread/INFO] [net.minecraft.server.MinecraftServer/]: MadaraUchiha2909 was slain by Evening Ghost
[02Sep2026 01:27:22.629] [Server thread/INFO] [com.yesman.epicskills.EpicSkills/]: wom:acrobat is disabled.
[02Sep2026 01:27:22.629] [Server thread/INFO] [com.yesman.epicskills.EpicSkills/]: epicskills:infernal_might is disabled.
[02Sep2026 01:27:22.629] [Server thread/WARN] [com.yesman.epicskills.EpicSkills/]: Unknown skill tree id: dodge_parry_reward:passive_old
[02Sep2026 01:27:22.629] [Server thread/INFO] [com.yesman.epicskills.EpicSkills/]: sword_soaring:sword_soaring_skills is disabled.
[02Sep2026 01:27:26.660] [Server thread/INFO] [net.minecraft.server.network.ServerGamePacketListenerImpl/]: MadaraUchiha2909 lost connection: Disconnected
[02Sep2026 01:27:26.661] [Server thread/INFO] [net.minecraft.server.MinecraftServer/]: MadaraUchiha2909 left the game
[02Sep2026 01:28:56.650] [Server thread/INFO] [net.minecraft.server.MinecraftServer/]: Rintor_SK was slain by Evening Ghost
[02Sep2026 01:29:06.302] [Server thread/INFO] [com.yesman.epicskills.EpicSkills/]: wom:acrobat is disabled.
[02Sep2026 01:29:06.303] [Server thread/INFO] [com.yesman.epicskills.EpicSkills/]: epicskills:infernal_might is disabled.
[02Sep2026 01:29:06.303] [Server thread/WARN] [com.yesman.epicskills.EpicSkills/]: Unknown skill tree id: dodge_parry_reward:passive_old
[02Sep2026 01:29:06.303] [Server thread/INFO] [com.yesman.epicskills.EpicSkills/]: sword_soaring:sword_soaring_skills is disabled.
[02Sep2026 01:31:35.049] [Server thread/INFO] [net.minecraft.server.MinecraftServer/]: Rintor_SK was slain by Evening Ghost
[02Sep2026 01:31:42.783] [Server thread/INFO] [com.yesman.epicskills.EpicSkills/]: wom:acrobat is disabled.
[02Sep2026 01:31:42.783] [Server thread/INFO] [com.yesman.epicskills.EpicSkills/]: epicskills:infernal_might is disabled.
[02Sep2026 01:31:42.783] [Server thread/WARN] [com.yesman.epicskills.EpicSkills/]: Unknown skill tree id: dodge_parry_reward:passive_old
[02Sep2026 01:31:42.783] [Server thread/INFO] [com.yesman.epicskills.EpicSkills/]: sword_soaring:sword_soaring_skills is disabled.
[02Sep2026 01:32:52.009] [Server thread/INFO] [net.minecraft.server.MinecraftServer/]: Rintor_SK was skewered by Evening Ghost's blood needles
[02Sep2026 01:33:12.839] [Server thread/INFO] [com.yesman.epicskills.EpicSkills/]: wom:acrobat is disabled.
[02Sep2026 01:33:12.839] [Server thread/INFO] [com.yesman.epicskills.EpicSkills/]: epicskills:infernal_might is disabled.
[02Sep2026 01:33:12.840] [Server thread/WARN] [com.yesman.epicskills.EpicSkills/]: Unknown skill tree id: dodge_parry_reward:passive_old
[02Sep2026 01:33:12.840] [Server thread/INFO] [com.yesman.epicskills.EpicSkills/]: sword_soaring:sword_soaring_skills is disabled.
[02Sep2026 01:33:57.101] [Server thread/INFO] [net.minecraft.server.MinecraftServer/]: Rintor_SK was slain by Evening Ghost
[02Sep2026 01:34:04.289] [Server thread/INFO] [com.yesman.epicskills.EpicSkills/]: wom:acrobat is disabled.
[02Sep2026 01:34:04.289] [Server thread/INFO] [com.yesman.epicskills.EpicSkills/]: epicskills:infernal_might is disabled.
[02Sep2026 01:34:04.289] [Server thread/WARN] [com.yesman.epicskills.EpicSkills/]: Unknown skill tree id: dodge_parry_reward:passive_old
[02Sep2026 01:34:04.289] [Server thread/INFO] [com.yesman.epicskills.EpicSkills/]: sword_soaring:sword_soaring_skills is disabled.
[02Sep2026 01:34:24.902] [Server thread/INFO] [net.minecraft.server.MinecraftServer/]: Rintor_SK was slain by Evening Ghost
[02Sep2026 01:34:31.524] [Server thread/INFO] [com.yesman.epicskills.EpicSkills/]: wom:acrobat is disabled.
[02Sep2026 01:34:31.525] [Server thread/INFO] [com.yesman.epicskills.EpicSkills/]: epicskills:infernal_might is disabled.
[02Sep2026 01:34:31.525] [Server thread/WARN] [com.yesman.epicskills.EpicSkills/]: Unknown skill tree id: dodge_parry_reward:passive_old
[02Sep2026 01:34:31.525] [Server thread/INFO] [com.yesman.epicskills.EpicSkills/]: sword_soaring:sword_soaring_skills is disabled.
[02Sep2026 01:36:11.949] [Server thread/INFO] [net.minecraft.server.MinecraftServer/]: Rintor_SK was slain by Evening Ghost
[02Sep2026 01:36:18.986] [Server thread/INFO] [com.yesman.epicskills.EpicSkills/]: wom:acrobat is disabled.
[02Sep2026 01:36:18.986] [Server thread/INFO] [com.yesman.epicskills.EpicSkills/]: epicskills:infernal_might is disabled.
[02Sep2026 01:36:18.986] [Server thread/WARN] [com.yesman.epicskills.EpicSkills/]: Unknown skill tree id: dodge_parry_reward:passive_old
[02Sep2026 01:36:18.986] [Server thread/INFO] [com.yesman.epicskills.EpicSkills/]: sword_soaring:sword_soaring_skills is disabled.
[02Sep2026 01:36:40.501] [Server thread/INFO] [net.minecraft.server.MinecraftServer/]: Rintor_SK was slain by Evening Ghost
[02Sep2026 01:36:47.290] [Server thread/INFO] [com.yesman.epicskills.EpicSkills/]: wom:acrobat is disabled.
[02Sep2026 01:36:47.290] [Server thread/INFO] [com.yesman.epicskills.EpicSkills/]: epicskills:infernal_might is disabled.
[02Sep2026 01:36:47.290] [Server thread/WARN] [com.yesman.epicskills.EpicSkills/]: Unknown skill tree id: dodge_parry_reward:passive_old
[02Sep2026 01:36:47.290] [Server thread/INFO] [com.yesman.epicskills.EpicSkills/]: sword_soaring:sword_soaring_skills is disabled.
[02Sep2026 01:37:45.599] [Server thread/INFO] [net.minecraft.server.MinecraftServer/]: Rintor_SK was slain by Evening Ghost
[02Sep2026 01:37:52.324] [Server thread/INFO] [com.yesman.epicskills.EpicSkills/]: wom:acrobat is disabled.
[02Sep2026 01:37:52.325] [Server thread/INFO] [com.yesman.epicskills.EpicSkills/]: epicskills:infernal_might is disabled.
[02Sep2026 01:37:52.325] [Server thread/WARN] [com.yesman.epicskills.EpicSkills/]: Unknown skill tree id: dodge_parry_reward:passive_old
[02Sep2026 01:37:52.325] [Server thread/INFO] [com.yesman.epicskills.EpicSkills/]: sword_soaring:sword_soaring_skills is disabled.
[02Sep2026 01:38:21.700] [Server thread/INFO] [net.minecraft.server.MinecraftServer/]: Rintor_SK was slain by Evening Ghost
[02Sep2026 01:38:28.177] [Server thread/INFO] [com.yesman.epicskills.EpicSkills/]: wom:acrobat is disabled.
[02Sep2026 01:38:28.177] [Server thread/INFO] [com.yesman.epicskills.EpicSkills/]: epicskills:infernal_might is disabled.
[02Sep2026 01:38:28.177] [Server thread/WARN] [com.yesman.epicskills.EpicSkills/]: Unknown skill tree id: dodge_parry_reward:passive_old
[02Sep2026 01:38:28.177] [Server thread/INFO] [com.yesman.epicskills.EpicSkills/]: sword_soaring:sword_soaring_skills is disabled.
[02Sep2026 01:38:43.199] [Server thread/INFO] [net.minecraft.server.MinecraftServer/]: Rintor_SK was slain by Evening Ghost
[02Sep2026 01:38:50.578] [Server thread/INFO] [com.yesman.epicskills.EpicSkills/]: wom:acrobat is disabled.
[02Sep2026 01:38:50.578] [Server thread/INFO] [com.yesman.epicskills.EpicSkills/]: epicskills:infernal_might is disabled.
[02Sep2026 01:38:50.578] [Server thread/WARN] [com.yesman.epicskills.EpicSkills/]: Unknown skill tree id: dodge_parry_reward:passive_old
[02Sep2026 01:38:50.578] [Server thread/INFO] [com.yesman.epicskills.EpicSkills/]: sword_soaring:sword_soaring_skills is disabled.
[02Sep2026 01:39:03.601] [Server thread/INFO] [net.minecraft.server.MinecraftServer/]: Rintor_SK was slain by Evening Ghost
[02Sep2026 01:39:10.612] [Server thread/INFO] [com.yesman.epicskills.EpicSkills/]: wom:acrobat is disabled.
[02Sep2026 01:39:10.613] [Server thread/INFO] [com.yesman.epicskills.EpicSkills/]: epicskills:infernal_might is disabled.
[02Sep2026 01:39:10.613] [Server thread/WARN] [com.yesman.epicskills.EpicSkills/]: Unknown skill tree id: dodge_parry_reward:passive_old
[02Sep2026 01:39:10.613] [Server thread/INFO] [com.yesman.epicskills.EpicSkills/]: sword_soaring:sword_soaring_skills is disabled.
[02Sep2026 01:40:00.851] [Server thread/INFO] [com.yesman.epicskills.EpicSkills/]: wom:acrobat is disabled.
[02Sep2026 01:40:00.851] [Server thread/INFO] [com.yesman.epicskills.EpicSkills/]: epicskills:infernal_might is disabled.
[02Sep2026 01:40:00.851] [Server thread/WARN] [com.yesman.epicskills.EpicSkills/]: Unknown skill tree id: dodge_parry_reward:passive_old
[02Sep2026 01:40:00.851] [Server thread/INFO] [com.yesman.epicskills.EpicSkills/]: sword_soaring:sword_soaring_skills is disabled.
[02Sep2026 01:40:00.865] [Server thread/INFO] [net.minecraft.server.players.PlayerList/]: MadaraUchiha2909[/127.15.183.111:48415] logged in with entity id 7313 at (2337.0663406550393, 29.5, 2311.250546312109)
[02Sep2026 01:40:00.874] [Server thread/INFO] [ModernFix/]: Using enhanced recipe sync for player MadaraUchiha2909
[02Sep2026 01:40:00.877] [Server thread/INFO] [net.minecraft.server.MinecraftServer/]: MadaraUchiha2909 joined the game
[02Sep2026 01:40:00.911] [Server thread/INFO] [Jade/]: Syncing config to MadaraUchiha2909 (37a35d61-c727-3734-8efc-42f69805ddd0)
[02Sep2026 01:40:43.880] [Server thread/INFO] [net.minecraft.server.network.ServerGamePacketListenerImpl/]: MadaraUchiha2909 lost connection: Timed out
[02Sep2026 01:40:43.881] [Server thread/INFO] [net.minecraft.server.MinecraftServer/]: MadaraUchiha2909 left the game
[02Sep2026 01:41:02.353] [Server thread/INFO] [com.yesman.epicskills.EpicSkills/]: wom:acrobat is disabled.
[02Sep2026 01:41:02.353] [Server thread/INFO] [com.yesman.epicskills.EpicSkills/]: epicskills:infernal_might is disabled.
[02Sep2026 01:41:02.354] [Server thread/WARN] [com.yesman.epicskills.EpicSkills/]: Unknown skill tree id: dodge_parry_reward:passive_old
[02Sep2026 01:41:02.354] [Server thread/INFO] [com.yesman.epicskills.EpicSkills/]: sword_soaring:sword_soaring_skills is disabled.
[02Sep2026 01:41:02.369] [Server thread/INFO] [net.minecraft.server.players.PlayerList/]: MadaraUchiha2909[/127.15.183.111:46115] logged in with entity id 7793 at (2337.0663406550393, 29.5, 2311.250546312109)
[02Sep2026 01:41:02.380] [Server thread/INFO] [ModernFix/]: Using enhanced recipe sync for player MadaraUchiha2909
[02Sep2026 01:41:02.384] [Server thread/INFO] [net.minecraft.server.MinecraftServer/]: MadaraUchiha2909 joined the game
[02Sep2026 01:41:02.419] [Server thread/INFO] [Jade/]: Syncing config to MadaraUchiha2909 (37a35d61-c727-3734-8efc-42f69805ddd0)
[02Sep2026 01:41:50.670] [Server thread/INFO] [net.minecraft.server.MinecraftServer/]: Rintor_SK was skewered by Evening Ghost's blood needles
[02Sep2026 01:41:59.913] [Server thread/INFO] [com.yesman.epicskills.EpicSkills/]: wom:acrobat is disabled.
[02Sep2026 01:41:59.915] [Server thread/INFO] [com.yesman.epicskills.EpicSkills/]: epicskills:infernal_might is disabled.
[02Sep2026 01:41:59.915] [Server thread/WARN] [com.yesman.epicskills.EpicSkills/]: Unknown skill tree id: dodge_parry_reward:passive_old
[02Sep2026 01:41:59.915] [Server thread/INFO] [com.yesman.epicskills.EpicSkills/]: sword_soaring:sword_soaring_skills is disabled.
[02Sep2026 01:43:30.151] [Server thread/INFO] [net.minecraft.server.MinecraftServer/]: Rintor_SK was slain by Evening Ghost
[02Sep2026 01:43:36.707] [Server thread/INFO] [com.yesman.epicskills.EpicSkills/]: wom:acrobat is disabled.
[02Sep2026 01:43:36.707] [Server thread/INFO] [com.yesman.epicskills.EpicSkills/]: epicskills:infernal_might is disabled.
[02Sep2026 01:43:36.707] [Server thread/WARN] [com.yesman.epicskills.EpicSkills/]: Unknown skill tree id: dodge_parry_reward:passive_old
[02Sep2026 01:43:36.708] [Server thread/INFO] [com.yesman.epicskills.EpicSkills/]: sword_soaring:sword_soaring_skills is disabled.
[02Sep2026 01:43:43.051] [Server thread/INFO] [net.minecraft.server.MinecraftServer/]: Rintor_SK was slain by Evening Ghost
[02Sep2026 01:43:49.522] [Server thread/INFO] [com.yesman.epicskills.EpicSkills/]: wom:acrobat is disabled.
[02Sep2026 01:43:49.522] [Server thread/INFO] [com.yesman.epicskills.EpicSkills/]: epicskills:infernal_might is disabled.
[02Sep2026 01:43:49.522] [Server thread/WARN] [com.yesman.epicskills.EpicSkills/]: Unknown skill tree id: dodge_parry_reward:passive_old
[02Sep2026 01:43:49.522] [Server thread/INFO] [com.yesman.epicskills.EpicSkills/]: sword_soaring:sword_soaring_skills is disabled.
[02Sep2026 01:45:06.201] [Server thread/INFO] [net.minecraft.server.MinecraftServer/]: Rintor_SK was slain by Evening Ghost
[02Sep2026 01:45:09.149] [Server thread/INFO] [net.minecraft.server.MinecraftServer/]: MadaraUchiha2909 was slain by Evening Ghost
[02Sep2026 01:45:12.965] [Server thread/INFO] [com.yesman.epicskills.EpicSkills/]: wom:acrobat is disabled.
[02Sep2026 01:45:12.965] [Server thread/INFO] [com.yesman.epicskills.EpicSkills/]: epicskills:infernal_might is disabled.
[02Sep2026 01:45:12.965] [Server thread/WARN] [com.yesman.epicskills.EpicSkills/]: Unknown skill tree id: dodge_parry_reward:passive_old
[02Sep2026 01:45:12.966] [Server thread/INFO] [com.yesman.epicskills.EpicSkills/]: sword_soaring:sword_soaring_skills is disabled.
[02Sep2026 01:45:16.447] [Server thread/INFO] [com.yesman.epicskills.EpicSkills/]: wom:acrobat is disabled.
[02Sep2026 01:45:16.447] [Server thread/INFO] [com.yesman.epicskills.EpicSkills/]: epicskills:infernal_might is disabled.
[02Sep2026 01:45:16.447] [Server thread/WARN] [com.yesman.epicskills.EpicSkills/]: Unknown skill tree id: dodge_parry_reward:passive_old
[02Sep2026 01:45:16.447] [Server thread/INFO] [com.yesman.epicskills.EpicSkills/]: sword_soaring:sword_soaring_skills is disabled.
[02Sep2026 01:45:31.062] [Server thread/INFO] [net.minecraft.server.MinecraftServer/]: Rintor_SK was slain by Evening Ghost
[02Sep2026 01:45:37.634] [Server thread/INFO] [com.yesman.epicskills.EpicSkills/]: wom:acrobat is disabled.
[02Sep2026 01:45:37.634] [Server thread/INFO] [com.yesman.epicskills.EpicSkills/]: epicskills:infernal_might is disabled.
[02Sep2026 01:45:37.634] [Server thread/WARN] [com.yesman.epicskills.EpicSkills/]: Unknown skill tree id: dodge_parry_reward:passive_old
[02Sep2026 01:45:37.634] [Server thread/INFO] [com.yesman.epicskills.EpicSkills/]: sword_soaring:sword_soaring_skills is disabled.
[02Sep2026 01:45:59.807] [Server thread/INFO] [net.minecraft.server.MinecraftServer/]: Rintor_SK was slain by Evening Ghost
[02Sep2026 01:46:06.288] [Server thread/INFO] [com.yesman.epicskills.EpicSkills/]: wom:acrobat is disabled.
[02Sep2026 01:46:06.288] [Server thread/INFO] [com.yesman.epicskills.EpicSkills/]: epicskills:infernal_might is disabled.
[02Sep2026 01:46:06.289] [Server thread/WARN] [com.yesman.epicskills.EpicSkills/]: Unknown skill tree id: dodge_parry_reward:passive_old
[02Sep2026 01:46:06.289] [Server thread/INFO] [com.yesman.epicskills.EpicSkills/]: sword_soaring:sword_soaring_skills is disabled.
[02Sep2026 01:46:22.651] [Server thread/INFO] [net.minecraft.server.MinecraftServer/]: Rintor_SK was slain by Evening Ghost
[02Sep2026 01:46:29.177] [Server thread/INFO] [com.yesman.epicskills.EpicSkills/]: wom:acrobat is disabled.
[02Sep2026 01:46:29.177] [Server thread/INFO] [com.yesman.epicskills.EpicSkills/]: epicskills:infernal_might is disabled.
[02Sep2026 01:46:29.177] [Server thread/WARN] [com.yesman.epicskills.EpicSkills/]: Unknown skill tree id: dodge_parry_reward:passive_old
[02Sep2026 01:46:29.178] [Server thread/INFO] [com.yesman.epicskills.EpicSkills/]: sword_soaring:sword_soaring_skills is disabled.
[02Sep2026 01:46:41.949] [Server thread/INFO] [net.minecraft.server.MinecraftServer/]: MadaraUchiha2909 was slain by Evening Ghost
[02Sep2026 01:46:49.241] [Server thread/INFO] [com.yesman.epicskills.EpicSkills/]: wom:acrobat is disabled.
[02Sep2026 01:46:49.241] [Server thread/INFO] [com.yesman.epicskills.EpicSkills/]: epicskills:infernal_might is disabled.
[02Sep2026 01:46:49.242] [Server thread/WARN] [com.yesman.epicskills.EpicSkills/]: Unknown skill tree id: dodge_parry_reward:passive_old
[02Sep2026 01:46:49.242] [Server thread/INFO] [com.yesman.epicskills.EpicSkills/]: sword_soaring:sword_soaring_skills is disabled.
[02Sep2026 01:47:16.850] [Server thread/INFO] [net.minecraft.server.MinecraftServer/]: MadaraUchiha2909 was slain by Evening Ghost
[02Sep2026 01:47:23.932] [Server thread/INFO] [com.yesman.epicskills.EpicSkills/]: wom:acrobat is disabled.
[02Sep2026 01:47:23.932] [Server thread/INFO] [com.yesman.epicskills.EpicSkills/]: epicskills:infernal_might is disabled.
[02Sep2026 01:47:23.933] [Server thread/WARN] [com.yesman.epicskills.EpicSkills/]: Unknown skill tree id: dodge_parry_reward:passive_old
[02Sep2026 01:47:23.933] [Server thread/INFO] [com.yesman.epicskills.EpicSkills/]: sword_soaring:sword_soaring_skills is disabled.
[02Sep2026 01:47:31.063] [Server thread/INFO] [net.minecraft.server.MinecraftServer/]: Rintor_SK was slain by Evening Ghost
[02Sep2026 01:47:37.685] [Server thread/INFO] [com.yesman.epicskills.EpicSkills/]: wom:acrobat is disabled.
[02Sep2026 01:47:37.686] [Server thread/INFO] [com.yesman.epicskills.EpicSkills/]: epicskills:infernal_might is disabled.
[02Sep2026 01:47:37.686] [Server thread/WARN] [com.yesman.epicskills.EpicSkills/]: Unknown skill tree id: dodge_parry_reward:passive_old
[02Sep2026 01:47:37.686] [Server thread/INFO] [com.yesman.epicskills.EpicSkills/]: sword_soaring:sword_soaring_skills is disabled.
[02Sep2026 01:48:00.765] [Server thread/INFO] [net.minecraft.server.MinecraftServer/]: Rintor_SK was slain by Evening Ghost
[02Sep2026 01:48:07.784] [Server thread/INFO] [com.yesman.epicskills.EpicSkills/]: wom:acrobat is disabled.
[02Sep2026 01:48:07.784] [Server thread/INFO] [com.yesman.epicskills.EpicSkills/]: epicskills:infernal_might is disabled.
[02Sep2026 01:48:07.784] [Server thread/WARN] [com.yesman.epicskills.EpicSkills/]: Unknown skill tree id: dodge_parry_reward:passive_old
[02Sep2026 01:48:07.784] [Server thread/INFO] [com.yesman.epicskills.EpicSkills/]: sword_soaring:sword_soaring_skills is disabled.
[02Sep2026 01:48:37.200] [Server thread/INFO] [net.minecraft.server.MinecraftServer/]: Rintor_SK was slain by Evening Ghost
[02Sep2026 01:48:44.301] [Server thread/INFO] [com.yesman.epicskills.EpicSkills/]: wom:acrobat is disabled.
[02Sep2026 01:48:44.302] [Server thread/INFO] [com.yesman.epicskills.EpicSkills/]: epicskills:infernal_might is disabled.
[02Sep2026 01:48:44.302] [Server thread/WARN] [com.yesman.epicskills.EpicSkills/]: Unknown skill tree id: dodge_parry_reward:passive_old
[02Sep2026 01:48:44.302] [Server thread/INFO] [com.yesman.epicskills.EpicSkills/]: sword_soaring:sword_soaring_skills is disabled.
[02Sep2026 01:48:52.519] [Server thread/INFO] [net.minecraft.server.MinecraftServer/]: [Rintor_SK: Set spawn point to 32, 74, -463 [0.0] in minecraft:the_nether for MadaraUchiha2909]
[02Sep2026 01:49:07.100] [Server thread/INFO] [net.minecraft.server.MinecraftServer/]: MadaraUchiha2909 was slain by Evening Ghost
[02Sep2026 01:49:14.556] [Server thread/INFO] [com.yesman.epicskills.EpicSkills/]: wom:acrobat is disabled.
[02Sep2026 01:49:14.557] [Server thread/INFO] [com.yesman.epicskills.EpicSkills/]: epicskills:infernal_might is disabled.
[02Sep2026 01:49:14.557] [Server thread/WARN] [com.yesman.epicskills.EpicSkills/]: Unknown skill tree id: dodge_parry_reward:passive_old
[02Sep2026 01:49:14.557] [Server thread/INFO] [com.yesman.epicskills.EpicSkills/]: sword_soaring:sword_soaring_skills is disabled.
[02Sep2026 01:51:10.800] [Server thread/INFO] [net.minecraft.server.MinecraftServer/]: MadaraUchiha2909 was slain by Evening Ghost
[02Sep2026 01:51:18.005] [Server thread/INFO] [com.yesman.epicskills.EpicSkills/]: wom:acrobat is disabled.
[02Sep2026 01:51:18.006] [Server thread/INFO] [com.yesman.epicskills.EpicSkills/]: epicskills:infernal_might is disabled.
[02Sep2026 01:51:18.006] [Server thread/WARN] [com.yesman.epicskills.EpicSkills/]: Unknown skill tree id: dodge_parry_reward:passive_old
[02Sep2026 01:51:18.006] [Server thread/INFO] [com.yesman.epicskills.EpicSkills/]: sword_soaring:sword_soaring_skills is disabled.
[02Sep2026 01:51:24.358] [Server thread/INFO] [net.minecraft.server.MinecraftServer/]: Rintor_SK was slain by Evening Ghost
[02Sep2026 01:51:31.308] [Server thread/INFO] [com.yesman.epicskills.EpicSkills/]: wom:acrobat is disabled.
[02Sep2026 01:51:31.308] [Server thread/INFO] [com.yesman.epicskills.EpicSkills/]: epicskills:infernal_might is disabled.
[02Sep2026 01:51:31.308] [Server thread/WARN] [com.yesman.epicskills.EpicSkills/]: Unknown skill tree id: dodge_parry_reward:passive_old
[02Sep2026 01:51:31.308] [Server thread/INFO] [com.yesman.epicskills.EpicSkills/]: sword_soaring:sword_soaring_skills is disabled.
[02Sep2026 01:52:08.103] [Server thread/INFO] [net.minecraft.server.MinecraftServer/]: Rintor_SK was slain by Evening Ghost
[02Sep2026 01:52:08.107] [Server thread/INFO] [net.minecraft.server.MinecraftServer/]: MadaraUchiha2909 was slain by Evening Ghost
[02Sep2026 01:52:15.115] [Server thread/INFO] [com.yesman.epicskills.EpicSkills/]: wom:acrobat is disabled.
[02Sep2026 01:52:15.116] [Server thread/INFO] [com.yesman.epicskills.EpicSkills/]: epicskills:infernal_might is disabled.
[02Sep2026 01:52:15.116] [Server thread/WARN] [com.yesman.epicskills.EpicSkills/]: Unknown skill tree id: dodge_parry_reward:passive_old
[02Sep2026 01:52:15.116] [Server thread/INFO] [com.yesman.epicskills.EpicSkills/]: sword_soaring:sword_soaring_skills is disabled.
[02Sep2026 01:52:15.257] [Server thread/INFO] [com.yesman.epicskills.EpicSkills/]: wom:acrobat is disabled.
[02Sep2026 01:52:15.257] [Server thread/INFO] [com.yesman.epicskills.EpicSkills/]: epicskills:infernal_might is disabled.
[02Sep2026 01:52:15.257] [Server thread/WARN] [com.yesman.epicskills.EpicSkills/]: Unknown skill tree id: dodge_parry_reward:passive_old
[02Sep2026 01:52:15.257] [Server thread/INFO] [com.yesman.epicskills.EpicSkills/]: sword_soaring:sword_soaring_skills is disabled.
[02Sep2026 01:52:50.999] [Server thread/INFO] [net.minecraft.server.MinecraftServer/]: MadaraUchiha2909 was slain by Evening Ghost
[02Sep2026 01:52:58.053] [Server thread/INFO] [com.yesman.epicskills.EpicSkills/]: wom:acrobat is disabled.
[02Sep2026 01:52:58.054] [Server thread/INFO] [com.yesman.epicskills.EpicSkills/]: epicskills:infernal_might is disabled.
[02Sep2026 01:52:58.054] [Server thread/WARN] [com.yesman.epicskills.EpicSkills/]: Unknown skill tree id: dodge_parry_reward:passive_old
[02Sep2026 01:52:58.054] [Server thread/INFO] [com.yesman.epicskills.EpicSkills/]: sword_soaring:sword_soaring_skills is disabled.
[02Sep2026 01:53:13.164] [Server thread/INFO] [net.minecraft.server.MinecraftServer/]: Rintor_SK was slain by Evening Ghost
[02Sep2026 01:53:20.021] [Server thread/INFO] [com.yesman.epicskills.EpicSkills/]: wom:acrobat is disabled.
[02Sep2026 01:53:20.021] [Server thread/INFO] [com.yesman.epicskills.EpicSkills/]: epicskills:infernal_might is disabled.
[02Sep2026 01:53:20.021] [Server thread/WARN] [com.yesman.epicskills.EpicSkills/]: Unknown skill tree id: dodge_parry_reward:passive_old
[02Sep2026 01:53:20.021] [Server thread/INFO] [com.yesman.epicskills.EpicSkills/]: sword_soaring:sword_soaring_skills is disabled.
[02Sep2026 01:53:51.170] [Server thread/INFO] [net.minecraft.server.MinecraftServer/]: Rintor_SK was slain by Evening Ghost
[02Sep2026 01:53:58.009] [Server thread/INFO] [com.yesman.epicskills.EpicSkills/]: wom:acrobat is disabled.
[02Sep2026 01:53:58.009] [Server thread/INFO] [com.yesman.epicskills.EpicSkills/]: epicskills:infernal_might is disabled.
[02Sep2026 01:53:58.009] [Server thread/WARN] [com.yesman.epicskills.EpicSkills/]: Unknown skill tree id: dodge_parry_reward:passive_old
[02Sep2026 01:53:58.009] [Server thread/INFO] [com.yesman.epicskills.EpicSkills/]: sword_soaring:sword_soaring_skills is disabled.
[02Sep2026 01:55:20.950] [Server thread/INFO] [net.minecraft.server.MinecraftServer/]: Rintor_SK was slain by Evening Ghost
[02Sep2026 01:55:28.003] [Server thread/INFO] [com.yesman.epicskills.EpicSkills/]: wom:acrobat is disabled.
[02Sep2026 01:55:28.003] [Server thread/INFO] [com.yesman.epicskills.EpicSkills/]: epicskills:infernal_might is disabled.
[02Sep2026 01:55:28.003] [Server thread/WARN] [com.yesman.epicskills.EpicSkills/]: Unknown skill tree id: dodge_parry_reward:passive_old
[02Sep2026 01:55:28.003] [Server thread/INFO] [com.yesman.epicskills.EpicSkills/]: sword_soaring:sword_soaring_skills is disabled.
[02Sep2026 01:55:47.900] [Server thread/INFO] [net.minecraft.server.MinecraftServer/]: Rintor_SK was slain by Evening Ghost
[02Sep2026 01:55:54.726] [Server thread/INFO] [com.yesman.epicskills.EpicSkills/]: wom:acrobat is disabled.
[02Sep2026 01:55:54.726] [Server thread/INFO] [com.yesman.epicskills.EpicSkills/]: epicskills:infernal_might is disabled.
[02Sep2026 01:55:54.726] [Server thread/WARN] [com.yesman.epicskills.EpicSkills/]: Unknown skill tree id: dodge_parry_reward:passive_old
[02Sep2026 01:55:54.726] [Server thread/INFO] [com.yesman.epicskills.EpicSkills/]: sword_soaring:sword_soaring_skills is disabled.
[02Sep2026 01:56:51.257] [Server thread/INFO] [net.minecraft.server.MinecraftServer/]: MadaraUchiha2909 was slain by Evening Ghost
[02Sep2026 01:56:58.869] [Server thread/INFO] [com.yesman.epicskills.EpicSkills/]: wom:acrobat is disabled.
[02Sep2026 01:56:58.870] [Server thread/INFO] [com.yesman.epicskills.EpicSkills/]: epicskills:infernal_might is disabled.
[02Sep2026 01:56:58.870] [Server thread/WARN] [com.yesman.epicskills.EpicSkills/]: Unknown skill tree id: dodge_parry_reward:passive_old
[02Sep2026 01:56:58.870] [Server thread/INFO] [com.yesman.epicskills.EpicSkills/]: sword_soaring:sword_soaring_skills is disabled.
[02Sep2026 01:57:00.508] [Server thread/INFO] [net.minecraft.world.entity.npc.Villager/]: Villager Villager['Nitwit'/7, l='ServerLevel[world]', x=404.55, y=136.06, z=-513.50] died, message: 'Nitwit was slain by Zombie'
[02Sep2026 01:57:21.451] [Server thread/INFO] [net.minecraft.server.MinecraftServer/]: Rintor_SK was slain by Evening Ghost
[02Sep2026 01:57:24.582] [Server thread/INFO] [net.minecraft.server.MinecraftServer/]: MadaraUchiha2909 was slain by Evening Ghost
[02Sep2026 01:57:28.011] [Server thread/INFO] [com.yesman.epicskills.EpicSkills/]: wom:acrobat is disabled.
[02Sep2026 01:57:28.012] [Server thread/INFO] [com.yesman.epicskills.EpicSkills/]: epicskills:infernal_might is disabled.
[02Sep2026 01:57:28.012] [Server thread/WARN] [com.yesman.epicskills.EpicSkills/]: Unknown skill tree id: dodge_parry_reward:passive_old
[02Sep2026 01:57:28.012] [Server thread/INFO] [com.yesman.epicskills.EpicSkills/]: sword_soaring:sword_soaring_skills is disabled.
[02Sep2026 01:57:31.703] [Server thread/INFO] [com.yesman.epicskills.EpicSkills/]: wom:acrobat is disabled.
[02Sep2026 01:57:31.704] [Server thread/INFO] [com.yesman.epicskills.EpicSkills/]: epicskills:infernal_might is disabled.
[02Sep2026 01:57:31.704] [Server thread/WARN] [com.yesman.epicskills.EpicSkills/]: Unknown skill tree id: dodge_parry_reward:passive_old
[02Sep2026 01:57:31.704] [Server thread/INFO] [com.yesman.epicskills.EpicSkills/]: sword_soaring:sword_soaring_skills is disabled.
[02Sep2026 01:57:39.360] [Server thread/INFO] [net.minecraft.server.MinecraftServer/]: Rintor_SK was slain by Evening Ghost
[02Sep2026 01:57:46.606] [Server thread/INFO] [com.yesman.epicskills.EpicSkills/]: wom:acrobat is disabled.
[02Sep2026 01:57:46.606] [Server thread/INFO] [com.yesman.epicskills.EpicSkills/]: epicskills:infernal_might is disabled.
[02Sep2026 01:57:46.606] [Server thread/WARN] [com.yesman.epicskills.EpicSkills/]: Unknown skill tree id: dodge_parry_reward:passive_old
[02Sep2026 01:57:46.606] [Server thread/INFO] [com.yesman.epicskills.EpicSkills/]: sword_soaring:sword_soaring_skills is disabled.
[02Sep2026 01:59:12.901] [Server thread/INFO] [net.minecraft.server.MinecraftServer/]: MadaraUchiha2909 was slain by Evening Ghost
[02Sep2026 01:59:14.401] [Server thread/INFO] [net.minecraft.server.MinecraftServer/]: Rintor_SK was slain by Evening Ghost
[02Sep2026 01:59:20.106] [Server thread/INFO] [com.yesman.epicskills.EpicSkills/]: wom:acrobat is disabled.
[02Sep2026 01:59:20.106] [Server thread/INFO] [com.yesman.epicskills.EpicSkills/]: epicskills:infernal_might is disabled.
[02Sep2026 01:59:20.106] [Server thread/WARN] [com.yesman.epicskills.EpicSkills/]: Unknown skill tree id: dodge_parry_reward:passive_old
[02Sep2026 01:59:20.106] [Server thread/INFO] [com.yesman.epicskills.EpicSkills/]: sword_soaring:sword_soaring_skills is disabled.
[02Sep2026 01:59:21.075] [Server thread/INFO] [com.yesman.epicskills.EpicSkills/]: wom:acrobat is disabled.
[02Sep2026 01:59:21.075] [Server thread/INFO] [com.yesman.epicskills.EpicSkills/]: epicskills:infernal_might is disabled.
[02Sep2026 01:59:21.075] [Server thread/WARN] [com.yesman.epicskills.EpicSkills/]: Unknown skill tree id: dodge_parry_reward:passive_old
[02Sep2026 01:59:21.075] [Server thread/INFO] [com.yesman.epicskills.EpicSkills/]: sword_soaring:sword_soaring_skills is disabled.
[02Sep2026 02:00:01.799] [Server thread/INFO] [net.minecraft.server.MinecraftServer/]: MadaraUchiha2909 was slain by Evening Ghost
[02Sep2026 02:00:08.825] [Server thread/INFO] [com.yesman.epicskills.EpicSkills/]: wom:acrobat is disabled.
[02Sep2026 02:00:08.825] [Server thread/INFO] [com.yesman.epicskills.EpicSkills/]: epicskills:infernal_might is disabled.
[02Sep2026 02:00:08.825] [Server thread/WARN] [com.yesman.epicskills.EpicSkills/]: Unknown skill tree id: dodge_parry_reward:passive_old
[02Sep2026 02:00:08.825] [Server thread/INFO] [com.yesman.epicskills.EpicSkills/]: sword_soaring:sword_soaring_skills is disabled.
[02Sep2026 02:00:25.057] [Server thread/INFO] [net.minecraft.server.MinecraftServer/]: Rintor_SK was slain by Evening Ghost
[02Sep2026 02:00:31.556] [Server thread/INFO] [com.yesman.epicskills.EpicSkills/]: wom:acrobat is disabled.
[02Sep2026 02:00:31.556] [Server thread/INFO] [com.yesman.epicskills.EpicSkills/]: epicskills:infernal_might is disabled.
[02Sep2026 02:00:31.556] [Server thread/WARN] [com.yesman.epicskills.EpicSkills/]: Unknown skill tree id: dodge_parry_reward:passive_old
[02Sep2026 02:00:31.556] [Server thread/INFO] [com.yesman.epicskills.EpicSkills/]: sword_soaring:sword_soaring_skills is disabled.
[02Sep2026 02:00:38.957] [Server thread/INFO] [net.minecraft.server.MinecraftServer/]: Rintor_SK was slain by Evening Ghost
[02Sep2026 02:00:45.527] [Server thread/INFO] [com.yesman.epicskills.EpicSkills/]: wom:acrobat is disabled.
[02Sep2026 02:00:45.527] [Server thread/INFO] [com.yesman.epicskills.EpicSkills/]: epicskills:infernal_might is disabled.
[02Sep2026 02:00:45.528] [Server thread/WARN] [com.yesman.epicskills.EpicSkills/]: Unknown skill tree id: dodge_parry_reward:passive_old
[02Sep2026 02:00:45.528] [Server thread/INFO] [com.yesman.epicskills.EpicSkills/]: sword_soaring:sword_soaring_skills is disabled.
[02Sep2026 02:00:54.358] [Server thread/INFO] [net.minecraft.server.MinecraftServer/]: Rintor_SK was slain by Evening Ghost
[02Sep2026 02:01:01.239] [Server thread/INFO] [com.yesman.epicskills.EpicSkills/]: wom:acrobat is disabled.
[02Sep2026 02:01:01.239] [Server thread/INFO] [com.yesman.epicskills.EpicSkills/]: epicskills:infernal_might is disabled.
[02Sep2026 02:01:01.240] [Server thread/WARN] [com.yesman.epicskills.EpicSkills/]: Unknown skill tree id: dodge_parry_reward:passive_old
[02Sep2026 02:01:01.240] [Server thread/INFO] [com.yesman.epicskills.EpicSkills/]: sword_soaring:sword_soaring_skills is disabled.
[02Sep2026 02:01:04.365] [Server thread/INFO] [net.minecraft.server.MinecraftServer/]: [Rintor_SK: Set spawn point to 32, 74, -463 [0.0] in minecraft:the_nether for MadaraUchiha2909]
[02Sep2026 02:01:18.651] [Server thread/INFO] [net.minecraft.server.MinecraftServer/]: MadaraUchiha2909 was slain by Evening Ghost
[02Sep2026 02:01:26.250] [Server thread/INFO] [net.minecraft.server.MinecraftServer/]: Rintor_SK was slain by Wither Skeleton
[02Sep2026 02:01:26.427] [Server thread/INFO] [com.yesman.epicskills.EpicSkills/]: wom:acrobat is disabled.
[02Sep2026 02:01:26.427] [Server thread/INFO] [com.yesman.epicskills.EpicSkills/]: epicskills:infernal_might is disabled.
[02Sep2026 02:01:26.427] [Server thread/WARN] [com.yesman.epicskills.EpicSkills/]: Unknown skill tree id: dodge_parry_reward:passive_old
[02Sep2026 02:01:26.428] [Server thread/INFO] [com.yesman.epicskills.EpicSkills/]: sword_soaring:sword_soaring_skills is disabled.
[02Sep2026 02:01:32.810] [Server thread/INFO] [com.yesman.epicskills.EpicSkills/]: wom:acrobat is disabled.
[02Sep2026 02:01:32.810] [Server thread/INFO] [com.yesman.epicskills.EpicSkills/]: epicskills:infernal_might is disabled.
[02Sep2026 02:01:32.810] [Server thread/WARN] [com.yesman.epicskills.EpicSkills/]: Unknown skill tree id: dodge_parry_reward:passive_old
[02Sep2026 02:01:32.810] [Server thread/INFO] [com.yesman.epicskills.EpicSkills/]: sword_soaring:sword_soaring_skills is disabled.
[02Sep2026 02:01:44.060] [Server thread/INFO] [net.minecraft.server.MinecraftServer/]: Rintor_SK was slain by Evening Ghost
[02Sep2026 02:01:50.669] [Server thread/INFO] [com.yesman.epicskills.EpicSkills/]: wom:acrobat is disabled.
[02Sep2026 02:01:50.670] [Server thread/INFO] [com.yesman.epicskills.EpicSkills/]: epicskills:infernal_might is disabled.
[02Sep2026 02:01:50.670] [Server thread/WARN] [com.yesman.epicskills.EpicSkills/]: Unknown skill tree id: dodge_parry_reward:passive_old
[02Sep2026 02:01:50.670] [Server thread/INFO] [com.yesman.epicskills.EpicSkills/]: sword_soaring:sword_soaring_skills is disabled.
[02Sep2026 02:02:08.602] [Server thread/INFO] [net.minecraft.server.MinecraftServer/]: Rintor_SK was slain by Evening Ghost
[02Sep2026 02:02:09.000] [Server thread/INFO] [net.minecraft.server.MinecraftServer/]: MadaraUchiha2909 was slain by Evening Ghost
[02Sep2026 02:02:15.565] [Server thread/INFO] [com.yesman.epicskills.EpicSkills/]: wom:acrobat is disabled.
[02Sep2026 02:02:15.565] [Server thread/INFO] [com.yesman.epicskills.EpicSkills/]: epicskills:infernal_might is disabled.
[02Sep2026 02:02:15.565] [Server thread/WARN] [com.yesman.epicskills.EpicSkills/]: Unknown skill tree id: dodge_parry_reward:passive_old
[02Sep2026 02:02:15.565] [Server thread/INFO] [com.yesman.epicskills.EpicSkills/]: sword_soaring:sword_soaring_skills is disabled.
[02Sep2026 02:02:16.378] [Server thread/INFO] [com.yesman.epicskills.EpicSkills/]: wom:acrobat is disabled.
[02Sep2026 02:02:16.379] [Server thread/INFO] [com.yesman.epicskills.EpicSkills/]: epicskills:infernal_might is disabled.
[02Sep2026 02:02:16.379] [Server thread/WARN] [com.yesman.epicskills.EpicSkills/]: Unknown skill tree id: dodge_parry_reward:passive_old
[02Sep2026 02:02:16.379] [Server thread/INFO] [com.yesman.epicskills.EpicSkills/]: sword_soaring:sword_soaring_skills is disabled.
[02Sep2026 02:02:20.161] [Server thread/INFO] [net.minecraft.server.MinecraftServer/]: [Rintor_SK: Teleported MadaraUchiha2909 to Rintor_SK]
[02Sep2026 02:02:26.458] [Server thread/INFO] [net.minecraft.server.MinecraftServer/]: Rintor_SK was slain by Evening Ghost
[02Sep2026 02:02:33.308] [Server thread/INFO] [com.yesman.epicskills.EpicSkills/]: wom:acrobat is disabled.
[02Sep2026 02:02:33.308] [Server thread/INFO] [com.yesman.epicskills.EpicSkills/]: epicskills:infernal_might is disabled.
[02Sep2026 02:02:33.309] [Server thread/WARN] [com.yesman.epicskills.EpicSkills/]: Unknown skill tree id: dodge_parry_reward:passive_old
[02Sep2026 02:02:33.309] [Server thread/INFO] [com.yesman.epicskills.EpicSkills/]: sword_soaring:sword_soaring_skills is disabled.
[02Sep2026 02:02:33.906] [Server thread/INFO] [net.minecraft.server.MinecraftServer/]: MadaraUchiha2909 was slain by Evening Ghost
[02Sep2026 02:02:35.773] [Server thread/INFO] [net.minecraft.server.MinecraftServer/]: [Rintor_SK: Teleported MadaraUchiha2909 to Rintor_SK]
[02Sep2026 02:02:40.873] [Server thread/INFO] [net.minecraft.server.MinecraftServer/]: [Rintor_SK: Teleported MadaraUchiha2909 to Rintor_SK]
[02Sep2026 02:02:40.874] [Server thread/INFO] [com.yesman.epicskills.EpicSkills/]: wom:acrobat is disabled.
[02Sep2026 02:02:40.874] [Server thread/INFO] [com.yesman.epicskills.EpicSkills/]: epicskills:infernal_might is disabled.
[02Sep2026 02:02:40.874] [Server thread/WARN] [com.yesman.epicskills.EpicSkills/]: Unknown skill tree id: dodge_parry_reward:passive_old
[02Sep2026 02:02:40.875] [Server thread/INFO] [com.yesman.epicskills.EpicSkills/]: sword_soaring:sword_soaring_skills is disabled.
[02Sep2026 02:02:47.586] [Server thread/INFO] [net.minecraft.server.MinecraftServer/]: [Rintor_SK: Teleported MadaraUchiha2909 to Rintor_SK]
[02Sep2026 02:02:49.306] [Server thread/INFO] [net.minecraft.server.MinecraftServer/]: MadaraUchiha2909 was slain by Evening Ghost
[02Sep2026 02:02:51.047] [Server thread/INFO] [net.minecraft.world.entity.npc.Villager/]: Villager Villager['Unemployed'/14146, l='ServerLevel[world]', x=348.68, y=135.00, z=-554.30] died, message: 'Unemployed was slain by Zombie'
[02Sep2026 02:02:56.814] [Server thread/INFO] [com.yesman.epicskills.EpicSkills/]: wom:acrobat is disabled.
[02Sep2026 02:02:56.814] [Server thread/INFO] [com.yesman.epicskills.EpicSkills/]: epicskills:infernal_might is disabled.
[02Sep2026 02:02:56.814] [Server thread/WARN] [com.yesman.epicskills.EpicSkills/]: Unknown skill tree id: dodge_parry_reward:passive_old
[02Sep2026 02:02:56.814] [Server thread/INFO] [com.yesman.epicskills.EpicSkills/]: sword_soaring:sword_soaring_skills is disabled.
[02Sep2026 02:03:05.172] [Server thread/INFO] [net.minecraft.server.MinecraftServer/]: [Rintor_SK: Teleported MadaraUchiha2909 to Rintor_SK]
[02Sep2026 02:03:07.756] [Server thread/INFO] [net.minecraft.server.MinecraftServer/]: Rintor_SK was slain by Evening Ghost
[02Sep2026 02:03:14.684] [Server thread/INFO] [com.yesman.epicskills.EpicSkills/]: wom:acrobat is disabled.
[02Sep2026 02:03:14.684] [Server thread/INFO] [com.yesman.epicskills.EpicSkills/]: epicskills:infernal_might is disabled.
[02Sep2026 02:03:14.684] [Server thread/WARN] [com.yesman.epicskills.EpicSkills/]: Unknown skill tree id: dodge_parry_reward:passive_old
[02Sep2026 02:03:14.684] [Server thread/INFO] [com.yesman.epicskills.EpicSkills/]: sword_soaring:sword_soaring_skills is disabled.
[02Sep2026 02:03:36.649] [Server thread/INFO] [net.minecraft.server.MinecraftServer/]: MadaraUchiha2909 was slain by Evening Ghost
[02Sep2026 02:03:43.851] [Server thread/INFO] [com.yesman.epicskills.EpicSkills/]: wom:acrobat is disabled.
[02Sep2026 02:03:43.851] [Server thread/INFO] [com.yesman.epicskills.EpicSkills/]: epicskills:infernal_might is disabled.
[02Sep2026 02:03:43.851] [Server thread/WARN] [com.yesman.epicskills.EpicSkills/]: Unknown skill tree id: dodge_parry_reward:passive_old
[02Sep2026 02:03:43.852] [Server thread/INFO] [com.yesman.epicskills.EpicSkills/]: sword_soaring:sword_soaring_skills is disabled.
[02Sep2026 02:04:01.558] [Server thread/INFO] [net.minecraft.server.MinecraftServer/]: Rintor_SK was slain by Evening Ghost
[02Sep2026 02:04:08.115] [Server thread/INFO] [com.yesman.epicskills.EpicSkills/]: wom:acrobat is disabled.
[02Sep2026 02:04:08.115] [Server thread/INFO] [com.yesman.epicskills.EpicSkills/]: epicskills:infernal_might is disabled.
[02Sep2026 02:04:08.115] [Server thread/WARN] [com.yesman.epicskills.EpicSkills/]: Unknown skill tree id: dodge_parry_reward:passive_old
[02Sep2026 02:04:08.115] [Server thread/INFO] [com.yesman.epicskills.EpicSkills/]: sword_soaring:sword_soaring_skills is disabled.
[02Sep2026 02:04:36.200] [Server thread/INFO] [net.minecraft.server.MinecraftServer/]: Rintor_SK was slain by Evening Ghost
[02Sep2026 02:04:42.656] [Server thread/INFO] [com.yesman.epicskills.EpicSkills/]: wom:acrobat is disabled.
[02Sep2026 02:04:42.656] [Server thread/INFO] [com.yesman.epicskills.EpicSkills/]: epicskills:infernal_might is disabled.
[02Sep2026 02:04:42.656] [Server thread/WARN] [com.yesman.epicskills.EpicSkills/]: Unknown skill tree id: dodge_parry_reward:passive_old
[02Sep2026 02:04:42.656] [Server thread/INFO] [com.yesman.epicskills.EpicSkills/]: sword_soaring:sword_soaring_skills is disabled.
[02Sep2026 02:04:47.549] [Server thread/INFO] [net.minecraft.server.MinecraftServer/]: MadaraUchiha2909 was slain by Evening Ghost
[02Sep2026 02:04:54.751] [Server thread/INFO] [com.yesman.epicskills.EpicSkills/]: wom:acrobat is disabled.
[02Sep2026 02:04:54.751] [Server thread/INFO] [com.yesman.epicskills.EpicSkills/]: epicskills:infernal_might is disabled.
[02Sep2026 02:04:54.752] [Server thread/WARN] [com.yesman.epicskills.EpicSkills/]: Unknown skill tree id: dodge_parry_reward:passive_old
[02Sep2026 02:04:54.752] [Server thread/INFO] [com.yesman.epicskills.EpicSkills/]: sword_soaring:sword_soaring_skills is disabled.
[02Sep2026 02:05:54.850] [Server thread/INFO] [net.minecraft.server.MinecraftServer/]: MadaraUchiha2909 was slain by Evening Ghost
[02Sep2026 02:06:01.840] [Server thread/INFO] [com.yesman.epicskills.EpicSkills/]: wom:acrobat is disabled.
[02Sep2026 02:06:01.841] [Server thread/INFO] [com.yesman.epicskills.EpicSkills/]: epicskills:infernal_might is disabled.
[02Sep2026 02:06:01.841] [Server thread/WARN] [com.yesman.epicskills.EpicSkills/]: Unknown skill tree id: dodge_parry_reward:passive_old
[02Sep2026 02:06:01.841] [Server thread/INFO] [com.yesman.epicskills.EpicSkills/]: sword_soaring:sword_soaring_skills is disabled.
[02Sep2026 02:06:02.243] [Server thread/INFO] [net.minecraft.server.MinecraftServer/]: Rintor_SK was slain by Evening Ghost
[02Sep2026 02:06:08.755] [Server thread/INFO] [com.yesman.epicskills.EpicSkills/]: wom:acrobat is disabled.
[02Sep2026 02:06:08.755] [Server thread/INFO] [com.yesman.epicskills.EpicSkills/]: epicskills:infernal_might is disabled.
[02Sep2026 02:06:08.755] [Server thread/WARN] [com.yesman.epicskills.EpicSkills/]: Unknown skill tree id: dodge_parry_reward:passive_old
[02Sep2026 02:06:08.755] [Server thread/INFO] [com.yesman.epicskills.EpicSkills/]: sword_soaring:sword_soaring_skills is disabled.
[02Sep2026 02:07:15.448] [Server thread/INFO] [net.minecraft.server.MinecraftServer/]: MadaraUchiha2909 was slain by Evening Ghost
[02Sep2026 02:07:18.449] [Server thread/INFO] [net.minecraft.server.MinecraftServer/]: Rintor_SK was slain by Evening Ghost
[02Sep2026 02:07:22.413] [Server thread/INFO] [com.yesman.epicskills.EpicSkills/]: wom:acrobat is disabled.
[02Sep2026 02:07:22.413] [Server thread/INFO] [com.yesman.epicskills.EpicSkills/]: epicskills:infernal_might is disabled.
[02Sep2026 02:07:22.414] [Server thread/WARN] [com.yesman.epicskills.EpicSkills/]: Unknown skill tree id: dodge_parry_reward:passive_old
[02Sep2026 02:07:22.414] [Server thread/INFO] [com.yesman.epicskills.EpicSkills/]: sword_soaring:sword_soaring_skills is disabled.
[02Sep2026 02:07:31.830] [Server thread/INFO] [com.yesman.epicskills.EpicSkills/]: wom:acrobat is disabled.
[02Sep2026 02:07:31.830] [Server thread/INFO] [com.yesman.epicskills.EpicSkills/]: epicskills:infernal_might is disabled.
[02Sep2026 02:07:31.831] [Server thread/WARN] [com.yesman.epicskills.EpicSkills/]: Unknown skill tree id: dodge_parry_reward:passive_old
[02Sep2026 02:07:31.831] [Server thread/INFO] [com.yesman.epicskills.EpicSkills/]: sword_soaring:sword_soaring_skills is disabled.
[02Sep2026 02:08:19.452] [Server thread/INFO] [net.minecraft.server.MinecraftServer/]: Rintor_SK was slain by Evening Ghost
[02Sep2026 02:08:26.018] [Server thread/INFO] [com.yesman.epicskills.EpicSkills/]: wom:acrobat is disabled.
[02Sep2026 02:08:26.018] [Server thread/INFO] [com.yesman.epicskills.EpicSkills/]: epicskills:infernal_might is disabled.
[02Sep2026 02:08:26.018] [Server thread/WARN] [com.yesman.epicskills.EpicSkills/]: Unknown skill tree id: dodge_parry_reward:passive_old
[02Sep2026 02:08:26.018] [Server thread/INFO] [com.yesman.epicskills.EpicSkills/]: sword_soaring:sword_soaring_skills is disabled.
[02Sep2026 02:08:26.350] [Server thread/INFO] [net.minecraft.server.MinecraftServer/]: MadaraUchiha2909 was slain by Evening Ghost
[02Sep2026 02:08:33.403] [Server thread/INFO] [com.yesman.epicskills.EpicSkills/]: wom:acrobat is disabled.
[02Sep2026 02:08:33.403] [Server thread/INFO] [com.yesman.epicskills.EpicSkills/]: epicskills:infernal_might is disabled.
[02Sep2026 02:08:33.403] [Server thread/WARN] [com.yesman.epicskills.EpicSkills/]: Unknown skill tree id: dodge_parry_reward:passive_old
[02Sep2026 02:08:33.404] [Server thread/INFO] [com.yesman.epicskills.EpicSkills/]: sword_soaring:sword_soaring_skills is disabled.
[02Sep2026 02:10:33.850] [Server thread/INFO] [net.minecraft.server.MinecraftServer/]: Rintor_SK was slain by Evening Ghost
[02Sep2026 02:10:40.426] [Server thread/INFO] [com.yesman.epicskills.EpicSkills/]: wom:acrobat is disabled.
[02Sep2026 02:10:40.426] [Server thread/INFO] [com.yesman.epicskills.EpicSkills/]: epicskills:infernal_might is disabled.
[02Sep2026 02:10:40.426] [Server thread/WARN] [com.yesman.epicskills.EpicSkills/]: Unknown skill tree id: dodge_parry_reward:passive_old
[02Sep2026 02:10:40.426] [Server thread/INFO] [com.yesman.epicskills.EpicSkills/]: sword_soaring:sword_soaring_skills is disabled.
[02Sep2026 02:10:59.648] [Server thread/INFO] [net.minecraft.server.MinecraftServer/]: MadaraUchiha2909 was slain by Evening Ghost
[02Sep2026 02:11:06.609] [Server thread/INFO] [com.yesman.epicskills.EpicSkills/]: wom:acrobat is disabled.
[02Sep2026 02:11:06.609] [Server thread/INFO] [com.yesman.epicskills.EpicSkills/]: epicskills:infernal_might is disabled.
[02Sep2026 02:11:06.609] [Server thread/WARN] [com.yesman.epicskills.EpicSkills/]: Unknown skill tree id: dodge_parry_reward:passive_old
[02Sep2026 02:11:06.609] [Server thread/INFO] [com.yesman.epicskills.EpicSkills/]: sword_soaring:sword_soaring_skills is disabled.
[02Sep2026 02:13:18.701] [Server thread/INFO] [net.minecraft.server.MinecraftServer/]: Rintor_SK was slain by Evening Ghost
[02Sep2026 02:13:21.048] [Server thread/INFO] [net.minecraft.server.MinecraftServer/]: MadaraUchiha2909 was slain by Evening Ghost
[02Sep2026 02:13:26.034] [Server thread/INFO] [com.yesman.epicskills.EpicSkills/]: wom:acrobat is disabled.
[02Sep2026 02:13:26.034] [Server thread/INFO] [com.yesman.epicskills.EpicSkills/]: epicskills:infernal_might is disabled.
[02Sep2026 02:13:26.034] [Server thread/WARN] [com.yesman.epicskills.EpicSkills/]: Unknown skill tree id: dodge_parry_reward:passive_old
[02Sep2026 02:13:26.034] [Server thread/INFO] [com.yesman.epicskills.EpicSkills/]: sword_soaring:sword_soaring_skills is disabled.
[02Sep2026 02:13:28.281] [Server thread/INFO] [com.yesman.epicskills.EpicSkills/]: wom:acrobat is disabled.
[02Sep2026 02:13:28.281] [Server thread/INFO] [com.yesman.epicskills.EpicSkills/]: epicskills:infernal_might is disabled.
[02Sep2026 02:13:28.281] [Server thread/WARN] [com.yesman.epicskills.EpicSkills/]: Unknown skill tree id: dodge_parry_reward:passive_old
[02Sep2026 02:13:28.281] [Server thread/INFO] [com.yesman.epicskills.EpicSkills/]: sword_soaring:sword_soaring_skills is disabled.
[02Sep2026 02:14:51.600] [Server thread/INFO] [net.minecraft.server.MinecraftServer/]: Rintor_SK was slain by Evening Ghost
[02Sep2026 02:14:58.140] [Server thread/INFO] [com.yesman.epicskills.EpicSkills/]: wom:acrobat is disabled.
[02Sep2026 02:14:58.140] [Server thread/INFO] [com.yesman.epicskills.EpicSkills/]: epicskills:infernal_might is disabled.
[02Sep2026 02:14:58.140] [Server thread/WARN] [com.yesman.epicskills.EpicSkills/]: Unknown skill tree id: dodge_parry_reward:passive_old
[02Sep2026 02:14:58.140] [Server thread/INFO] [com.yesman.epicskills.EpicSkills/]: sword_soaring:sword_soaring_skills is disabled.
[02Sep2026 02:18:36.404] [Server thread/INFO] [net.minecraft.server.MinecraftServer/]: Rintor_SK was slain by Evening Ghost
[02Sep2026 02:18:42.930] [Server thread/INFO] [com.yesman.epicskills.EpicSkills/]: wom:acrobat is disabled.
[02Sep2026 02:18:42.930] [Server thread/INFO] [com.yesman.epicskills.EpicSkills/]: epicskills:infernal_might is disabled.
[02Sep2026 02:18:42.930] [Server thread/WARN] [com.yesman.epicskills.EpicSkills/]: Unknown skill tree id: dodge_parry_reward:passive_old
[02Sep2026 02:18:42.930] [Server thread/INFO] [com.yesman.epicskills.EpicSkills/]: sword_soaring:sword_soaring_skills is disabled.
[02Sep2026 02:21:20.455] [Server thread/INFO] [net.minecraft.server.MinecraftServer/]: Rintor_SK was skewered by Evening Ghost's blood needles
[02Sep2026 02:21:27.129] [Server thread/INFO] [com.yesman.epicskills.EpicSkills/]: wom:acrobat is disabled.
[02Sep2026 02:21:27.129] [Server thread/INFO] [com.yesman.epicskills.EpicSkills/]: epicskills:infernal_might is disabled.
[02Sep2026 02:21:27.129] [Server thread/WARN] [com.yesman.epicskills.EpicSkills/]: Unknown skill tree id: dodge_parry_reward:passive_old
[02Sep2026 02:21:27.129] [Server thread/INFO] [com.yesman.epicskills.EpicSkills/]: sword_soaring:sword_soaring_skills is disabled.
[02Sep2026 02:27:12.650] [Server thread/INFO] [com.p1nero.tcrcore.TCRCoreMod/]: Boss [Evening Ghost] 已限制对话开启挑战
[02Sep2026 02:31:10.580] [Worker-Main-1/WARN] [ModernFix/]: Skipped emitting ENTITY_MOUNT game event for entity Strider['Strider'/19122, l='ServerLevel[world]', x=449.00, y=31.00, z=-376.00] as it would cause deadlock
[02Sep2026 02:31:43.480] [Worker-Main-29/WARN] [ModernFix/]: Skipped emitting ENTITY_MOUNT game event for entity Strider['Strider'/19893, l='ServerLevel[world]', x=387.00, y=31.00, z=-168.00] as it would cause deadlock
[02Sep2026 02:31:49.427] [Server thread/WARN] [net.minecraft.world.level.storage.loot.functions.SetItemDamageFunction/]: Couldn't set damage of loot item 1 crossbow
[02Sep2026 02:32:06.264] [Server thread/INFO] [net.minecraft.server.MinecraftServer/]: Rintor_SK was slain by Ancient Knight
[02Sep2026 02:32:12.961] [Server thread/INFO] [com.yesman.epicskills.EpicSkills/]: wom:acrobat is disabled.
[02Sep2026 02:32:12.961] [Server thread/INFO] [com.yesman.epicskills.EpicSkills/]: epicskills:infernal_might is disabled.
[02Sep2026 02:32:12.962] [Server thread/WARN] [com.yesman.epicskills.EpicSkills/]: Unknown skill tree id: dodge_parry_reward:passive_old
[02Sep2026 02:32:12.962] [Server thread/INFO] [com.yesman.epicskills.EpicSkills/]: sword_soaring:sword_soaring_skills is disabled.
[02Sep2026 02:32:13.136] [Server thread/INFO] [com.p1nero.tcrcore.TCRCoreMod/]: Boss [Evening Ghost] 已限制对话开启挑战
[02Sep2026 02:32:24.255] [Server thread/INFO] [net.minecraft.server.MinecraftServer/]: Rintor_SK was slain by Ancient Knight
[02Sep2026 02:32:31.041] [Server thread/INFO] [com.yesman.epicskills.EpicSkills/]: wom:acrobat is disabled.
[02Sep2026 02:32:31.041] [Server thread/INFO] [com.yesman.epicskills.EpicSkills/]: epicskills:infernal_might is disabled.
[02Sep2026 02:32:31.042] [Server thread/WARN] [com.yesman.epicskills.EpicSkills/]: Unknown skill tree id: dodge_parry_reward:passive_old
[02Sep2026 02:32:31.042] [Server thread/INFO] [com.yesman.epicskills.EpicSkills/]: sword_soaring:sword_soaring_skills is disabled.
[02Sep2026 02:32:31.170] [Server thread/INFO] [com.p1nero.tcrcore.TCRCoreMod/]: Boss [Evening Ghost] 已限制对话开启挑战
[02Sep2026 02:32:36.375] [Server thread/INFO] [net.minecraft.server.MinecraftServer/]: [Rintor_SK: Teleported Rintor_SK to MadaraUchiha2909]
[02Sep2026 02:34:00.170] [Server thread/INFO] [com.p1nero.tcrcore.TCRCoreMod/]: Boss [Evening Ghost] 已限制对话开启挑战
[02Sep2026 02:34:43.169] [Server thread/INFO] [net.minecraft.server.MinecraftServer/]: [Rintor_SK: Set spawn point to 540, 68, -464 [0.0] in minecraft:the_nether for Rintor_SK]
[02Sep2026 02:34:48.770] [Server thread/WARN] [net.minecraft.server.network.ServerGamePacketListenerImpl/]: Night Fury (vehicle of Rintor_SK) moved wrongly! 0.3003967189906689
[02Sep2026 02:34:48.817] [Server thread/WARN] [net.minecraft.server.network.ServerGamePacketListenerImpl/]: Night Fury (vehicle of Rintor_SK) moved wrongly! 0.3003967189906689
[02Sep2026 02:34:48.866] [Server thread/WARN] [net.minecraft.server.network.ServerGamePacketListenerImpl/]: Night Fury (vehicle of Rintor_SK) moved wrongly! 0.3003967189906689
[02Sep2026 02:35:05.806] [Server thread/INFO] [net.minecraft.server.MinecraftServer/]: Rintor_SK has made the advancement [Straddle My Ol' Saddle]
[02Sep2026 02:35:17.122] [Server thread/INFO] [net.minecraft.server.MinecraftServer/]: [Rintor_SK: Teleported MadaraUchiha2909 to Rintor_SK]
[02Sep2026 02:35:36.830] [Server thread/INFO] [net.minecraft.server.MinecraftServer/]: [Rintor_SK: Teleported Rintor_SK to MadaraUchiha2909]
[02Sep2026 02:35:46.305] [Server thread/WARN] [net.minecraft.world.level.storage.loot.functions.SetItemDamageFunction/]: Couldn't set damage of loot item 1 crossbow
[02Sep2026 02:35:48.665] [Server thread/WARN] [net.minecraft.world.level.storage.loot.functions.SetItemDamageFunction/]: Couldn't set damage of loot item 1 crossbow
[02Sep2026 02:35:50.171] [Server thread/WARN] [net.minecraft.world.level.storage.loot.functions.SetItemDamageFunction/]: Couldn't set damage of loot item 1 crossbow
[02Sep2026 02:36:10.389] [Server thread/INFO] [net.minecraft.server.MinecraftServer/]: [Rintor_SK: Teleported Rintor_SK to MadaraUchiha2909]
[02Sep2026 02:36:16.314] [Server thread/WARN] [net.minecraft.world.level.storage.loot.functions.SetItemDamageFunction/]: Couldn't set damage of loot item 1 crossbow
[02Sep2026 02:36:16.314] [Server thread/WARN] [net.minecraft.world.level.storage.loot.functions.SetItemDamageFunction/]: Couldn't set damage of loot item 1 crossbow
[02Sep2026 02:36:18.185] [Server thread/WARN] [net.minecraft.world.level.storage.loot.functions.SetItemDamageFunction/]: Couldn't set damage of loot item 1 crossbow
[02Sep2026 02:36:18.185] [Server thread/WARN] [net.minecraft.world.level.storage.loot.functions.SetItemDamageFunction/]: Couldn't set damage of loot item 1 crossbow
[02Sep2026 02:36:19.575] [Server thread/WARN] [net.minecraft.world.level.storage.loot.functions.SetItemDamageFunction/]: Couldn't set damage of loot item 1 crossbow
[02Sep2026 02:36:24.692] [Server thread/WARN] [net.minecraft.world.level.storage.loot.functions.SetItemDamageFunction/]: Couldn't set damage of loot item 1 crossbow
[02Sep2026 02:36:25.638] [Server thread/WARN] [net.minecraft.world.level.storage.loot.functions.SetItemDamageFunction/]: Couldn't set damage of loot item 1 crossbow
[02Sep2026 02:36:25.638] [Server thread/WARN] [net.minecraft.world.level.storage.loot.functions.SetItemDamageFunction/]: Couldn't set damage of loot item 1 crossbow
[02Sep2026 02:36:25.913] [Server thread/WARN] [net.minecraft.world.level.storage.loot.functions.SetItemDamageFunction/]: Couldn't set damage of loot item 1 crossbow
[02Sep2026 02:36:25.913] [Server thread/WARN] [net.minecraft.world.level.storage.loot.functions.SetItemDamageFunction/]: Couldn't set damage of loot item 1 crossbow
[02Sep2026 02:36:27.387] [Server thread/WARN] [net.minecraft.world.level.storage.loot.functions.SetItemDamageFunction/]: Couldn't set damage of loot item 1 crossbow
[02Sep2026 02:36:28.754] [Server thread/WARN] [net.minecraft.world.level.storage.loot.functions.SetItemDamageFunction/]: Couldn't set damage of loot item 1 crossbow
[02Sep2026 02:36:28.755] [Server thread/WARN] [net.minecraft.world.level.storage.loot.functions.SetItemDamageFunction/]: Couldn't set damage of loot item 1 crossbow
[02Sep2026 02:36:31.108] [Server thread/WARN] [net.minecraft.world.level.storage.loot.functions.SetItemDamageFunction/]: Couldn't set damage of loot item 1 crossbow
[02Sep2026 02:36:37.483] [Server thread/WARN] [net.minecraft.world.level.storage.loot.functions.SetItemDamageFunction/]: Couldn't set damage of loot item 1 keeper_flamberge
[02Sep2026 02:36:40.008] [Server thread/WARN] [net.minecraft.world.level.storage.loot.functions.SetItemDamageFunction/]: Couldn't set damage of loot item 1 crossbow
[02Sep2026 02:36:40.008] [Server thread/WARN] [net.minecraft.world.level.storage.loot.functions.SetItemDamageFunction/]: Couldn't set damage of loot item 1 crossbow
[02Sep2026 02:36:41.708] [Server thread/WARN] [net.minecraft.world.level.storage.loot.functions.SetItemDamageFunction/]: Couldn't set damage of loot item 1 crossbow
[02Sep2026 02:37:09.319] [Server thread/WARN] [net.minecraft.world.level.storage.loot.functions.SetItemDamageFunction/]: Couldn't set damage of loot item 1 crossbow
[02Sep2026 02:37:09.319] [Server thread/WARN] [net.minecraft.world.level.storage.loot.functions.SetItemDamageFunction/]: Couldn't set damage of loot item 1 crossbow
[02Sep2026 02:37:10.373] [Server thread/WARN] [net.minecraft.world.level.storage.loot.functions.SetItemDamageFunction/]: Couldn't set damage of loot item 1 crossbow
[02Sep2026 02:37:11.236] [Server thread/WARN] [net.minecraft.world.level.storage.loot.functions.SetItemDamageFunction/]: Couldn't set damage of loot item 1 crossbow
[02Sep2026 02:37:11.236] [Server thread/WARN] [net.minecraft.world.level.storage.loot.functions.SetItemDamageFunction/]: Couldn't set damage of loot item 1 crossbow
[02Sep2026 02:37:33.169] [Server thread/WARN] [net.minecraft.world.level.storage.loot.functions.SetItemDamageFunction/]: Couldn't set damage of loot item 1 crossbow
[02Sep2026 02:37:36.469] [Server thread/WARN] [net.minecraft.world.level.storage.loot.functions.SetItemDamageFunction/]: Couldn't set damage of loot item 1 crossbow
[02Sep2026 02:37:36.469] [Server thread/WARN] [net.minecraft.world.level.storage.loot.functions.SetItemDamageFunction/]: Couldn't set damage of loot item 1 crossbow
[02Sep2026 02:37:38.422] [Server thread/WARN] [net.minecraft.world.level.storage.loot.functions.SetItemDamageFunction/]: Couldn't set damage of loot item 1 crossbow
[02Sep2026 02:37:38.422] [Server thread/WARN] [net.minecraft.world.level.storage.loot.functions.SetItemDamageFunction/]: Couldn't set damage of loot item 1 crossbow
[02Sep2026 02:38:23.254] [Server thread/INFO] [net.minecraft.server.MinecraftServer/]: MadaraUchiha2909 has completed the challenge [Hot Tourist Destinations]
[02Sep2026 02:38:25.001] [Server thread/INFO] [net.minecraft.server.MinecraftServer/]: Rintor_SK has completed the challenge [Hot Tourist Destinations]
[02Sep2026 02:40:04.962] [Server thread/WARN] [net.minecraft.server.network.ServerGamePacketListenerImpl/]: Night Fury (vehicle of MadaraUchiha2909) moved wrongly! 0.8195890882393542
[02Sep2026 02:40:05.013] [Server thread/WARN] [net.minecraft.server.network.ServerGamePacketListenerImpl/]: Night Fury (vehicle of MadaraUchiha2909) moved wrongly! 0.6227863947138985
[02Sep2026 02:41:01.358] [Server thread/WARN] [net.minecraft.server.network.ServerGamePacketListenerImpl/]: Night Fury (vehicle of MadaraUchiha2909) moved wrongly! 0.2502919853222352
[02Sep2026 02:41:01.408] [Server thread/WARN] [net.minecraft.server.network.ServerGamePacketListenerImpl/]: Night Fury (vehicle of MadaraUchiha2909) moved wrongly! 0.4955781309380427
[02Sep2026 02:41:01.458] [Server thread/WARN] [net.minecraft.server.network.ServerGamePacketListenerImpl/]: Night Fury (vehicle of MadaraUchiha2909) moved wrongly! 1.3008548652899645
[02Sep2026 02:41:01.490] [Server thread/WARN] [net.minecraft.server.network.ServerGamePacketListenerImpl/]: Night Fury (vehicle of MadaraUchiha2909) moved wrongly! 2.1154811415141617
[02Sep2026 02:41:01.537] [Server thread/WARN] [net.minecraft.server.network.ServerGamePacketListenerImpl/]: Night Fury (vehicle of MadaraUchiha2909) moved wrongly! 0.9211074682573326
[02Sep2026 02:41:01.608] [Server thread/WARN] [net.minecraft.server.network.ServerGamePacketListenerImpl/]: Night Fury (vehicle of MadaraUchiha2909) moved wrongly! 0.9026853188921677
[02Sep2026 02:41:43.353] [Server thread/INFO] [net.minecraft.server.MinecraftServer/]: MadaraUchiha2909 has made the advancement [Fetch Me Their Souls!]
[02Sep2026 02:41:44.730] [Server thread/INFO] [com.p1nero.tcrcore.TCRCoreMod/]: Boss [Evening Ghost] 已限制对话开启挑战
[02Sep2026 02:42:07.117] [Server thread/WARN] [net.minecraft.server.network.ServerGamePacketListenerImpl/]: Night Fury (vehicle of MadaraUchiha2909) moved wrongly! 6.238071504160985
[02Sep2026 02:42:16.166] [Server thread/WARN] [net.minecraft.server.network.ServerGamePacketListenerImpl/]: Night Fury (vehicle of MadaraUchiha2909) moved wrongly! 0.2577008802076648
[02Sep2026 02:42:26.691] [Worker-Main-1/WARN] [ModernFix/]: Skipped emitting ENTITY_MOUNT game event for entity Strider['Strider'/25388, l='ServerLevel[world]', x=-347.00, y=31.00, z=-309.00] as it would cause deadlock
[02Sep2026 02:42:28.297] [Server thread/INFO] [com.p1nero.tcrcore.TCRCoreMod/]: Boss [Evening Ghost] 已限制对话开启挑战
[02Sep2026 02:42:32.034] [Worker-Main-10/WARN] [ModernFix/]: Skipped emitting ENTITY_MOUNT game event for entity Strider['Strider'/25758, l='ServerLevel[world]', x=-453.00, y=31.00, z=-74.00] as it would cause deadlock
[02Sep2026 02:42:32.035] [Worker-Main-10/WARN] [ModernFix/]: Skipped emitting ENTITY_MOUNT game event for entity Strider['Strider'/25760, l='ServerLevel[world]', x=-454.00, y=31.00, z=-72.00] as it would cause deadlock
[02Sep2026 02:42:34.970] [Server thread/INFO] [com.p1nero.tcrcore.TCRCoreMod/]: Boss [Evening Ghost] 已限制对话开启挑战
[02Sep2026 02:42:35.383] [Worker-Main-29/WARN] [ModernFix/]: Skipped emitting ENTITY_MOUNT game event for entity Strider['Strider'/25917, l='ServerLevel[world]', x=-74.00, y=31.00, z=-794.00] as it would cause deadlock
[02Sep2026 02:42:37.421] [Server thread/WARN] [net.minecraft.world.level.entity.PersistentEntitySectionManager/]: UUID of added entity already exists: BTMonolith['Nether Monolith'/26045, l='ServerLevel[world]', x=-357.50, y=36.00, z=67.50]
[02Sep2026 02:42:42.311] [Server thread/WARN] [net.minecraft.server.network.ServerGamePacketListenerImpl/]: Night Fury (vehicle of Rintor_SK) moved too quickly! -8.489263465984664,-5.815520566233282,3.032262942269753
[02Sep2026 02:42:42.312] [Server thread/WARN] [net.minecraft.server.network.ServerGamePacketListenerImpl/]: Night Fury (vehicle of Rintor_SK) moved too quickly! -9.28085480553159,-6.333518281013099,3.3145676402425295
[02Sep2026 02:42:42.312] [Server thread/WARN] [net.minecraft.server.network.ServerGamePacketListenerImpl/]: Night Fury (vehicle of Rintor_SK) moved too quickly! -10.0876554838581,-6.857137139729758,3.6022961798639273
[02Sep2026 02:42:42.313] [Server thread/WARN] [net.minecraft.server.network.ServerGamePacketListenerImpl/]: Night Fury (vehicle of Rintor_SK) moved too quickly! -10.909698217135372,-7.386316337414293,3.8954603529322185
[02Sep2026 02:42:42.313] [Server thread/WARN] [net.minecraft.server.network.ServerGamePacketListenerImpl/]: Night Fury (vehicle of Rintor_SK) moved too quickly! -11.750042590325506,-7.92055096191897,4.186258665599382
[02Sep2026 02:42:42.314] [Server thread/WARN] [net.minecraft.server.network.ServerGamePacketListenerImpl/]: Night Fury (vehicle of Rintor_SK) moved too quickly! -12.613671217298304,-8.456387985616963,4.466478468502871
[02Sep2026 02:42:42.314] [Server thread/WARN] [net.minecraft.server.network.ServerGamePacketListenerImpl/]: Night Fury (vehicle of Rintor_SK) moved too quickly! -13.499521454608782,-8.991743379425444,4.74337836620191
[02Sep2026 02:42:42.315] [Server thread/WARN] [net.minecraft.server.network.ServerGamePacketListenerImpl/]: Night Fury (vehicle of Rintor_SK) moved too quickly! -14.407652323838704,-9.525483389734553,5.018021847736279
[02Sep2026 02:42:42.316] [Server thread/WARN] [net.minecraft.server.network.ServerGamePacketListenerImpl/]: Night Fury (vehicle of Rintor_SK) moved too quickly! -15.337794574371173,-10.05534950938447,5.294760688413788
[02Sep2026 02:42:42.316] [Server thread/WARN] [net.minecraft.server.network.ServerGamePacketListenerImpl/]: Night Fury (vehicle of Rintor_SK) moved too quickly! -16.28940927306661,-10.580361616299797,5.575631100021766
[02Sep2026 02:42:42.318] [Server thread/WARN] [net.minecraft.server.network.ServerGamePacketListenerImpl/]: Night Fury (vehicle of Rintor_SK) moved too quickly! -17.261869440772273,-11.10006462089526,5.861536691161277
[02Sep2026 02:42:42.319] [Server thread/WARN] [net.minecraft.server.network.ServerGamePacketListenerImpl/]: Night Fury (vehicle of Rintor_SK) moved too quickly! -18.254530749358082,-11.614221468210644,6.152827873891766
[02Sep2026 02:42:42.419] [Server thread/WARN] [net.minecraft.server.network.ServerGamePacketListenerImpl/]: Night Fury (vehicle of Rintor_SK) moved too quickly! -11.553915247887915,-6.819498203840922,3.694219048406964
[02Sep2026 02:42:42.422] [Server thread/WARN] [net.minecraft.server.network.ServerGamePacketListenerImpl/]: Night Fury (vehicle of Rintor_SK) moved too quickly! -12.585331880590843,-7.3217073543144835,3.9964668649164707
[02Sep2026 02:42:45.977] [Worker-Main-1/WARN] [ModernFix/]: Skipped emitting ENTITY_MOUNT game event for entity Strider['Strider'/26442, l='ServerLevel[world]', x=-600.00, y=31.00, z=-139.00] as it would cause deadlock
[02Sep2026 02:43:00.069] [Server thread/INFO] [net.minecraft.server.MinecraftServer/]: [Rintor_SK: Teleported MadaraUchiha2909 to Rintor_SK]
[02Sep2026 02:45:03.937] [Server thread/INFO] [net.minecraft.server.MinecraftServer/]: [Rintor_SK: Set own game mode to Creative Mode]
[02Sep2026 02:45:12.610] [Server thread/INFO] [net.minecraft.server.MinecraftServer/]: [Rintor_SK: Set own game mode to Survival Mode]
[02Sep2026 02:45:30.792] [Server thread/WARN] [net.minecraft.server.network.ServerGamePacketListenerImpl/]: Night Fury (vehicle of Rintor_SK) moved wrongly! 0.25728634657417615
[02Sep2026 02:45:30.829] [Server thread/WARN] [net.minecraft.server.network.ServerGamePacketListenerImpl/]: Night Fury (vehicle of Rintor_SK) moved wrongly! 0.5537501535937963
[02Sep2026 02:45:30.880] [Server thread/WARN] [net.minecraft.server.network.ServerGamePacketListenerImpl/]: Night Fury (vehicle of Rintor_SK) moved wrongly! 0.2827442775935083
[02Sep2026 02:45:44.190] [Worker-Main-29/WARN] [ModernFix/]: Skipped emitting ENTITY_MOUNT game event for entity Strider['Strider'/27035, l='ServerLevel[world]', x=-445.00, y=31.00, z=313.00] as it would cause deadlock
[02Sep2026 02:45:45.042] [Worker-Main-29/WARN] [lithostitched/]: Non-existent template pool reference: minecraft:
[02Sep2026 02:45:45.042] [Worker-Main-29/WARN] [lithostitched/]: Non-existent template pool reference: minecraft:
[02Sep2026 02:45:45.044] [Worker-Main-29/WARN] [lithostitched/]: Non-existent template pool reference: minecraft:
[02Sep2026 02:45:45.045] [Worker-Main-29/WARN] [lithostitched/]: Non-existent template pool reference: minecraft:
[02Sep2026 02:46:31.368] [Server thread/INFO] [net.minecraft.server.MinecraftServer/]: [Rintor_SK: Teleported Rintor_SK to 624.500000, 37.500000, -367.500000]
[02Sep2026 02:46:50.067] [Server thread/WARN] [net.minecraft.world.level.entity.PersistentEntitySectionManager/]: UUID of added entity already exists: NightfuryEntity['Night Fury'/27923, l='ServerLevel[world]', x=-171.59, y=85.00, z=-178.10]
[02Sep2026 02:47:21.503] [Server thread/INFO] [net.minecraft.server.MinecraftServer/]: MadaraUchiha2909 was slain by Zombie
[02Sep2026 02:47:28.562] [Server thread/INFO] [com.yesman.epicskills.EpicSkills/]: wom:acrobat is disabled.
[02Sep2026 02:47:28.562] [Server thread/INFO] [com.yesman.epicskills.EpicSkills/]: epicskills:infernal_might is disabled.
[02Sep2026 02:47:28.563] [Server thread/WARN] [com.yesman.epicskills.EpicSkills/]: Unknown skill tree id: dodge_parry_reward:passive_old
[02Sep2026 02:47:28.563] [Server thread/INFO] [com.yesman.epicskills.EpicSkills/]: sword_soaring:sword_soaring_skills is disabled.
[02Sep2026 02:50:11.552] [Server thread/INFO] [net.minecraft.server.MinecraftServer/]: MadaraUchiha2909 was slain by Zombie
[02Sep2026 02:50:18.468] [Server thread/INFO] [com.yesman.epicskills.EpicSkills/]: wom:acrobat is disabled.
[02Sep2026 02:50:18.468] [Server thread/INFO] [com.yesman.epicskills.EpicSkills/]: epicskills:infernal_might is disabled.
[02Sep2026 02:50:18.468] [Server thread/WARN] [com.yesman.epicskills.EpicSkills/]: Unknown skill tree id: dodge_parry_reward:passive_old
[02Sep2026 02:50:18.468] [Server thread/INFO] [com.yesman.epicskills.EpicSkills/]: sword_soaring:sword_soaring_skills is disabled.
[02Sep2026 02:52:14.827] [Server thread/WARN] [net.minecraft.world.level.storage.loot.functions.SetItemDamageFunction/]: Couldn't set damage of loot item 1 crossbow
[02Sep2026 02:52:16.219] [Server thread/WARN] [net.minecraft.world.level.storage.loot.functions.SetItemDamageFunction/]: Couldn't set damage of loot item 1 crossbow
[02Sep2026 02:52:16.219] [Server thread/WARN] [net.minecraft.world.level.storage.loot.functions.SetItemDamageFunction/]: Couldn't set damage of loot item 1 crossbow
[02Sep2026 02:52:17.281] [Server thread/WARN] [net.minecraft.world.level.storage.loot.functions.SetItemDamageFunction/]: Couldn't set damage of loot item 1 crossbow
[02Sep2026 02:52:37.239] [Server thread/WARN] [net.minecraft.world.level.storage.loot.functions.SetItemDamageFunction/]: Couldn't set damage of loot item 1 flint_and_steel
[02Sep2026 02:52:56.827] [Server thread/INFO] [net.minecraft.server.MinecraftServer/]: [Rintor_SK: Teleported MadaraUchiha2909 to Rintor_SK]
[02Sep2026 02:58:16.454] [Server thread/WARN] [net.minecraft.world.level.entity.PersistentEntitySectionManager/]: UUID of added entity already exists: NightfuryEntity['Night Fury'/33758, l='ServerLevel[world]', x=-3.13, y=85.84, z=-407.61]
[02Sep2026 02:58:17.541] [Server thread/WARN] [net.minecraft.server.network.ServerGamePacketListenerImpl/]: Night Fury (vehicle of MadaraUchiha2909) moved wrongly! 1.2406427734346153
[02Sep2026 02:58:17.577] [Server thread/WARN] [net.minecraft.server.network.ServerGamePacketListenerImpl/]: Night Fury (vehicle of MadaraUchiha2909) moved wrongly! 0.8332106091243645
[02Sep2026 02:58:18.039] [Server thread/WARN] [net.minecraft.server.network.ServerGamePacketListenerImpl/]: Night Fury (vehicle of MadaraUchiha2909) moved wrongly! 0.4043312938296708
[02Sep2026 02:58:18.104] [Server thread/WARN] [net.minecraft.server.network.ServerGamePacketListenerImpl/]: Night Fury (vehicle of MadaraUchiha2909) moved wrongly! 0.8005759617827266
[02Sep2026 02:58:18.132] [Server thread/WARN] [net.minecraft.server.network.ServerGamePacketListenerImpl/]: Night Fury (vehicle of MadaraUchiha2909) moved wrongly! 1.3128823333146329
[02Sep2026 02:58:18.191] [Server thread/WARN] [net.minecraft.server.network.ServerGamePacketListenerImpl/]: Night Fury (vehicle of MadaraUchiha2909) moved wrongly! 1.8149425774158772
[02Sep2026 02:59:40.554] [Server thread/ERROR] [net.minecraft.Util/]: Invalid entity rotation: NaN, discarding.
[02Sep2026 03:01:04.269] [Server thread/INFO] [net.minecraft.server.MinecraftServer/]: [Rintor_SK: Teleported Rintor_SK to MadaraUchiha2909]
[02Sep2026 03:01:17.116] [Server thread/INFO] [net.minecraft.server.MinecraftServer/]: [Rintor_SK: Set spawn point to 581, 67, -343 [0.0] in minecraft:the_nether for Rintor_SK]
[02Sep2026 03:01:37.702] [Server thread/INFO] [net.minecraft.server.MinecraftServer/]: Rintor_SK was slain by Golden Executor
[02Sep2026 03:01:44.602] [Server thread/INFO] [com.yesman.epicskills.EpicSkills/]: wom:acrobat is disabled.
[02Sep2026 03:01:44.602] [Server thread/INFO] [com.yesman.epicskills.EpicSkills/]: epicskills:infernal_might is disabled.
[02Sep2026 03:01:44.602] [Server thread/WARN] [com.yesman.epicskills.EpicSkills/]: Unknown skill tree id: dodge_parry_reward:passive_old
[02Sep2026 03:01:44.602] [Server thread/INFO] [com.yesman.epicskills.EpicSkills/]: sword_soaring:sword_soaring_skills is disabled.
[02Sep2026 03:02:08.755] [Server thread/INFO] [net.minecraft.server.MinecraftServer/]: MadaraUchiha2909 was slain by Golden Executor
[02Sep2026 03:02:15.810] [Server thread/INFO] [com.yesman.epicskills.EpicSkills/]: wom:acrobat is disabled.
[02Sep2026 03:02:15.810] [Server thread/INFO] [com.yesman.epicskills.EpicSkills/]: epicskills:infernal_might is disabled.
[02Sep2026 03:02:15.811] [Server thread/WARN] [com.yesman.epicskills.EpicSkills/]: Unknown skill tree id: dodge_parry_reward:passive_old
[02Sep2026 03:02:15.811] [Server thread/INFO] [com.yesman.epicskills.EpicSkills/]: sword_soaring:sword_soaring_skills is disabled.
[02Sep2026 03:02:21.627] [Server thread/INFO] [net.minecraft.server.MinecraftServer/]: [Rintor_SK: Teleported MadaraUchiha2909 to Rintor_SK]
[02Sep2026 03:02:55.300] [Server thread/INFO] [net.minecraft.server.MinecraftServer/]: Rintor_SK was slain by Golden Executor
[02Sep2026 03:02:56.449] [Server thread/INFO] [net.minecraft.server.MinecraftServer/]: MadaraUchiha2909 was slain by Golden Executor
[02Sep2026 03:03:03.722] [Server thread/INFO] [com.yesman.epicskills.EpicSkills/]: wom:acrobat is disabled.
[02Sep2026 03:03:03.722] [Server thread/INFO] [com.yesman.epicskills.EpicSkills/]: epicskills:infernal_might is disabled.
[02Sep2026 03:03:03.722] [Server thread/WARN] [com.yesman.epicskills.EpicSkills/]: Unknown skill tree id: dodge_parry_reward:passive_old
[02Sep2026 03:03:03.722] [Server thread/INFO] [com.yesman.epicskills.EpicSkills/]: sword_soaring:sword_soaring_skills is disabled.
[02Sep2026 03:03:05.271] [Server thread/INFO] [com.yesman.epicskills.EpicSkills/]: wom:acrobat is disabled.
[02Sep2026 03:03:05.271] [Server thread/INFO] [com.yesman.epicskills.EpicSkills/]: epicskills:infernal_might is disabled.
[02Sep2026 03:03:05.272] [Server thread/WARN] [com.yesman.epicskills.EpicSkills/]: Unknown skill tree id: dodge_parry_reward:passive_old
[02Sep2026 03:03:05.272] [Server thread/INFO] [com.yesman.epicskills.EpicSkills/]: sword_soaring:sword_soaring_skills is disabled.
[02Sep2026 03:03:15.107] [Server thread/INFO] [net.minecraft.server.MinecraftServer/]: Rintor_SK was slain by Golden Executor
[02Sep2026 03:03:22.719] [Server thread/INFO] [com.yesman.epicskills.EpicSkills/]: wom:acrobat is disabled.
[02Sep2026 03:03:22.719] [Server thread/INFO] [com.yesman.epicskills.EpicSkills/]: epicskills:infernal_might is disabled.
[02Sep2026 03:03:22.720] [Server thread/WARN] [com.yesman.epicskills.EpicSkills/]: Unknown skill tree id: dodge_parry_reward:passive_old
[02Sep2026 03:03:22.720] [Server thread/INFO] [com.yesman.epicskills.EpicSkills/]: sword_soaring:sword_soaring_skills is disabled.
[02Sep2026 03:03:37.299] [Server thread/INFO] [net.minecraft.server.MinecraftServer/]: MadaraUchiha2909 was slain by Golden Executor
[02Sep2026 03:03:44.287] [Server thread/INFO] [com.yesman.epicskills.EpicSkills/]: wom:acrobat is disabled.
[02Sep2026 03:03:44.288] [Server thread/INFO] [com.yesman.epicskills.EpicSkills/]: epicskills:infernal_might is disabled.
[02Sep2026 03:03:44.288] [Server thread/WARN] [com.yesman.epicskills.EpicSkills/]: Unknown skill tree id: dodge_parry_reward:passive_old
[02Sep2026 03:03:44.288] [Server thread/INFO] [com.yesman.epicskills.EpicSkills/]: sword_soaring:sword_soaring_skills is disabled.
[02Sep2026 03:04:20.017] [Server thread/INFO] [net.minecraft.server.MinecraftServer/]: Rintor_SK was obliterated by Golden Executor's fireball
[02Sep2026 03:04:26.565] [Server thread/INFO] [com.yesman.epicskills.EpicSkills/]: wom:acrobat is disabled.
[02Sep2026 03:04:26.565] [Server thread/INFO] [com.yesman.epicskills.EpicSkills/]: epicskills:infernal_might is disabled.
[02Sep2026 03:04:26.565] [Server thread/WARN] [com.yesman.epicskills.EpicSkills/]: Unknown skill tree id: dodge_parry_reward:passive_old
[02Sep2026 03:04:26.565] [Server thread/INFO] [com.yesman.epicskills.EpicSkills/]: sword_soaring:sword_soaring_skills is disabled.
[02Sep2026 03:04:28.267] [Server thread/INFO] [net.minecraft.server.MinecraftServer/]: [Rintor_SK: Teleported MadaraUchiha2909 to Rintor_SK]
[02Sep2026 03:05:14.749] [Server thread/INFO] [net.minecraft.server.MinecraftServer/]: Rintor_SK was slain by Golden Executor
[02Sep2026 03:05:21.306] [Server thread/INFO] [com.yesman.epicskills.EpicSkills/]: wom:acrobat is disabled.
[02Sep2026 03:05:21.307] [Server thread/INFO] [com.yesman.epicskills.EpicSkills/]: epicskills:infernal_might is disabled.
[02Sep2026 03:05:21.307] [Server thread/WARN] [com.yesman.epicskills.EpicSkills/]: Unknown skill tree id: dodge_parry_reward:passive_old
[02Sep2026 03:05:21.307] [Server thread/INFO] [com.yesman.epicskills.EpicSkills/]: sword_soaring:sword_soaring_skills is disabled.
[02Sep2026 03:05:23.749] [Server thread/INFO] [net.minecraft.server.MinecraftServer/]: MadaraUchiha2909 was slain by Golden Executor
[02Sep2026 03:05:31.942] [Server thread/INFO] [com.yesman.epicskills.EpicSkills/]: wom:acrobat is disabled.
[02Sep2026 03:05:31.942] [Server thread/INFO] [com.yesman.epicskills.EpicSkills/]: epicskills:infernal_might is disabled.
[02Sep2026 03:05:31.943] [Server thread/WARN] [com.yesman.epicskills.EpicSkills/]: Unknown skill tree id: dodge_parry_reward:passive_old
[02Sep2026 03:05:31.943] [Server thread/INFO] [com.yesman.epicskills.EpicSkills/]: sword_soaring:sword_soaring_skills is disabled.
[02Sep2026 03:05:37.213] [Server thread/INFO] [net.minecraft.server.MinecraftServer/]: Rintor_SK was slain by Golden Executor
[02Sep2026 03:05:43.863] [Server thread/INFO] [com.yesman.epicskills.EpicSkills/]: wom:acrobat is disabled.
[02Sep2026 03:05:43.863] [Server thread/INFO] [com.yesman.epicskills.EpicSkills/]: epicskills:infernal_might is disabled.
[02Sep2026 03:05:43.863] [Server thread/WARN] [com.yesman.epicskills.EpicSkills/]: Unknown skill tree id: dodge_parry_reward:passive_old
[02Sep2026 03:05:43.863] [Server thread/INFO] [com.yesman.epicskills.EpicSkills/]: sword_soaring:sword_soaring_skills is disabled.
[02Sep2026 03:06:09.906] [Server thread/INFO] [net.minecraft.server.MinecraftServer/]: Rintor_SK was obliterated by Golden Executor's fireball
[02Sep2026 03:06:17.539] [Server thread/INFO] [com.yesman.epicskills.EpicSkills/]: wom:acrobat is disabled.
[02Sep2026 03:06:17.539] [Server thread/INFO] [com.yesman.epicskills.EpicSkills/]: epicskills:infernal_might is disabled.
[02Sep2026 03:06:17.539] [Server thread/WARN] [com.yesman.epicskills.EpicSkills/]: Unknown skill tree id: dodge_parry_reward:passive_old
[02Sep2026 03:06:17.539] [Server thread/INFO] [com.yesman.epicskills.EpicSkills/]: sword_soaring:sword_soaring_skills is disabled.
[02Sep2026 03:06:37.399] [Server thread/INFO] [net.minecraft.server.MinecraftServer/]: MadaraUchiha2909 was slain by Golden Executor
[02Sep2026 03:06:45.468] [Server thread/INFO] [com.yesman.epicskills.EpicSkills/]: wom:acrobat is disabled.
[02Sep2026 03:06:45.469] [Server thread/INFO] [com.yesman.epicskills.EpicSkills/]: epicskills:infernal_might is disabled.
[02Sep2026 03:06:45.469] [Server thread/WARN] [com.yesman.epicskills.EpicSkills/]: Unknown skill tree id: dodge_parry_reward:passive_old
[02Sep2026 03:06:45.469] [Server thread/INFO] [com.yesman.epicskills.EpicSkills/]: sword_soaring:sword_soaring_skills is disabled.
[02Sep2026 03:07:26.749] [Server thread/INFO] [net.minecraft.server.MinecraftServer/]: MadaraUchiha2909 was slain by Golden Executor
[02Sep2026 03:07:33.802] [Server thread/INFO] [com.yesman.epicskills.EpicSkills/]: wom:acrobat is disabled.
[02Sep2026 03:07:33.802] [Server thread/INFO] [com.yesman.epicskills.EpicSkills/]: epicskills:infernal_might is disabled.
[02Sep2026 03:07:33.802] [Server thread/WARN] [com.yesman.epicskills.EpicSkills/]: Unknown skill tree id: dodge_parry_reward:passive_old
[02Sep2026 03:07:33.802] [Server thread/INFO] [com.yesman.epicskills.EpicSkills/]: sword_soaring:sword_soaring_skills is disabled.
[02Sep2026 03:07:49.057] [Server thread/INFO] [net.minecraft.server.MinecraftServer/]: [Rintor_SK: Teleported MadaraUchiha2909 to Rintor_SK]
[02Sep2026 03:08:13.407] [Server thread/INFO] [net.minecraft.server.MinecraftServer/]: Rintor_SK was obliterated by Golden Executor's fireball
[02Sep2026 03:08:19.957] [Server thread/INFO] [com.yesman.epicskills.EpicSkills/]: wom:acrobat is disabled.
[02Sep2026 03:08:19.957] [Server thread/INFO] [com.yesman.epicskills.EpicSkills/]: epicskills:infernal_might is disabled.
[02Sep2026 03:08:19.957] [Server thread/WARN] [com.yesman.epicskills.EpicSkills/]: Unknown skill tree id: dodge_parry_reward:passive_old
[02Sep2026 03:08:19.957] [Server thread/INFO] [com.yesman.epicskills.EpicSkills/]: sword_soaring:sword_soaring_skills is disabled.
[02Sep2026 03:08:22.907] [Server thread/INFO] [net.minecraft.server.MinecraftServer/]: MadaraUchiha2909 was obliterated by Golden Executor's fireball
[02Sep2026 03:08:23.753] [Server thread/INFO] [net.minecraft.server.MinecraftServer/]: [Rintor_SK: Set own game mode to Creative Mode]
[02Sep2026 03:08:30.019] [Server thread/INFO] [com.yesman.epicskills.EpicSkills/]: wom:acrobat is disabled.
[02Sep2026 03:08:30.019] [Server thread/INFO] [com.yesman.epicskills.EpicSkills/]: epicskills:infernal_might is disabled.
[02Sep2026 03:08:30.019] [Server thread/WARN] [com.yesman.epicskills.EpicSkills/]: Unknown skill tree id: dodge_parry_reward:passive_old
[02Sep2026 03:08:30.019] [Server thread/INFO] [com.yesman.epicskills.EpicSkills/]: sword_soaring:sword_soaring_skills is disabled.
[02Sep2026 03:08:32.205] [Server thread/INFO] [net.minecraft.server.MinecraftServer/]: [Rintor_SK: Teleported MadaraUchiha2909 to Rintor_SK]
[02Sep2026 03:08:42.130] [Server thread/INFO] [net.minecraft.server.MinecraftServer/]: [Rintor_SK: Set own game mode to Survival Mode]
[02Sep2026 03:08:50.048] [Server thread/INFO] [net.minecraft.server.MinecraftServer/]: MadaraUchiha2909 was slain by Golden Executor
[02Sep2026 03:08:56.923] [Server thread/INFO] [com.yesman.epicskills.EpicSkills/]: wom:acrobat is disabled.
[02Sep2026 03:08:56.923] [Server thread/INFO] [com.yesman.epicskills.EpicSkills/]: epicskills:infernal_might is disabled.
[02Sep2026 03:08:56.923] [Server thread/WARN] [com.yesman.epicskills.EpicSkills/]: Unknown skill tree id: dodge_parry_reward:passive_old
[02Sep2026 03:08:56.923] [Server thread/INFO] [com.yesman.epicskills.EpicSkills/]: sword_soaring:sword_soaring_skills is disabled.
[02Sep2026 03:08:58.509] [Server thread/INFO] [net.minecraft.server.MinecraftServer/]: Rintor_SK was slain by Golden Executor
[02Sep2026 03:09:05.271] [Server thread/INFO] [com.yesman.epicskills.EpicSkills/]: wom:acrobat is disabled.
[02Sep2026 03:09:05.271] [Server thread/INFO] [com.yesman.epicskills.EpicSkills/]: epicskills:infernal_might is disabled.
[02Sep2026 03:09:05.271] [Server thread/WARN] [com.yesman.epicskills.EpicSkills/]: Unknown skill tree id: dodge_parry_reward:passive_old
[02Sep2026 03:09:05.271] [Server thread/INFO] [com.yesman.epicskills.EpicSkills/]: sword_soaring:sword_soaring_skills is disabled.
[02Sep2026 03:10:15.750] [Server thread/INFO] [net.minecraft.server.MinecraftServer/]: Rintor_SK was slain by Golden Executor
[02Sep2026 03:10:22.699] [Server thread/INFO] [com.yesman.epicskills.EpicSkills/]: wom:acrobat is disabled.
[02Sep2026 03:10:22.699] [Server thread/INFO] [com.yesman.epicskills.EpicSkills/]: epicskills:infernal_might is disabled.
[02Sep2026 03:10:22.699] [Server thread/WARN] [com.yesman.epicskills.EpicSkills/]: Unknown skill tree id: dodge_parry_reward:passive_old
[02Sep2026 03:10:22.699] [Server thread/INFO] [com.yesman.epicskills.EpicSkills/]: sword_soaring:sword_soaring_skills is disabled.
[02Sep2026 03:10:31.599] [Server thread/INFO] [net.minecraft.server.MinecraftServer/]: MadaraUchiha2909 was slain by Golden Executor
[02Sep2026 03:10:38.701] [Server thread/INFO] [com.yesman.epicskills.EpicSkills/]: wom:acrobat is disabled.
[02Sep2026 03:10:38.701] [Server thread/INFO] [com.yesman.epicskills.EpicSkills/]: epicskills:infernal_might is disabled.
[02Sep2026 03:10:38.701] [Server thread/WARN] [com.yesman.epicskills.EpicSkills/]: Unknown skill tree id: dodge_parry_reward:passive_old
[02Sep2026 03:10:38.701] [Server thread/INFO] [com.yesman.epicskills.EpicSkills/]: sword_soaring:sword_soaring_skills is disabled.
[02Sep2026 03:10:50.857] [Server thread/INFO] [net.minecraft.server.MinecraftServer/]: Rintor_SK was slain by Golden Executor
[02Sep2026 03:10:57.439] [Server thread/INFO] [com.yesman.epicskills.EpicSkills/]: wom:acrobat is disabled.
[02Sep2026 03:10:57.439] [Server thread/INFO] [com.yesman.epicskills.EpicSkills/]: epicskills:infernal_might is disabled.
[02Sep2026 03:10:57.439] [Server thread/WARN] [com.yesman.epicskills.EpicSkills/]: Unknown skill tree id: dodge_parry_reward:passive_old
[02Sep2026 03:10:57.439] [Server thread/INFO] [com.yesman.epicskills.EpicSkills/]: sword_soaring:sword_soaring_skills is disabled.
[02Sep2026 03:11:13.049] [Server thread/INFO] [net.minecraft.server.MinecraftServer/]: MadaraUchiha2909 was slain by Golden Executor
[02Sep2026 03:11:20.651] [Server thread/INFO] [com.yesman.epicskills.EpicSkills/]: wom:acrobat is disabled.
[02Sep2026 03:11:20.651] [Server thread/INFO] [com.yesman.epicskills.EpicSkills/]: epicskills:infernal_might is disabled.
[02Sep2026 03:11:20.652] [Server thread/WARN] [com.yesman.epicskills.EpicSkills/]: Unknown skill tree id: dodge_parry_reward:passive_old
[02Sep2026 03:11:20.652] [Server thread/INFO] [com.yesman.epicskills.EpicSkills/]: sword_soaring:sword_soaring_skills is disabled.
[02Sep2026 03:11:27.860] [Server thread/INFO] [net.minecraft.server.MinecraftServer/]: Rintor_SK was slain by Golden Executor
[02Sep2026 03:11:34.678] [Server thread/INFO] [com.yesman.epicskills.EpicSkills/]: wom:acrobat is disabled.
[02Sep2026 03:11:34.678] [Server thread/INFO] [com.yesman.epicskills.EpicSkills/]: epicskills:infernal_might is disabled.
[02Sep2026 03:11:34.678] [Server thread/WARN] [com.yesman.epicskills.EpicSkills/]: Unknown skill tree id: dodge_parry_reward:passive_old
[02Sep2026 03:11:34.678] [Server thread/INFO] [com.yesman.epicskills.EpicSkills/]: sword_soaring:sword_soaring_skills is disabled.
[02Sep2026 03:11:45.317] [Server thread/INFO] [net.minecraft.server.network.ServerGamePacketListenerImpl/]: MadaraUchiha2909 lost connection: Disconnected
[02Sep2026 03:11:45.317] [Server thread/INFO] [net.minecraft.server.MinecraftServer/]: MadaraUchiha2909 left the game
[02Sep2026 03:12:57.949] [Server thread/INFO] [net.minecraft.server.MinecraftServer/]: Rintor_SK was slain by Golden Executor
[02Sep2026 03:13:04.417] [Server thread/INFO] [com.yesman.epicskills.EpicSkills/]: wom:acrobat is disabled.
[02Sep2026 03:13:04.417] [Server thread/INFO] [com.yesman.epicskills.EpicSkills/]: epicskills:infernal_might is disabled.
[02Sep2026 03:13:04.417] [Server thread/WARN] [com.yesman.epicskills.EpicSkills/]: Unknown skill tree id: dodge_parry_reward:passive_old
[02Sep2026 03:13:04.417] [Server thread/INFO] [com.yesman.epicskills.EpicSkills/]: sword_soaring:sword_soaring_skills is disabled.
[02Sep2026 03:13:09.119] [Server thread/INFO] [net.minecraft.server.MinecraftServer/]: [Rintor_SK: Set own game mode to Creative Mode]
